Loan ID,Borrower ID,branch,Disbursement Date,Disbursement Amount,Savings,Salary,Interest Rate,n_guarantors,label,outcome
Loan2617805,Client61671,Gasabo,2022-01-03,950000,193780,113441,13,2,0,Normal
Loan2617915,Client44718,Gasabo,2022-01-03,830000,2084870,289603,13,2,0,Normal
Loan2618915,Client3721,Rubavu,2022-01-04,593000,510235,171859,13,3,0,Normal
Loan2618917,Client63974,Rubavu,2022-01-04,1039000,251712,142657,13,3,0,Normal
Loan2619455,Client30252,Nyarugenge,2022-01-05,1450000,543535,203035,13,2,0,Normal
Loan2619570,Client31585,Rusizi,2022-01-05,2700000,1950466,241518,13,2,0,Normal
Loan2619812,Client119430,Rubavu,2022-01-05,2440000,249569,232545,13,4,0,Normal
Loan2619917,Client350,Rusizi,2022-01-05,1320000,956580,138260,13,3,0,Normal
Loan2620490,Client56874,Rusizi,2022-01-06,2140000,908424,249265,13,3,0,Normal
Loan2620593,Client164692,Nyagatare,2022-01-06,800000,323064,214000,14,3,0,Normal
Loan2620693,Client18702,Rubavu,2022-01-06,1105000,100116,149249,13,3,0,Normal
Loan2620754,Client2421,Rubavu,2022-01-06,3265000,2256302,286871,13,2,0,Normal
Loan2620944,Client24858,Rutsiro,2022-01-07,1039000,227047,119766,13,2,0,Normal
Loan2621267,Client3555,Ngororero,2022-01-07,2720000,517451,304558,13,3,0,Normal
Loan2621708,Client105267,Nyagatare,2022-01-07,930000,99189,125172,13,3,0,Normal
Loan2622124,Client130077,Nyamagabe,2022-01-10,2380000,187802,199197,13,3,0,Normal
Loan2622355,Client26053,Ngororero,2022-01-10,1230000,371388,259885,13,3,0,Normal
Loan2622543,Client404,HQ,2022-01-10,6000000,434447,242897,11,1,0,Normal
Loan2622810,Client104085,Nyamagabe,2022-01-11,2270000,1123488,135660,13,3,1,Written off
Loan2622946,Client92800,Rusizi,2022-01-11,820000,347094,131385,13,3,0,Normal
Loan2623129,Client104321,Nyagatare,2022-01-11,3500000,2145811,290385,14,3,0,Normal
Loan2623198,Client2413,Rutsiro,2022-01-11,400000,402692,156037,13,2,0,Normal
Loan2623271,Client75998,Rubavu,2022-01-11,2600000,1475991,164195,13,3,0,Normal
Loan2623547,Client5575,Rusizi,2022-01-12,1160000,739810,148698,13,3,0,Normal
Loan2623867,Client80686,Rusizi,2022-01-13,950000,473502,113164,13,2,0,Normal
Loan2623960,Client51892,Nyagatare,2022-01-13,1130000,311210,175070,14,2,1,Written off
Loan2624109,Client75455,Rusizi,2022-01-13,3500000,2776067,228208,14,2,0,Normal
Loan2624190,Client100156,Rusizi,2022-01-13,2500000,1583882,245603,13,3,0,Normal
Loan2624197,Client15691,Kicukiro,2022-01-13,2760000,417674,277770,13,2,0,Normal
Loan2624335,Client121614,Nyarugenge,2022-01-14,750000,158791,122051,13,2,0,Normal
Loan2624387,Client63055,Nyamagabe,2022-01-14,750000,70195,116849,13,2,0,Normal
Loan2624479,Client66839,Rubavu,2022-01-14,930000,110181,112993,13,3,0,Normal
Loan2624529,Client121910,Gasabo,2022-01-14,2430000,612057,231690,13,3,0,Normal
Loan2624630,Client80103,Gasabo,2022-01-14,2230000,585789,242442,13,3,0,Normal
Loan2624989,Client28949,Gasabo,2022-01-17,1300000,750650,136630,13,3,0,Normal
Loan2624991,Client64700,Rusizi,2022-01-17,2540000,214863,224201,13,3,0,Normal
Loan2625015,Client17182,Kicukiro,2022-01-17,1220000,994361,131374,13,2,0,Normal
Loan2625154,Client4219,Gasabo,2022-01-18,1150000,759903,126996,13,3,0,Normal
Loan2625217,Client132859,Kicukiro,2022-01-18,2480000,198746,222482,13,2,0,Normal
Loan2625232,Client56581,Nyagatare,2022-01-18,940000,290267,110730,13,2,0,Normal
Loan2625574,Client101259,Nyarugenge,2022-01-19,1060000,758223,138396,13,2,0,Normal
Loan2625576,Client142027,Ngororero,2022-01-19,1900000,353729,202716,13,3,0,Normal
Loan2625613,Client152218,Nyagatare,2022-01-19,600000,10983,136080,14,2,1,Written off
Loan2625796,Client18045,Gasabo,2022-01-20,1100000,946165,125462,13,2,0,Normal
Loan2625816,Client129756,Rusizi,2022-01-20,700000,370426,96370,13,2,0,Normal
Loan2625896,Client132448,Kicukiro,2022-01-20,2470000,240903,220765,13,2,0,Normal
Loan2625981,Client133966,Rubavu,2022-01-20,700000,61117,117794,13,3,0,Normal
Loan2625991,Client118193,Rutsiro,2022-01-20,613000,371631,175922,13,3,0,Normal
Loan2626210,Client132652,Nyamagabe,2022-01-21,750000,132553,100515,13,2,0,Normal
Loan2626331,Client125559,Nyamagabe,2022-01-21,2400000,105597,270431,13,2,0,Normal
Loan2626386,Client37125,Gasabo,2022-01-21,2640000,780278,270626,13,2,0,Normal
Loan2626463,Client123128,Nyanza,2022-01-21,770000,80040,95291,13,2,0,Normal
Loan2626965,Client128697,Nyagatare,2022-01-24,2420000,965768,226317,13,3,0,Normal
Loan2627126,Client23490,Rusizi,2022-01-24,2310000,156799,286016,13,3,0,Normal
Loan2627152,Client66168,Ngororero,2022-01-24,1120000,374144,177967,14,1,0,Normal
Loan2627483,Client113305,Nyanza,2022-01-25,2140000,811505,202721,13,2,0,Normal
Loan2627493,Client133912,Nyagatare,2022-01-25,2400000,297799,226317,13,3,0,Normal
Loan2627597,Client113396,Rusizi,2022-01-25,3500000,504768,317744,13,2,0,Normal
Loan2627648,Client118281,Rubavu,2022-01-25,800000,513486,107377,13,2,0,Normal
Loan2627688,Client163838,Nyarugenge,2022-01-25,1120000,388005,77000,14,3,0,Normal
Loan2627747,Client73512,Nyagatare,2022-01-25,1000000,233826,110976,13,2,0,Normal
Loan2627924,Client30986,Rubavu,2022-01-26,1520000,360521,151889,13,3,0,Normal
Loan2627975,Client91037,Nyamagabe,2022-01-26,2300000,1270944,205850,13,3,0,Normal
Loan2628094,Client13087,Nyanza,2022-01-26,1040000,267543,123356,13,3,0,Normal
Loan2628129,Client47310,Ngororero,2022-01-26,880000,529969,127535,13,3,0,Normal
Loan2628161,Client3569,Ngororero,2022-01-26,900000,710148,126996,13,3,0,Normal
Loan2628261,Client50334,Rusizi,2022-01-26,955000,236067,125684,13,3,0,Normal
Loan2628303,Client126277,Kicukiro,2022-01-26,2050000,82750,175070,14,2,1,Written off
Loan2628329,Client31288,Rubavu,2022-01-26,1760000,612404,164152,13,2,0,Normal
Loan2628479,Client99362,Nyamagabe,2022-01-27,870000,205016,103337,13,3,0,Normal
Loan2628587,Client103737,Nyanza,2022-01-27,2550000,1705513,322503,13,3,0,Normal
Loan2628794,Client64936,Rusizi,2022-01-27,3300000,2493776,295524,14,2,0,Normal
Loan2629304,Client111121,Gasabo,2022-01-28,2200000,140682,206465,13,2,0,Normal
Loan2629650,Client101340,Gasabo,2022-01-28,2140000,117272,272861,13,1,0,Normal
Loan2630145,Client130312,Nyarugenge,2022-01-31,800000,388921,110798,13,2,0,Normal
Loan2630297,Client142067,Ngororero,2022-01-31,750000,260526,101120,13,3,0,Normal
Loan2630417,Client82902,Gasabo,2022-01-31,2760000,484953,152854,14,2,0,Normal
Loan2631098,Client63065,Gasabo,2022-02-02,910000,145316,134710,13,2,0,Normal
Loan2631230,Client158273,Nyagatare,2022-02-02,690000,724583,228485,13,2,1,Written off
Loan2631256,Client48069,Nyagatare,2022-02-02,2400000,1020187,270381,13,2,0,Normal
Loan2631455,Client132288,Nyagatare,2022-02-02,750000,77181,98962,13,3,0,Normal
Loan2632882,Client88792,Kicukiro,2022-02-03,1000000,249402,216900,14,2,0,Normal
Loan2632891,Client44791,Kicukiro,2022-02-03,1100000,388915,200529,13,2,0,Normal
Loan2633024,Client14278,Rubavu,2022-02-03,2860000,892647,240089,13,2,0,Normal
Loan2633046,Client109459,Rubavu,2022-02-03,2410000,1421407,277012,13,2,0,Normal
Loan2633182,Client29674,Kicukiro,2022-02-03,1540000,263772,107890,14,2,0,Normal
Loan2633190,Client133916,Rubavu,2022-02-03,775000,265950,139367,13,3,1,Written off
Loan2633207,Client64649,Rusizi,2022-02-03,2500000,2367341,340334,14,2,0,Normal
Loan2633635,Client163529,Gasabo,2022-02-04,1800000,103503,175070,14,3,1,Written off
Loan2633689,Client172753,Kicukiro,2022-02-04,1500000,103503,175070,14,3,1,Written off
Loan2633821,Client166195,Nyarugenge,2022-02-04,3500000,449658,221970,14,1,0,Normal
Loan2633876,Client163482,Nyagatare,2022-02-04,1090000,187360,221970,14,3,0,Normal
Loan2633884,Client65465,Gasabo,2022-02-04,1600000,483436,221970,14,3,0,Normal
Loan2633898,Client108559,Rubavu,2022-02-04,865000,451870,107377,13,3,0,Normal
Loan2633995,Client76022,Rubavu,2022-02-07,2470000,309323,225198,13,2,0,Normal
Loan2634066,Client3585,Ngororero,2022-02-07,1900000,1344333,176212,13,2,0,Normal
Loan2634109,Client100176,Nyanza,2022-02-07,2900000,219825,271357,13,2,0,Normal
Loan2634444,Client133892,Rubavu,2022-02-07,2200000,702600,271335,13,3,0,Normal
Loan2634701,Client166023,Nyagatare,2022-02-08,950000,185505,175070,14,3,1,Written off
Loan2634770,Client135173,Kicukiro,2022-02-08,680000,140310,221970,14,2,0,Normal
Loan2634884,Client159422,Kicukiro,2022-02-08,1170000,309131,216900,14,3,0,Normal
Loan2635040,Client70295,Ngororero,2022-02-09,750000,434446,102648,13,3,0,Normal
Loan2635165,Client10442,Gasabo,2022-02-09,1000000,493223,251958,13,3,0,Normal
Loan2635188,Client77773,Rutsiro,2022-02-09,2700000,1913361,268726,13,2,0,Normal
Loan2635215,Client24795,Rusizi,2022-02-09,1000000,210162,116401,13,3,0,Normal
Loan2635265,Client40293,Ngororero,2022-02-09,1000000,85057,123301,13,3,0,Normal
Loan2635297,Client124549,Rusizi,2022-02-09,730000,223953,98270,13,3,0,Normal
Loan2635373,Client126572,Nyagatare,2022-02-09,2400000,682384,226317,13,3,0,Normal
Loan2635479,Client166864,Nyanza,2022-02-10,199000,878516,233280,13,1,1,Written off
Loan2635594,Client86851,Nyanza,2022-02-10,2240000,991216,202716,13,2,0,Normal
Loan2635739,Client43579,Rusizi,2022-02-10,970000,811154,114501,13,2,0,Normal
Loan2636003,Client44183,Nyagatare,2022-02-11,2590000,471682,264303,13,3,0,Normal
Loan2636357,Client119853,Rubavu,2022-02-11,1970000,449658,221970,14,1,0,Normal
Loan2636395,Client73529,Nyarugenge,2022-02-11,2400000,388621,228803,13,2,0,Normal
Loan2636717,Client46190,Nyanza,2022-02-14,3870000,438565,306000,13,1,0,Normal
Loan2636882,Client124680,Nyarugenge,2022-02-14,1390000,34722,129549,13,3,0,Normal
Loan2636968,Client97076,Rusizi,2022-02-15,900000,623653,108993,13,2,0,Normal
Loan2637202,Client163762,Nyarugenge,2022-02-15,3480000,136793,175070,14,2,1,Written off
Loan2637262,Client173126,Gasabo,2022-02-15,1360000,129789,220365,14,2,0,Normal
Loan2637502,Client140558,Rubavu,2022-02-16,1895000,126673,190468,13,3,0,Normal
Loan2637584,Client79043,Rusizi,2022-02-16,955000,697182,113164,13,2,0,Normal
Loan2638734,Client28173,Nyamagabe,2022-02-17,1600000,653495,192042,13,2,0,Normal
Loan2638739,Client29597,Nyanza,2022-02-17,1160000,95760,129630,13,2,0,Normal
Loan2638809,Client77736,Rutsiro,2022-02-17,2320000,690960,209813,13,2,0,Normal
Loan2638837,Client79018,Rusizi,2022-02-17,2560000,1883076,263212,13,2,0,Normal
Loan2638900,Client54109,Rubavu,2022-02-17,2993000,493629,268446,13,2,0,Normal
Loan2639154,Client121775,Nyanza,2022-02-18,1875000,943209,227532,13,3,0,Normal
Loan2640346,Client10804,Rubavu,2022-02-18,1277000,544218,138107,13,3,0,Normal
Loan2640499,Client134040,Ngororero,2022-02-21,665000,242787,94109,13,3,0,Normal
Loan2640566,Client158549,Gasabo,2022-02-21,3500000,1225145,278871,14,2,0,Normal
Loan2640714,Client119315,Rusizi,2022-02-21,2000000,1018993,172843,13,3,0,Normal
Loan2640928,Client173102,Kicukiro,2022-02-22,680000,50871,115100,14,3,0,Normal
Loan2641077,Client79021,Rusizi,2022-02-22,950000,232618,136135,13,2,0,Normal
Loan2641216,Client77351,Nyanza,2022-02-23,2980000,248128,266345,13,3,0,Normal
Loan2641249,Client60500,Nyarugenge,2022-02-23,1030000,239829,119766,13,2,0,Normal
Loan2641255,Client132291,Rusizi,2022-02-23,1910000,246366,181305,13,3,0,Normal
Loan2641271,Client48552,Gasabo,2022-02-23,869000,472726,107831,13,2,0,Normal
Loan2641340,Client7623,Rubavu,2022-02-23,1320000,861719,138107,13,2,0,Normal
Loan2641430,Client70292,Ngororero,2022-02-23,440000,1396007,205965,13,2,0,Normal
Loan2641642,Client45992,Nyanza,2022-02-24,2100000,1097189,194380,13,3,0,Normal
Loan2641694,Client49153,Kicukiro,2022-02-24,2430000,259205,231464,13,3,0,Normal
Loan2641854,Client164253,Rubavu,2022-02-24,3500000,120493,175070,14,3,1,Written off
Loan2641857,Client164251,Rubavu,2022-02-24,3500000,120493,175070,14,3,1,Written off
Loan2642064,Client134808,Nyarugenge,2022-02-24,2130000,919854,196698,14,2,1,Written off
Loan2642164,Client49756,Nyanza,2022-02-25,285000,14135,241030,14,2,1,Written off
Loan2642366,Client134369,Kicukiro,2022-02-25,2300000,182432,165559,14,2,0,Normal
Loan2642417,Client68109,Gasabo,2022-02-25,2100000,2003798,307615,13,3,0,Normal
Loan2642465,Client123451,Rutsiro,2022-02-25,750000,49753,103935,13,3,0,Normal
Loan2642590,Client79229,Rubavu,2022-02-25,1300000,891405,171330,13,2,0,Normal
Loan2643703,Client122758,Nyarugenge,2022-02-25,780000,60140,251958,13,3,0,Normal
Loan2643758,Client124452,Nyarugenge,2022-02-25,600000,105432,92613,13,2,0,Normal
Loan2643831,Client130093,Gasabo,2022-02-28,2135000,131929,241203,13,3,0,Normal
Loan2644057,Client133974,Ngororero,2022-02-28,775000,365942,101234,13,2,0,Normal
Loan2644084,Client4666,Ngororero,2022-02-28,1200000,587967,142253,13,2,0,Normal
Loan2644123,Client47332,Ngororero,2022-02-28,2780000,1151433,254924,13,2,0,Normal
Loan2644169,Client127343,Rubavu,2022-02-28,2310000,644314,197147,13,3,0,Normal
Loan2644208,Client58844,Rusizi,2022-02-28,770000,67329,137560,13,3,0,Normal
Loan2644257,Client60056,Rubavu,2022-02-28,950000,605724,112993,13,2,0,Normal
Loan2644385,Client48126,Nyagatare,2022-02-28,1700000,171593,215686,13,2,0,Normal
Loan2644507,Client19185,Nyanza,2022-03-01,1045000,346341,131775,13,2,0,Normal
Loan2644681,Client59153,Rutsiro,2022-03-01,870000,118219,126289,13,2,0,Normal
Loan2644717,Client125641,Nyagatare,2022-03-01,680000,197252,98962,13,2,0,Normal
Loan2644790,Client52957,Kicukiro,2022-03-01,3500000,423630,221970,14,2,0,Normal
Loan2644857,Client112955,Nyamagabe,2022-03-01,2600000,86811,276333,13,2,0,Normal
Loan2645079,Client19512,Nyagatare,2022-03-01,2650000,389757,244066,13,2,0,Normal
Loan2645095,Client111227,HQ,2022-03-01,3500000,2344578,474975,14,2,0,Normal
Loan2645460,Client43481,Rusizi,2022-03-02,850000,801522,152864,13,3,0,Normal
Loan2645733,Client19943,Nyarugenge,2022-03-02,490000,117234,152126,13,2,1,Written off
Loan2645925,Client52607,Nyagatare,2022-03-03,900000,74812,126560,13,2,0,Normal
Loan2645995,Client13118,Nyamagabe,2022-03-03,1200000,1112985,118463,13,3,0,Normal
Loan2646149,Client121974,Nyarugenge,2022-03-03,1590000,251027,199047,13,2,0,Normal
Loan2646164,Client41506,Nyarugenge,2022-03-03,3500000,1304545,330302,13,2,0,Normal
Loan2646457,Client47522,Kicukiro,2022-03-03,2000000,155081,109193,13,2,0,Normal
Loan2646472,Client110177,Rusizi,2022-03-03,2420000,693333,288588,13,3,0,Normal
Loan2646737,Client30046,Nyarugenge,2022-03-04,1800000,678572,108009,13,3,0,Normal
Loan2647112,Client13253,Kicukiro,2022-03-04,930000,107133,141303,13,2,0,Normal
Loan2647595,Client93489,Nyagatare,2022-03-07,880000,129732,119430,13,3,0,Normal
Loan2647601,Client101726,Gasabo,2022-03-07,2890000,1198542,297400,14,2,0,Normal
Loan2647655,Client120800,Nyagatare,2022-03-07,3500000,399240,387988,14,2,0,Normal
Loan2647684,Client159329,Nyarugenge,2022-03-07,600000,568293,119766,14,3,1,Written off
Loan2647939,Client14446,Ngororero,2022-03-08,3100000,581721,277632,13,3,0,Normal
Loan2647973,Client135102,Kicukiro,2022-03-08,2000000,288726,221970,14,3,0,Normal
Loan2647974,Client59678,Ngororero,2022-03-08,950000,704907,102916,13,2,0,Normal
Loan2647996,Client163782,Nyagatare,2022-03-08,1800000,315528,221970,14,3,0,Normal
Loan2648065,Client100239,Ngororero,2022-03-08,850000,227563,106536,13,2,0,Normal
Loan2648071,Client80586,Nyamagabe,2022-03-08,940000,656461,111887,13,2,0,Normal
Loan2648102,Client123041,Ngororero,2022-03-08,2330000,246483,275566,13,3,0,Normal
Loan2648254,Client138190,Kicukiro,2022-03-09,2170000,698854,203417,13,2,0,Normal
Loan2648360,Client25903,Nyamagabe,2022-03-09,1030000,118398,249380,13,2,0,Normal
Loan2648375,Client118280,Rubavu,2022-03-09,790000,110115,114667,13,2,0,Normal
Loan2648477,Client75315,Nyanza,2022-03-09,3500000,1417718,352560,13,2,0,Normal
Loan2648531,Client53001,Rubavu,2022-03-09,1200000,131437,143167,13,3,1,Written off
Loan2648587,Client118262,Rubavu,2022-03-09,865000,227460,121893,13,2,0,Normal
Loan2648602,Client1968,Rubavu,2022-03-09,1050000,145923,122175,13,3,0,Normal
Loan2648604,Client129855,Rusizi,2022-03-09,770000,549712,98270,13,2,0,Normal
Loan2648645,Client76374,Ngororero,2022-03-10,2100000,1617202,226034,13,3,0,Normal
Loan2648800,Client15006,Kicukiro,2022-03-10,1140000,324238,127250,13,3,0,Normal
Loan2648809,Client133611,Nyamagabe,2022-03-10,2400000,184100,200147,13,2,0,Normal
Loan2648906,Client118203,Rubavu,2022-03-10,700000,483711,96793,13,3,0,Normal
Loan2648907,Client165292,Gasabo,2022-03-10,450000,101251,217696,14,1,1,Written off
Loan2649000,Client120276,Kicukiro,2022-03-10,2050000,625042,196896,14,2,0,Normal
Loan2649005,Client122962,Kicukiro,2022-03-10,2070000,159262,188400,14,3,1,Written off
Loan2649220,Client41170,Nyanza,2022-03-11,1030000,562629,117964,13,2,0,Normal
Loan2649285,Client9552,Nyarugenge,2022-03-11,1500000,656059,189603,13,4,0,Normal
Loan2649298,Client174514,Gasabo,2022-03-11,1270000,302167,221970,14,2,0,Normal
Loan2649388,Client121404,Nyarugenge,2022-03-11,790000,295739,309033,13,3,0,Normal
Loan2649501,Client102030,Nyamagabe,2022-03-11,850000,193536,104449,13,3,0,Normal
Loan2649513,Client99487,Nyamagabe,2022-03-11,1020000,302865,257160,14,2,0,Normal
Loan2649613,Client163569,Gasabo,2022-03-11,2910000,1216177,413347,14,2,0,Normal
Loan2649860,Client18959,Rubavu,2022-03-14,1100000,791012,125025,13,3,0,Normal
Loan2649984,Client108605,Rubavu,2022-03-14,840000,173734,113275,13,2,0,Normal
Loan2650006,Client163739,Gasabo,2022-03-14,1650000,167598,330900,14,3,0,Normal
Loan2650032,Client78620,Nyagatare,2022-03-14,2300000,833368,179254,13,3,0,Normal
Loan2650086,Client131188,Nyanza,2022-03-15,1880000,115972,215686,13,3,0,Normal
Loan2650138,Client29711,Kicukiro,2022-03-15,890000,461106,146425,13,2,0,Normal
Loan2650184,Client15952,Nyagatare,2022-03-15,1000000,117308,156175,13,2,0,Normal
Loan2650207,Client65897,Rutsiro,2022-03-15,1890000,204396,180700,13,2,0,Normal
Loan2650220,Client73713,Nyamagabe,2022-03-15,2400000,164703,226995,13,3,0,Normal
Loan2650305,Client108558,Rubavu,2022-03-15,865000,305205,107377,13,2,0,Normal
Loan2650349,Client42158,Rubavu,2022-03-15,3500000,2729093,266974,13,2,0,Normal
Loan2650438,Client155605,Nyagatare,2022-03-15,750000,151810,288171,13,3,0,Normal
Loan2650461,Client18307,Nyagatare,2022-03-15,2280000,386699,262806,13,3,0,Normal
Loan2651570,Client66723,Rubavu,2022-03-16,2615000,743845,234223,13,2,0,Normal
Loan2651671,Client95392,Rusizi,2022-03-16,2310000,309577,242305,13,3,0,Normal
Loan2651753,Client141051,Nyagatare,2022-03-16,1850000,159770,175915,13,3,0,Normal
Loan2651817,Client143558,Gasabo,2022-03-16,1369000,246022,232545,14,3,0,Normal
Loan2651818,Client155435,Nyagatare,2022-03-16,30000,522579,170215,14,3,0,Normal
Loan2651858,Client111690,Rubavu,2022-03-17,2560000,1069621,238996,13,2,0,Normal
Loan2651912,Client143002,Rutsiro,2022-03-17,1915000,603882,182220,13,3,0,Normal
Loan2651917,Client38933,Gasabo,2022-03-17,1000000,848381,119766,13,2,0,Normal
Loan2652034,Client64995,Rusizi,2022-03-17,3250000,2420672,241137,14,3,0,Normal
Loan2652166,Client63797,Rusizi,2022-03-17,3250000,1648020,326539,13,3,0,Normal
Loan2652272,Client14282,Rubavu,2022-03-18,1199000,748261,130049,13,2,0,Normal
Loan2652369,Client81588,Nyarugenge,2022-03-18,970000,801947,108898,13,2,0,Normal
Loan2652465,Client130854,Kicukiro,2022-03-18,2070000,304987,175070,14,3,1,Written off
Loan2652520,Client23464,Nyarugenge,2022-03-18,1000000,166360,118341,13,3,0,Normal
Loan2653069,Client24790,Rusizi,2022-03-21,1000000,387601,119251,13,3,0,Normal
Loan2653177,Client125464,Rusizi,2022-03-22,770000,293654,101120,13,3,0,Normal
Loan2653268,Client4742,HQ,2022-03-22,3500000,4052875,133129,13,2,0,Normal
Loan2653282,Client3807,Rusizi,2022-03-22,3330000,2481240,175922,13,3,0,Normal
Loan2653372,Client142101,Rubavu,2022-03-22,1300000,246096,157905,13,3,0,Normal
Loan2653664,Client45191,Gasabo,2022-03-23,1180000,293716,288577,14,3,1,Written off
Loan2653754,Client163835,Kicukiro,2022-03-23,700000,1236631,227057,14,3,1,Written off
Loan2653971,Client78667,Nyagatare,2022-03-23,2250000,89846,216817,13,3,0,Normal
Loan2654185,Client13597,Rutsiro,2022-03-24,1330000,701781,116916,13,3,0,Normal
Loan2654208,Client19675,Rutsiro,2022-03-24,1000000,907157,119124,13,3,0,Normal
Loan2654459,Client7489,Rusizi,2022-03-24,1220000,215225,156871,13,2,0,Normal
Loan2654746,Client127928,Nyanza,2022-03-25,768000,174737,107288,13,3,0,Normal
Loan2654805,Client100160,Nyanza,2022-03-25,2950000,909136,306190,13,3,0,Normal
Loan2655027,Client133595,Nyamagabe,2022-03-25,660000,343382,93390,13,2,0,Normal
Loan2655043,Client109301,Kicukiro,2022-03-25,2500000,715520,253520,13,3,0,Normal
Loan2655162,Client163802,Nyarugenge,2022-03-25,2100000,158516,201611,14,2,0,Normal
Loan2655172,Client43742,Rubavu,2022-03-25,1320000,1019230,138107,13,2,0,Normal
Loan2655262,Client1663,Rubavu,2022-03-25,1600000,1192655,171431,13,2,1,Written off
Loan2655515,Client91361,Rubavu,2022-03-28,2610000,484094,276500,13,2,0,Normal
Loan2655598,Client5524,Rusizi,2022-03-28,950000,726697,151538,13,3,0,Normal
Loan2656046,Client19980,Nyagatare,2022-03-28,1100000,365910,122475,13,3,0,Normal
Loan2656056,Client134104,Nyagatare,2022-03-28,750000,234855,212633,13,3,0,Normal
Loan2656058,Client158142,Ngororero,2022-03-28,720000,470,135999,14,3,1,Written off
Loan2656059,Client119974,Rubavu,2022-03-28,1000000,641412,188306,14,2,1,Written off
Loan2656078,Client57602,Nyarugenge,2022-03-28,950000,723504,113648,13,2,0,Normal
Loan2656089,Client134966,Gasabo,2022-03-28,950000,250409,221970,14,3,0,Normal
Loan2656140,Client82380,Ngororero,2022-03-29,2350000,501324,284258,13,2,0,Normal
Loan2656400,Client2972,Nyamagabe,2022-03-29,2400000,847664,262972,13,2,0,Normal
Loan2656507,Client12389,Rusizi,2022-03-29,1200000,268871,129949,13,3,0,Normal
Loan2656714,Client166973,Kicukiro,2022-03-29,2500000,449658,221970,14,3,0,Normal
Loan2656748,Client132951,Rubavu,2022-03-29,1870000,383877,214307,13,3,0,Normal
Loan2656785,Client120708,Nyagatare,2022-03-29,2400000,265258,226317,13,2,0,Normal
Loan2656806,Client73927,Rusizi,2022-03-29,877000,670857,108414,13,2,0,Normal
Loan2656813,Client16437,Nyagatare,2022-03-29,1130000,459631,155809,13,3,0,Normal
Loan2656910,Client40195,Ngororero,2022-03-30,2380000,878752,227637,13,3,0,Normal
Loan2656955,Client163216,Kicukiro,2022-03-30,680000,45936,235900,14,3,0,Normal
Loan2656965,Client93084,Kicukiro,2022-03-30,2430000,231796,271381,13,3,0,Normal
Loan2657022,Client164581,Nyanza,2022-03-30,2240000,538497,182212,14,2,0,Normal
Loan2657146,Client18330,Nyamagabe,2022-03-30,1100000,931970,122804,13,2,0,Normal
Loan2657269,Client101809,Nyagatare,2022-03-30,2700000,1607176,247866,13,2,0,Normal
Loan2657362,Client62594,Rubavu,2022-03-30,2348000,939061,233991,13,3,0,Normal
Loan2657450,Client147439,Rubavu,2022-03-30,700000,309551,117794,13,3,0,Normal
Loan2657573,Client49728,Nyamagabe,2022-03-31,2200000,1614520,189420,14,2,0,Normal
Loan2657610,Client126050,Kicukiro,2022-03-31,1370000,570792,94100,14,3,0,Normal
Loan2657630,Client155621,Nyagatare,2022-03-31,750000,57027,98962,13,3,0,Normal
Loan2657674,Client124013,Gasabo,2022-03-31,770000,164123,128981,13,3,0,Normal
Loan2657678,Client117944,Rusizi,2022-03-31,2440000,353342,248770,13,3,0,Normal
Loan2657794,Client150593,Rusizi,2022-03-31,2160000,672705,204141,13,2,0,Normal
Loan2657857,Client150625,Rubavu,2022-03-31,775000,42590,101163,13,2,0,Normal
Loan2657890,Client42860,Rutsiro,2022-03-31,1150000,882344,126996,13,3,0,Normal
Loan2657913,Client54640,Gasabo,2022-03-31,2940000,1939596,270626,13,2,0,Normal
Loan2657915,Client57156,Rusizi,2022-03-31,970000,692501,104510,13,2,0,Normal
Loan2658013,Client2053,Rubavu,2022-04-01,2700000,2038787,288221,13,2,0,Normal
Loan2658224,Client26017,Ngororero,2022-04-01,2375000,1157059,226845,13,2,0,Normal
Loan2658342,Client139272,Nyanza,2022-04-01,1890000,664421,199219,13,3,0,Normal
Loan2658361,Client84670,Gasabo,2022-04-01,3000000,1939493,270626,13,2,0,Normal
Loan2658372,Client132706,Nyanza,2022-04-01,768000,62633,100041,13,3,0,Normal
Loan2658625,Client29588,Nyanza,2022-04-01,2730000,842253,273704,13,2,0,Normal
Loan2658967,Client111568,Gasabo,2022-04-01,550000,20749,175070,14,1,1,Written off
Loan2659084,Client120332,Gasabo,2022-04-01,750000,647508,101543,13,3,0,Normal
Loan2659130,Client174912,Gasabo,2022-04-01,2050000,193929,220208,14,2,1,Written off
Loan2659131,Client163527,Gasabo,2022-04-01,1600000,483436,175070,14,2,1,Written off
Loan2659217,Client59924,Ngororero,2022-04-04,920000,689712,101491,13,2,0,Normal
Loan2659325,Client77771,Rutsiro,2022-04-04,2980000,1963815,268726,13,1,0,Normal
Loan2659629,Client1293,Nyanza,2022-04-04,800000,496469,120506,13,3,0,Normal
Loan2659736,Client88903,Rubavu,2022-04-04,2820000,1754612,257953,13,3,0,Normal
Loan2659743,Client111612,Gasabo,2022-04-04,2100000,417282,239410,13,3,0,Normal
Loan2659850,Client139697,Rubavu,2022-04-04,2150000,76295,237940,13,3,0,Normal
Loan2660047,Client58021,Rubavu,2022-04-04,2980000,1577397,268446,13,2,0,Normal
Loan2660225,Client9622,Nyarugenge,2022-04-04,1800000,66718,221970,14,2,0,Normal
Loan2660230,Client83234,Rusizi,2022-04-04,890000,782231,113164,13,3,0,Normal
Loan2660284,Client118942,Gasabo,2022-04-04,1800000,273222,200225,13,3,0,Normal
Loan2660423,Client31569,Rusizi,2022-04-05,1155000,945158,127099,13,3,0,Normal
Loan2660424,Client56057,Rubavu,2022-04-05,695000,291637,55775,14,2,0,Normal
Loan2660554,Client120843,Ngororero,2022-04-05,680000,301677,99809,13,3,0,Normal
Loan2660649,Client85497,Nyarugenge,2022-04-05,1900000,434154,180700,13,2,0,Normal
Loan2660776,Client116762,Kicukiro,2022-04-05,2700000,315001,175070,14,2,1,Written off
Loan2660811,Client81775,Nyarugenge,2022-04-05,2640000,1909669,236878,13,3,0,Normal
Loan2660871,Client66669,Rubavu,2022-04-05,775000,309371,113648,13,2,0,Normal
Loan2661110,Client10944,Rutsiro,2022-04-05,3220000,1745704,284853,13,2,0,Normal
Loan2661188,Client49973,Nyagatare,2022-04-05,900000,747301,107880,13,3,0,Normal
Loan2661196,Client155441,Nyagatare,2022-04-05,750000,220559,250533,13,3,0,Normal
Loan2661225,Client85223,Rusizi,2022-04-05,2640000,715128,300965,13,3,0,Normal
Loan2661251,Client133729,Rusizi,2022-04-05,2450000,248335,232889,13,3,0,Normal
Loan2661331,Client4965,Rutsiro,2022-04-06,3500000,315126,380167,13,2,0,Normal
Loan2661569,Client82420,Nyanza,2022-04-06,940000,107120,111947,13,2,0,Normal
Loan2661681,Client14633,Ngororero,2022-04-06,1080000,898137,123301,13,3,0,Normal
Loan2661704,Client1862,Rubavu,2022-04-06,2300000,1935088,237457,13,2,0,Normal
Loan2661832,Client100182,Nyanza,2022-04-06,940000,79268,249265,13,2,0,Normal
Loan2661965,Client125282,Gasabo,2022-04-06,3500000,308979,224010,14,3,0,Normal
Loan2661991,Client93475,Nyagatare,2022-04-06,2400000,1580971,226317,13,2,0,Normal
Loan2662047,Client155568,Nyagatare,2022-04-06,750000,30955,103389,13,2,0,Normal
Loan2662526,Client68855,Nyamagabe,2022-04-08,2570000,1663442,231373,13,3,0,Normal
Loan2662653,Client121906,Nyanza,2022-04-08,2310000,1076691,221765,13,2,0,Normal
Loan2662692,Client2149,Rubavu,2022-04-08,3150000,2278179,279746,13,2,0,Normal
Loan2662697,Client22423,Gasabo,2022-04-08,2670000,1276834,247587,13,2,0,Normal
Loan2662792,Client110349,Nyagatare,2022-04-08,1790000,790830,171165,13,2,0,Normal
Loan2663062,Client58191,Rutsiro,2022-04-11,1785000,147592,250690,13,2,1,Written off
Loan2663576,Client61441,Gasabo,2022-04-11,2620000,592883,307577,13,2,0,Normal
Loan2663769,Client41497,Nyarugenge,2022-04-12,1220000,333308,131949,13,2,0,Normal
Loan2663866,Client23629,Gasabo,2022-04-12,1170000,444436,128798,13,2,0,Normal
Loan2663980,Client135308,Kicukiro,2022-04-12,680000,319219,138457,13,3,0,Normal
Loan2664038,Client5371,Rusizi,2022-04-12,1440000,542639,146425,13,2,0,Normal
Loan2664060,Client59964,Nyanza,2022-04-12,2310000,197339,221765,13,2,0,Normal
Loan2664306,Client128941,Nyagatare,2022-04-12,1790000,772136,171165,13,3,0,Normal
Loan2664355,Client13150,Nyamagabe,2022-04-12,1200000,644604,243444,14,3,0,Normal
Loan2664499,Client137290,Gasabo,2022-04-13,1300000,150899,117242,14,3,0,Normal
Loan2664615,Client78689,Nyagatare,2022-04-13,2950000,1055529,305590,13,2,0,Normal
Loan2664872,Client60156,Rubavu,2022-04-14,959000,168727,113386,13,2,0,Normal
Loan2664992,Client142547,Kicukiro,2022-04-14,2000000,571579,229315,13,2,0,Normal
Loan2665105,Client113201,Kicukiro,2022-04-14,2460000,974568,271381,13,2,0,Normal
Loan2665237,Client108624,Kicukiro,2022-04-14,2700000,315001,221970,14,2,0,Normal
Loan2665291,Client40534,Ngororero,2022-04-14,830000,88763,109439,13,2,0,Normal
Loan2665396,Client67432,Nyamagabe,2022-04-14,750000,344944,98777,13,3,0,Normal
Loan2665474,Client76636,Nyarugenge,2022-04-14,1350000,1400007,204572,14,3,1,Written off
Loan2665496,Client5993,Rusizi,2022-04-14,1150000,219588,131077,14,1,0,Normal
Loan2665504,Client14860,Nyarugenge,2022-04-14,1120000,397821,125730,13,3,0,Normal
Loan2665505,Client45727,Rusizi,2022-04-14,1040000,802046,119251,13,2,0,Normal
Loan2665975,Client52980,Kicukiro,2022-04-19,3450000,227837,221970,14,2,0,Normal
Loan2667207,Client155547,Nyagatare,2022-04-20,760000,102793,243608,13,3,1,Written off
Loan2667219,Client143250,Rutsiro,2022-04-20,2255000,597432,250645,13,3,0,Normal
Loan2667321,Client118974,Nyarugenge,2022-04-20,870000,135448,108009,13,2,0,Normal
Loan2667470,Client84667,Gasabo,2022-04-20,3000000,1662418,306035,13,2,0,Normal
Loan2667590,Client86756,Nyanza,2022-04-21,1500000,802443,190416,13,3,0,Normal
Loan2667642,Client19006,Kicukiro,2022-04-21,1320000,815988,138260,13,3,0,Normal
Loan2667670,Client11051,Rutsiro,2022-04-21,1225000,845318,131949,13,2,0,Normal
Loan2667815,Client157740,Ngororero,2022-04-21,2120000,681346,202716,13,2,0,Normal
Loan2667871,Client21242,Rusizi,2022-04-21,1000000,888738,116876,13,2,0,Normal
Loan2667875,Client122909,Gasabo,2022-04-21,3000000,1363414,168450,14,3,1,Written off
Loan2667882,Client24808,Rusizi,2022-04-21,1040000,187375,142699,13,3,0,Normal
Loan2667907,Client74965,Nyarugenge,2022-04-21,1880000,382602,197794,13,2,0,Normal
Loan2668082,Client19909,Nyagatare,2022-04-22,1850000,1192838,175915,13,3,0,Normal
Loan2668138,Client121397,Rusizi,2022-04-22,2090000,771111,199866,13,2,0,Normal
Loan2668170,Client3822,Nyamagabe,2022-04-22,2200000,2160307,314747,14,3,0,Normal
Loan2668175,Client126922,Nyanza,2022-04-22,760000,87635,122389,13,3,0,Normal
Loan2668213,Client174707,Gasabo,2022-04-22,1200000,37910,248905,14,3,0,Normal
Loan2668315,Client9906,Kicukiro,2022-04-22,1110000,158250,150109,13,2,0,Normal
Loan2668730,Client110292,Nyagatare,2022-04-25,2330000,1194653,221567,13,3,0,Normal
Loan2668767,Client151756,Nyanza,2022-04-25,1890000,858481,200225,13,3,0,Normal
Loan2668880,Client124122,Nyagatare,2022-04-25,720000,380254,96112,13,3,0,Normal
Loan2668916,Client139232,Nyanza,2022-04-25,1890000,700270,127725,13,3,0,Normal
Loan2668952,Client139194,Nyanza,2022-04-25,1890000,296648,179895,13,3,0,Normal
Loan2668953,Client49856,Gasabo,2022-04-25,3500000,733,221970,14,2,0,Normal
Loan2669079,Client83145,Kicukiro,2022-04-25,2780000,1938230,246295,13,3,0,Normal
Loan2669492,Client48066,Nyagatare,2022-04-26,2850000,421176,263336,13,2,0,Normal
Loan2669545,Client124659,Gasabo,2022-04-26,1900000,143043,285536,13,3,0,Normal
Loan2669563,Client20096,Nyarugenge,2022-04-26,2050000,589713,175070,14,3,1,Written off
Loan2669629,Client126322,Gasabo,2022-04-26,3500000,1906809,175070,14,2,1,Written off
Loan2669661,Client66117,Ngororero,2022-04-26,2230000,365989,203115,13,3,0,Normal
Loan2669668,Client100681,Rubavu,2022-04-26,2780000,414501,187694,13,3,0,Normal
Loan2669671,Client76210,Nyagatare,2022-04-26,940000,400456,126135,13,2,0,Normal
Loan2669674,Client151024,Rusizi,2022-04-26,2170000,646802,229270,13,3,0,Normal
Loan2669710,Client101763,Nyarugenge,2022-04-26,760000,-56935,123019,13,2,0,Normal
Loan2669900,Client45729,Rusizi,2022-04-27,1040000,778125,119251,13,2,0,Normal
Loan2670119,Client146772,Rubavu,2022-04-27,686000,27610,94988,13,3,0,Normal
Loan2670258,Client39527,Kicukiro,2022-04-27,2750000,103503,175070,14,2,1,Written off
Loan2670304,Client49058,Gasabo,2022-04-27,1750000,533287,175070,14,3,1,Written off
Loan2670331,Client28866,Rusizi,2022-04-27,1310000,373770,137785,13,3,0,Normal
Loan2670373,Client137193,Rutsiro,2022-04-28,770000,249387,101638,13,3,0,Normal
Loan2670641,Client127047,Rusizi,2022-04-28,1510000,228907,157464,13,2,0,Normal
Loan2670649,Client95369,Rusizi,2022-04-28,950000,162890,113164,13,2,0,Normal
Loan2670790,Client68880,Rutsiro,2022-04-28,650000,509653,120980,13,2,1,Written off
Loan2670792,Client122631,Nyanza,2022-04-28,760000,220987,100041,13,3,0,Normal
Loan2670824,Client133200,Rutsiro,2022-04-28,1870000,432112,179750,13,3,0,Normal
Loan2670902,Client175343,Nyarugenge,2022-04-28,2900000,762744,221970,14,3,0,Normal
Loan2670907,Client174232,Gasabo,2022-04-28,834000,93555,94100,14,1,0,Normal
Loan2670912,Client92805,Rusizi,2022-04-28,2400000,98464,247365,13,3,0,Normal
Loan2670956,Client159200,Nyanza,2022-04-29,2300000,594494,207466,13,2,0,Normal
Loan2670986,Client134002,Nyanza,2022-04-29,2300000,813152,214640,13,2,0,Normal
Loan2671015,Client139223,Nyanza,2022-04-29,1870000,390732,155957,13,2,0,Normal
Loan2671183,Client132191,Gasabo,2022-04-29,770000,247251,272806,13,2,0,Normal
Loan2671206,Client129406,Ngororero,2022-04-29,775000,401087,101234,13,2,0,Normal
Loan2671224,Client17979,Nyagatare,2022-04-29,3500000,1780138,228328,14,3,0,Normal
Loan2671335,Client4581,Gasabo,2022-04-29,2640000,257722,307615,13,2,0,Normal
Loan2671373,Client141436,Nyagatare,2022-04-29,1790000,52452,171165,13,3,0,Normal
Loan2671461,Client66206,Ngororero,2022-04-29,2480000,621609,223619,13,2,0,Normal
Loan2671596,Client147806,Rubavu,2022-04-29,689000,55075,116921,13,2,0,Normal
Loan2672247,Client161784,Gasabo,2022-05-04,3450000,135252,221970,14,2,0,Normal
Loan2672678,Client163501,Gasabo,2022-05-04,1650000,165356,175070,14,2,1,Written off
Loan2672972,Client158124,Ngororero,2022-05-05,795000,315585,102545,13,3,0,Normal
Loan2673086,Client174733,Rutsiro,2022-05-05,1400000,79280,175854,13,3,0,Normal
Loan2673121,Client139336,Gasabo,2022-05-05,2470000,609803,238741,13,2,0,Normal
Loan2673321,Client88754,Nyamagabe,2022-05-05,2200000,1135909,249265,13,3,0,Normal
Loan2673335,Client123148,Gasabo,2022-05-05,2100000,930007,112252,14,3,0,Normal
Loan2673361,Client5343,Rusizi,2022-05-05,1000000,806956,146425,13,3,0,Normal
Loan2673392,Client120199,Rusizi,2022-05-05,2700000,1047975,254938,13,2,0,Normal
Loan2673408,Client1855,Ngororero,2022-05-05,2500000,361754,233913,13,3,0,Normal
Loan2673466,Client163530,Gasabo,2022-05-05,1800000,568123,175070,14,3,1,Written off
Loan2673499,Client89541,Gasabo,2022-05-05,3000000,2001242,270626,13,1,0,Normal
Loan2673649,Client163475,Gasabo,2022-05-05,1930000,568513,175070,14,3,1,Written off
Loan2673740,Client15911,Nyanza,2022-05-06,1090000,913887,122881,13,2,0,Normal
Loan2674011,Client86941,Nyarugenge,2022-05-06,2640000,193997,236878,13,2,0,Normal
Loan2674230,Client10634,Nyagatare,2022-05-06,1100000,582177,149134,13,1,0,Normal
Loan2674490,Client23751,Nyarugenge,2022-05-06,2800000,153,221970,14,2,0,Normal
Loan2674535,Client158863,Gasabo,2022-05-06,3500000,973881,355603,14,3,0,Normal
Loan2674774,Client130078,Nyagatare,2022-05-09,1860000,187596,175915,13,3,0,Normal
Loan2674950,Client175278,Gasabo,2022-05-09,3000000,697169,175070,14,3,1,Written off
Loan2674966,Client145461,Nyamagabe,2022-05-09,760000,119170,121671,13,3,0,Normal
Loan2675130,Client13857,Nyagatare,2022-05-09,1180000,815950,116775,13,3,0,Normal
Loan2675297,Client104226,Rusizi,2022-05-10,2350000,265164,270361,13,2,0,Normal
Loan2675378,Client173085,Gasabo,2022-05-10,630000,332028,189100,14,2,1,Written off
Loan2675393,Client118011,Rusizi,2022-05-10,800000,505999,107554,13,2,0,Normal
Loan2675485,Client73443,Nyagatare,2022-05-10,830000,197649,121686,13,3,0,Normal
Loan2675579,Client84691,Nyagatare,2022-05-10,940000,179235,126135,13,3,0,Normal
Loan2675593,Client139233,Nyanza,2022-05-10,1890000,242576,113506,13,3,0,Normal
Loan2675601,Client93119,Kicukiro,2022-05-10,750000,57809,108979,13,3,0,Normal
Loan2675624,Client27260,Nyarugenge,2022-05-10,1470000,688985,143752,13,3,0,Normal
Loan2675633,Client75571,Gasabo,2022-05-10,2800000,217125,302827,13,3,0,Normal
Loan2675661,Client72554,Nyagatare,2022-05-10,1100000,674439,240517,14,1,1,Written off
Loan2675679,Client175003,Nyarugenge,2022-05-10,1790000,513643,221970,14,3,0,Normal
Loan2675695,Client79446,Gasabo,2022-05-10,2440000,300848,258038,13,3,0,Normal
Loan2675704,Client64051,HQ,2022-05-10,5940000,156771,272438,11,1,0,Normal
Loan2675803,Client7474,Nyarugenge,2022-05-11,1320000,435637,138871,13,2,0,Normal
Loan2675854,Client59701,Nyanza,2022-05-11,945000,593603,111947,13,3,0,Normal
Loan2676074,Client126494,Gasabo,2022-05-11,1500000,-103024,248905,14,2,0,Normal
Loan2676090,Client34131,Nyamagabe,2022-05-11,2670000,417675,332719,14,3,0,Normal
Loan2676107,Client23295,Rusizi,2022-05-11,1040000,889923,119251,13,3,0,Normal
Loan2676113,Client47337,Ngororero,2022-05-11,925000,74708,111571,13,3,0,Normal
Loan2676135,Client154733,Rusizi,2022-05-11,1870000,491868,199219,13,3,0,Normal
Loan2676246,Client108569,Rubavu,2022-05-11,2000000,147761,247708,13,3,0,Normal
Loan2676313,Client99277,HQ,2022-05-12,1900000,67400,283400,14,3,0,Normal
Loan2676325,Client173401,Nyarugenge,2022-05-12,970000,513643,175070,14,2,1,Written off
Loan2676383,Client155368,Nyagatare,2022-05-12,2400000,191709,250805,13,3,0,Normal
Loan2676425,Client63905,Gasabo,2022-05-12,950000,86237,132280,13,2,0,Normal
Loan2676577,Client56121,Rusizi,2022-05-12,3500000,784699,377133,13,2,0,Normal
Loan2676741,Client69596,Nyamagabe,2022-05-12,2700000,670209,249492,13,2,0,Normal
Loan2677019,Client100224,Ngororero,2022-05-13,2780000,1184458,254924,13,2,0,Normal
Loan2677037,Client17656,Nyamagabe,2022-05-13,1100000,992672,104449,13,1,0,Normal
Loan2677101,Client122287,Nyamagabe,2022-05-13,750000,100600,99522,13,4,0,Normal
Loan2677119,Client123280,Rusizi,2022-05-13,1380000,443141,175070,14,2,1,Written off
Loan2677121,Client128367,Nyarugenge,2022-05-13,3180000,946313,168287,14,2,0,Normal
Loan2677200,Client145085,Ngororero,2022-05-13,1700000,103852,196844,14,2,0,Normal
Loan2677210,Client68751,Rubavu,2022-05-13,2375000,1096565,227795,13,3,0,Normal
Loan2677523,Client140417,Kicukiro,2022-05-16,1720000,71,221970,14,3,0,Normal
Loan2677692,Client27279,Nyagatare,2022-05-16,1500000,209511,181565,13,2,0,Normal
Loan2677698,Client163424,Nyarugenge,2022-05-16,3060000,219503,266837,14,2,0,Normal
Loan2677708,Client3860,Gasabo,2022-05-16,1200000,143474,221970,14,2,0,Normal
Loan2677890,Client7643,Gasabo,2022-05-17,1300000,934023,138871,13,3,0,Normal
Loan2677896,Client64196,Ngororero,2022-05-17,835000,106453,128560,13,2,0,Normal
Loan2677931,Client50070,Nyagatare,2022-05-17,1800000,931089,172115,13,3,0,Normal
Loan2677987,Client129336,Ngororero,2022-05-17,700000,282783,123231,13,3,0,Normal
Loan2678013,Client104629,Rubavu,2022-05-17,1870000,360814,179750,13,2,0,Normal
Loan2678113,Client111199,Nyarugenge,2022-05-17,2770000,1489195,234815,13,2,0,Normal
Loan2678157,Client14759,Nyagatare,2022-05-17,1100000,280290,121397,13,3,0,Normal
Loan2678184,Client105364,Gasabo,2022-05-17,1090000,-3998,221970,14,2,0,Normal
Loan2678204,Client117324,Ngororero,2022-05-17,2690000,936990,284258,13,3,0,Normal
Loan2678285,Client166023,Nyagatare,2022-05-18,180000,185505,175070,14,2,1,Written off
Loan2678393,Client12026,Ngororero,2022-05-18,1190000,912638,129322,13,3,0,Normal
Loan2678518,Client51035,Nyagatare,2022-05-18,900000,131604,135605,13,3,0,Normal
Loan2678588,Client141453,Gasabo,2022-05-18,3450000,1335466,221970,14,3,0,Normal
Loan2678597,Client16878,Nyagatare,2022-05-18,2950000,2138066,263336,13,3,0,Normal
Loan2678599,Client27411,Nyarugenge,2022-05-18,2000000,475686,221970,14,2,0,Normal
Loan2678641,Client152048,Nyarugenge,2022-05-18,720000,101208,98313,13,3,0,Normal
Loan2678704,Client127250,Nyanza,2022-05-19,720000,504284,96716,13,3,0,Normal
Loan2678791,Client58614,Nyanza,2022-05-19,940000,744419,111947,13,3,0,Normal
Loan2678853,Client58124,Nyanza,2022-05-19,1000000,593687,136135,13,2,0,Normal
Loan2678965,Client134665,Nyagatare,2022-05-19,720000,412514,284100,14,3,1,Written off
Loan2678973,Client49135,Rubavu,2022-05-19,2920000,1200743,338599,13,2,0,Normal
Loan2678990,Client10318,Rubavu,2022-05-19,960000,79061,114336,13,2,0,Normal
Loan2678992,Client124377,Rutsiro,2022-05-19,3500000,885744,221970,14,2,0,Normal
Loan2679080,Client76885,Rusizi,2022-05-19,1900000,360422,171805,13,2,0,Normal
Loan2679089,Client5481,Rusizi,2022-05-19,1250000,1082201,133600,13,3,0,Normal
Loan2679364,Client161711,Nyamagabe,2022-05-20,1300000,343415,198800,13,2,0,Normal
Loan2679384,Client19111,Nyanza,2022-05-20,2420000,231888,228890,13,2,0,Normal
Loan2679485,Client143690,Kicukiro,2022-05-20,2320000,130055,239880,13,3,0,Normal
Loan2679580,Client22951,Nyagatare,2022-05-20,840000,591998,110026,13,2,0,Normal
Loan2679619,Client100114,Nyagatare,2022-05-20,1650000,18230,426036,14,2,0,Normal
Loan2679850,Client145180,Gasabo,2022-05-23,560000,9131,54462,14,3,0,Normal
Loan2679900,Client163856,Gasabo,2022-05-23,820000,10305,175070,14,2,1,Written off
Loan2680215,Client71965,Gasabo,2022-05-23,730000,52689,115100,14,2,0,Normal
Loan2680359,Client86464,Ngororero,2022-05-24,800000,195258,111273,13,2,0,Normal
Loan2680574,Client155452,Nyagatare,2022-05-24,750000,57666,107000,13,3,0,Normal
Loan2680602,Client100714,Nyamagabe,2022-05-24,789000,180836,121872,13,2,0,Normal
Loan2680720,Client157978,Rutsiro,2022-05-24,2760000,327883,189100,14,2,0,Normal
Loan2680754,Client97350,Gasabo,2022-05-24,940000,996119,138530,14,2,1,Written off
Loan2680828,Client154736,Rusizi,2022-05-24,1740000,566317,230288,13,2,0,Normal
Loan2680833,Client111188,Rusizi,2022-05-24,2350000,483131,231464,13,3,0,Normal
Loan2680968,Client134946,Gasabo,2022-05-25,1200000,111517,147740,14,3,0,Normal
Loan2681085,Client75,Rutsiro,2022-05-25,3265000,2176539,287703,13,2,0,Normal
Loan2681162,Client30890,Kicukiro,2022-05-25,1200000,112261,163996,13,3,0,Normal
Loan2681211,Client75597,Rusizi,2022-05-25,910000,69064,128440,13,2,0,Normal
Loan2681212,Client143264,Kicukiro,2022-05-25,2470000,729153,234065,13,4,0,Normal
Loan2681215,Client155676,Nyagatare,2022-05-25,1800000,165021,175915,13,2,0,Normal
Loan2681255,Client43713,Rusizi,2022-05-25,1100000,696411,136541,13,2,0,Normal
Loan2681260,Client30813,Rubavu,2022-05-25,1320000,819015,139064,13,2,0,Normal
Loan2681283,Client125063,Ngororero,2022-05-25,775000,175973,284591,13,3,0,Normal
Loan2681294,Client24856,Rubavu,2022-05-25,2980000,326093,268726,13,3,0,Normal
Loan2681296,Client124791,Kicukiro,2022-05-25,3430000,623640,221970,14,3,0,Normal
Loan2681332,Client60048,Rubavu,2022-05-25,940000,5978,107377,13,2,0,Normal
Loan2681417,Client101776,Nyagatare,2022-05-25,800000,350819,102398,13,3,0,Normal
Loan2681467,Client121742,Nyanza,2022-05-25,250000,382838,100041,13,3,0,Normal
Loan2681486,Client160657,Nyamagabe,2022-05-26,3500000,1088981,340140,14,2,0,Normal
Loan2681658,Client155519,Nyagatare,2022-05-26,2400000,225369,226317,13,2,0,Normal
Loan2681672,Client53197,Ngororero,2022-05-26,820000,442769,104446,13,3,0,Normal
Loan2681875,Client45730,Rusizi,2022-05-26,900000,746171,109751,13,2,0,Normal
Loan2681879,Client134916,Kicukiro,2022-05-26,1820000,41297,221970,14,3,0,Normal
Loan2681915,Client9347,Rubavu,2022-05-26,1250000,320375,156376,13,3,0,Normal
Loan2681927,Client142903,Kicukiro,2022-05-26,790000,84659,117639,13,4,0,Normal
Loan2681934,Client111187,Rusizi,2022-05-26,865000,537148,107554,13,2,0,Normal
Loan2681983,Client158580,Kicukiro,2022-05-26,2000000,535217,212459,14,2,0,Normal
Loan2682019,Client95379,Rusizi,2022-05-26,1650000,453377,138560,14,3,0,Normal
Loan2682029,Client76123,Gasabo,2022-05-26,1400000,183188,132100,14,3,0,Normal
Loan2682051,Client14916,Rusizi,2022-05-26,1100000,755147,137310,13,2,0,Normal
Loan2682216,Client109024,Kicukiro,2022-05-27,2440000,719020,232545,13,3,0,Normal
Loan2682262,Client6499,Nyagatare,2022-05-27,1600000,878164,155796,13,3,0,Normal
Loan2682326,Client128839,Nyagatare,2022-05-27,2380000,1006541,226317,13,2,0,Normal
Loan2682452,Client131447,Nyagatare,2022-05-27,460000,24675,175070,14,3,1,Written off
Loan2682553,Client99801,Rubavu,2022-05-27,2400000,1743533,238836,14,3,1,Written off
Loan2682632,Client15394,Rusizi,2022-05-27,1115000,798647,125185,13,3,0,Normal
Loan2682957,Client98762,Kicukiro,2022-05-30,3500000,2983760,501635,14,2,0,Normal
Loan2683140,Client151869,Nyarugenge,2022-05-30,720000,244899,112099,13,2,0,Normal
Loan2683232,Client156369,Gasabo,2022-05-30,770000,323691,101543,13,3,0,Normal
Loan2683588,Client50130,Ngororero,2022-05-31,1800000,1140633,284591,13,2,0,Normal
Loan2683739,Client86727,HQ,2022-05-31,3500000,731912,1145094,14,3,0,Normal
Loan2683760,Client156542,Gasabo,2022-05-31,2080000,655106,198268,13,3,0,Normal
Loan2683840,Client46,Ngororero,2022-05-31,1170000,1041757,128433,13,2,0,Normal
Loan2683875,Client78637,Nyagatare,2022-05-31,2380000,1159288,226317,13,2,0,Normal
Loan2683881,Client1967,Rubavu,2022-05-31,1840000,502947,202460,13,2,0,Normal
Loan2683884,Client4986,Gasabo,2022-05-31,3000000,2286550,257517,13,2,0,Normal
Loan2683893,Client82312,Gasabo,2022-05-31,800000,645816,113648,13,2,0,Normal
Loan2683898,Client150901,Rusizi,2022-05-31,700000,29191,96370,13,2,0,Normal
Loan2683931,Client118333,Rusizi,2022-05-31,2280000,981349,226714,13,3,0,Normal
Loan2683935,Client33542,Gasabo,2022-05-31,2690000,358700,229354,13,2,0,Normal
Loan2683942,Client43083,Rusizi,2022-05-31,1010000,695844,117351,13,1,0,Normal
Loan2684259,Client175861,Kicukiro,2022-06-01,3370000,235561,269619,14,2,0,Normal
Loan2684350,Client10079,Kicukiro,2022-06-01,2800000,633979,261753,13,2,0,Normal
Loan2684383,Client133512,Nyamagabe,2022-06-01,2400000,155611,229845,13,3,0,Normal
Loan2684482,Client131155,Nyanza,2022-06-01,1880000,120284,199219,13,3,0,Normal
Loan2684532,Client141057,Rusizi,2022-06-01,1890000,159664,174397,13,2,0,Normal
Loan2684555,Client110801,Gasabo,2022-06-01,2000000,673218,190648,14,3,0,Normal
Loan2684705,Client22822,Rusizi,2022-06-01,2435000,272788,231464,13,2,0,Normal
Loan2684709,Client26057,Ngororero,2022-06-01,2980000,1572209,304558,13,3,0,Normal
Loan2684781,Client101864,Kicukiro,2022-06-01,2800000,157220,211884,14,2,0,Normal
Loan2684798,Client104069,Nyagatare,2022-06-01,2000000,786677,192206,13,3,0,Normal
Loan2684804,Client160763,Rusizi,2022-06-01,1890000,438861,197794,13,3,0,Normal
Loan2684809,Client76180,Kicukiro,2022-06-01,3500000,494016,497930,14,2,0,Normal
Loan2684823,Client20988,Nyagatare,2022-06-01,2300000,1308034,256156,13,3,0,Normal
Loan2684838,Client49580,Kicukiro,2022-06-01,2000000,86903,181152,14,2,0,Normal
Loan2685062,Client135184,Gasabo,2022-06-02,770000,113335,101543,13,3,0,Normal
Loan2685104,Client151199,Rusizi,2022-06-02,2170000,694609,210000,13,3,0,Normal
Loan2685130,Client17809,Gasabo,2022-06-02,950000,351851,139977,13,3,0,Normal
Loan2685162,Client137461,Rutsiro,2022-06-02,1900000,582402,181320,13,3,0,Normal
Loan2685178,Client57119,Rubavu,2022-06-02,955000,328660,135605,13,3,0,Normal
Loan2685270,Client49176,Nyanza,2022-06-02,1020000,124696,117489,13,3,0,Normal
Loan2685306,Client137782,Kicukiro,2022-06-02,2000000,141849,234065,13,2,0,Normal
Loan2685468,Client48378,Nyarugenge,2022-06-02,1600000,478209,175070,14,3,1,Written off
Loan2685532,Client119955,Nyamagabe,2022-06-02,1840000,159886,199920,13,3,0,Normal
Loan2685537,Client176714,Kicukiro,2022-06-02,680000,11847,221970,14,3,0,Normal
Loan2685748,Client134080,Ngororero,2022-06-03,775000,265941,121389,13,2,0,Normal
Loan2685917,Client174606,Nyarugenge,2022-06-03,1500000,522156,175070,14,3,1,Written off
Loan2686039,Client82959,Ngororero,2022-06-03,2420000,900739,230989,13,2,0,Normal
Loan2686128,Client97481,Gasabo,2022-06-03,3460000,152579,568400,14,2,0,Normal
Loan2686156,Client54672,Rusizi,2022-06-03,1710000,30169,133799,14,2,1,Written off
Loan2686223,Client141934,Gasabo,2022-06-03,1000000,80156,149621,14,2,0,Normal
Loan2686275,Client36976,Kicukiro,2022-06-03,1040000,253900,142699,13,2,0,Normal
Loan2686813,Client52304,Nyarugenge,2022-06-06,2800000,2427922,341751,13,2,0,Normal
Loan2686981,Client33949,Rusizi,2022-06-07,2445000,341518,250805,13,2,0,Normal
Loan2686987,Client71067,Rubavu,2022-06-07,970000,379209,73229,14,2,0,Normal
Loan2687111,Client91032,Nyamagabe,2022-06-07,2150000,546436,179012,13,2,0,Normal
Loan2687209,Client48562,Nyarugenge,2022-06-07,2140000,1151534,125255,13,3,1,Written off
Loan2687216,Client66508,Nyagatare,2022-06-07,2650000,1067944,196874,14,2,0,Normal
Loan2687221,Client9868,Nyagatare,2022-06-07,1250000,537868,134908,13,3,0,Normal
Loan2687337,Client158859,Rubavu,2022-06-07,950000,467759,196950,14,3,1,Written off
Loan2687532,Client142310,Rubavu,2022-06-08,1850000,475125,175095,13,3,0,Normal
Loan2687798,Client130917,Rusizi,2022-06-08,690000,370555,96370,13,3,0,Normal
Loan2687817,Client176499,Kicukiro,2022-06-08,680000,259698,221970,14,3,0,Normal
Loan2687828,Client73920,Rusizi,2022-06-08,2995000,825538,307482,13,2,0,Normal
Loan2687926,Client140574,Nyamagabe,2022-06-09,1790000,604723,203208,13,3,0,Normal
Loan2688012,Client100814,Ngororero,2022-06-09,2680000,844527,270533,13,1,0,Normal
Loan2688042,Client104156,Nyarugenge,2022-06-09,870000,130738,108009,13,2,0,Normal
Loan2688057,Client76949,Gasabo,2022-06-09,2500000,949130,247587,13,2,0,Normal
Loan2688073,Client10946,Rubavu,2022-06-09,1020000,531172,118581,13,2,0,Normal
Loan2688099,Client56106,Rubavu,2022-06-09,800000,393647,84287,14,3,0,Normal
Loan2688135,Client76335,Ngororero,2022-06-09,2400000,1119773,207021,13,2,0,Normal
Loan2688143,Client8819,Rubavu,2022-06-09,1320000,1268863,254463,13,2,0,Normal
Loan2688246,Client31769,Kicukiro,2022-06-09,3150000,1032267,282060,13,3,0,Normal
Loan2688248,Client56603,Nyagatare,2022-06-09,1000000,213258,142199,13,2,0,Normal
Loan2688285,Client138316,Gasabo,2022-06-09,2420000,401268,231766,13,3,0,Normal
Loan2688294,Client117243,Gasabo,2022-06-09,870000,414532,108009,13,3,0,Normal
Loan2688298,Client26215,Rusizi,2022-06-09,1250000,372376,159246,13,3,0,Normal
Loan2688302,Client48036,Nyagatare,2022-06-09,600000,793635,116676,13,3,0,Normal
Loan2688305,Client154341,Kicukiro,2022-06-09,1900000,78635,175070,14,3,1,Written off
Loan2688312,Client150041,Rusizi,2022-06-09,2150000,675407,193616,13,2,0,Normal
Loan2688317,Client3462,Kicukiro,2022-06-09,3000000,971793,267013,13,3,0,Normal
Loan2688532,Client173117,Kicukiro,2022-06-10,440000,11699,45801,14,3,0,Normal
Loan2688544,Client65988,Ngororero,2022-06-10,2350000,734139,226714,13,3,0,Normal
Loan2688564,Client39916,Ngororero,2022-06-10,1040000,873679,118816,13,3,0,Normal
Loan2688607,Client151737,Nyanza,2022-06-10,2160000,205886,196331,13,4,0,Normal
Loan2688652,Client1742,Ngororero,2022-06-10,1150000,376623,126472,13,3,0,Normal
Loan2688663,Client1766,Ngororero,2022-06-10,1185000,633535,129146,13,3,0,Normal
Loan2688697,Client89529,Gasabo,2022-06-10,2640000,291786,307577,13,2,0,Normal
Loan2688726,Client133940,Rubavu,2022-06-10,770000,254348,101163,13,2,0,Normal
Loan2688939,Client49270,Rutsiro,2022-06-11,2000000,370502,148253,14,2,0,Normal
Loan2688958,Client41955,Rubavu,2022-06-11,700000,59082,117639,13,2,0,Normal
Loan2689267,Client133815,Rusizi,2022-06-13,2340000,166113,265160,13,3,0,Normal
Loan2689281,Client4161,Rusizi,2022-06-13,2380000,345663,227664,13,2,0,Normal
Loan2689298,Client68494,Nyagatare,2022-06-13,1840000,952501,175915,13,2,0,Normal
Loan2689339,Client176200,Kicukiro,2022-06-13,2400000,449658,221970,14,3,0,Normal
Loan2689483,Client141986,Ngororero,2022-06-14,2000000,678559,196541,13,3,0,Normal
Loan2689562,Client23391,Kicukiro,2022-06-14,1600000,2281187,259735,13,2,0,Normal
Loan2689566,Client44097,Ngororero,2022-06-14,2320000,589275,223864,13,3,0,Normal
Loan2689669,Client11591,Kicukiro,2022-06-14,1300000,592273,126624,13,2,0,Normal
Loan2689673,Client11187,Nyagatare,2022-06-14,1100000,100804,151400,13,2,0,Normal
Loan2689698,Client129075,Gasabo,2022-06-14,770000,403792,101543,13,2,0,Normal
Loan2689723,Client50056,Nyagatare,2022-06-14,1800000,1099133,173065,13,2,0,Normal
Loan2689734,Client175841,Gasabo,2022-06-14,1090000,353168,160348,14,2,0,Normal
Loan2689743,Client163540,Gasabo,2022-06-14,1460000,283328,175070,14,2,1,Written off
Loan2689764,Client41488,Nyarugenge,2022-06-14,2600000,830541,221970,14,2,0,Normal
Loan2689795,Client155677,Gasabo,2022-06-15,770000,75124,115938,13,2,0,Normal
Loan2689872,Client110868,Nyarugenge,2022-06-15,2430000,998966,223053,13,2,0,Normal
Loan2690124,Client108203,Nyarugenge,2022-06-15,2430000,349694,254883,13,2,0,Normal
Loan2690126,Client20530,Rusizi,2022-06-15,1050000,846813,120676,13,3,0,Normal
Loan2690149,Client72087,Rubavu,2022-06-15,1775000,99250,358400,14,2,0,Normal
Loan2690285,Client100374,Ngororero,2022-06-16,780000,498700,101298,13,3,0,Normal
Loan2690295,Client25568,Ngororero,2022-06-16,1040000,190813,118341,13,3,0,Normal
Loan2690329,Client86216,Rubavu,2022-06-16,862000,122101,129644,13,2,0,Normal
Loan2690349,Client134255,Rusizi,2022-06-16,3500000,1198386,296277,13,3,0,Normal
Loan2690377,Client68739,Gasabo,2022-06-16,3500000,105099,221970,14,3,0,Normal
Loan2690456,Client54526,Rubavu,2022-06-16,2410000,337799,284591,13,3,0,Normal
Loan2690488,Client135000,Gasabo,2022-06-16,1930000,195272,168363,14,2,0,Normal
Loan2690498,Client29332,Rusizi,2022-06-16,1420000,316518,147463,13,1,0,Normal
Loan2690623,Client141974,Ngororero,2022-06-17,2315000,197214,231214,13,3,0,Normal
Loan2690709,Client29547,Gasabo,2022-06-17,1800000,1337003,203762,13,2,0,Normal
Loan2690742,Client16848,Nyagatare,2022-06-17,2350000,360860,269956,13,2,0,Normal
Loan2690789,Client147669,Rutsiro,2022-06-17,2450000,776591,234065,13,3,0,Normal
Loan2690829,Client10141,Nyarugenge,2022-06-17,2440000,1001717,231175,13,3,0,Normal
Loan2690837,Client55395,Kicukiro,2022-06-17,2000000,297904,244630,13,3,0,Normal
Loan2690914,Client167129,Rubavu,2022-06-17,2440000,639432,249220,13,3,0,Normal
Loan2690924,Client171852,Nyarugenge,2022-06-17,1400000,84274,308659,14,3,1,Written off
Loan2691200,Client176309,Nyarugenge,2022-06-20,3500000,30120,175070,14,3,1,Written off
Loan2691243,Client161679,Nyagatare,2022-06-20,2380000,360860,269956,13,2,0,Normal
Loan2691280,Client60629,Nyagatare,2022-06-20,2350000,688495,226317,13,2,0,Normal
Loan2691480,Client40352,Ngororero,2022-06-21,2370000,1175591,229727,13,3,0,Normal
Loan2691490,Client21567,Nyamagabe,2022-06-21,980000,271568,139300,13,3,0,Normal
Loan2691498,Client2958,Rubavu,2022-06-21,1215000,897397,131216,13,3,0,Normal
Loan2691610,Client81603,Nyarugenge,2022-06-21,950000,670329,113648,13,2,0,Normal
Loan2691906,Client140657,Rubavu,2022-06-22,2230000,104031,194413,13,3,0,Normal
Loan2691974,Client10134,Rutsiro,2022-06-22,2600000,877902,307703,13,3,0,Normal
Loan2691976,Client131816,Kicukiro,2022-06-22,2870000,312124,264045,14,2,0,Normal
Loan2692123,Client142343,Rusizi,2022-06-22,2440000,777247,139494,13,3,0,Normal
Loan2692148,Client22252,Nyarugenge,2022-06-22,960000,126986,126712,13,3,0,Normal
Loan2692194,Client21257,Rusizi,2022-06-23,1010000,312344,117351,13,3,0,Normal
Loan2692320,Client154609,Rusizi,2022-06-23,2440000,143675,268050,13,3,0,Normal
Loan2692559,Client129296,Rusizi,2022-06-23,2450000,748916,270012,13,3,0,Normal
Loan2692672,Client157575,Gasabo,2022-06-23,660000,96591,93943,13,2,0,Normal
Loan2692765,Client80174,Kicukiro,2022-06-24,950000,299976,175922,13,2,0,Normal
Loan2692810,Client137503,Nyanza,2022-06-24,1620000,283809,154530,13,3,0,Normal
Loan2692839,Client69737,Nyamagabe,2022-06-24,1800000,166593,208786,13,2,0,Normal
Loan2693148,Client101840,Nyagatare,2022-06-24,2300000,538466,223166,13,2,0,Normal
Loan2693178,Client110581,Nyanza,2022-06-24,2700000,531910,159900,13,2,0,Normal
Loan2693839,Client128277,Ngororero,2022-06-27,2150000,923369,212734,13,2,0,Normal
Loan2693924,Client162067,Ngororero,2022-06-27,1880000,105720,212836,13,3,0,Normal
Loan2694004,Client64141,Rusizi,2022-06-27,1870000,1148010,179405,13,2,0,Normal
Loan2694121,Client60693,Nyagatare,2022-06-27,2100000,994555,224417,13,2,0,Normal
Loan2694132,Client110389,Nyagatare,2022-06-27,2650000,701070,105980,14,3,0,Normal
Loan2694290,Client32235,Rusizi,2022-06-27,3200000,586513,269353,13,2,0,Normal
Loan2694527,Client61380,Nyagatare,2022-06-28,2600000,917875,269229,13,2,0,Normal
Loan2694586,Client42899,Rutsiro,2022-06-28,1380000,796027,142904,13,2,0,Normal
Loan2694639,Client52895,Kicukiro,2022-06-28,2600000,518911,221970,14,2,0,Normal
Loan2694676,Client146329,Nyanza,2022-06-28,600000,321937,100602,13,2,0,Normal
Loan2694678,Client84545,Rubavu,2022-06-28,2315000,1033674,240631,13,3,0,Normal
Loan2694687,Client21892,Rubavu,2022-06-28,2930000,526304,302578,13,2,0,Normal
Loan2694709,Client31387,Nyagatare,2022-06-28,2450000,244775,283611,13,2,0,Normal
Loan2694721,Client122745,Nyarugenge,2022-06-28,2050000,464859,138413,14,3,0,Normal
Loan2694766,Client25615,Nyagatare,2022-06-28,800000,613778,113826,13,2,0,Normal
Loan2694863,Client132044,Kicukiro,2022-06-28,1850000,196034,198490,14,3,1,Written off
Loan2694995,Client24765,Rusizi,2022-06-28,768000,288926,142224,13,3,0,Normal
Loan2695072,Client125243,Gasabo,2022-06-29,970000,703449,113441,14,1,1,Written off
Loan2695077,Client127082,Nyanza,2022-06-29,755000,410081,100041,13,3,0,Normal
Loan2695174,Client122845,Nyamagabe,2022-06-29,750000,48342,121996,13,3,0,Normal
Loan2695328,Client62521,Rubavu,2022-06-29,1870000,725374,214038,13,2,0,Normal
Loan2695386,Client139867,Rubavu,2022-06-29,2130000,711289,202467,13,3,0,Normal
Loan2695448,Client133794,Nyamagabe,2022-06-29,2300000,243097,271862,13,3,0,Normal
Loan2695490,Client80957,Nyarugenge,2022-06-29,950000,690238,113648,13,2,0,Normal
Loan2695502,Client141018,Nyamagabe,2022-06-29,2400000,363304,267060,13,2,0,Normal
Loan2695743,Client130073,Nyagatare,2022-06-30,730000,151068,122389,13,3,0,Normal
Loan2695800,Client155430,Nyagatare,2022-06-30,2380000,178495,247955,13,2,0,Normal
Loan2695860,Client158444,Nyagatare,2022-06-30,2400000,729856,249380,13,3,0,Normal
Loan2695940,Client77386,Kicukiro,2022-06-30,2700000,665334,250353,13,2,0,Normal
Loan2696062,Client5115,Rutsiro,2022-06-30,1430000,604811,139477,13,3,0,Normal
Loan2696112,Client118143,Nyamagabe,2022-06-30,2400000,520225,228669,13,3,0,Normal
Loan2696134,Client122614,Rubavu,2022-06-30,2150000,142473,242982,14,3,0,Normal
Loan2696197,Client132388,Kicukiro,2022-06-30,770000,186322,101120,13,2,0,Normal
Loan2696296,Client163538,Gasabo,2022-06-30,848000,161270,113100,14,2,0,Normal
Loan2696948,Client104099,Gasabo,2022-07-02,1930000,73611,135612,14,3,1,Written off
Loan2697217,Client151519,Gasabo,2022-07-02,1500000,233965,129150,13,3,0,Normal
Loan2697406,Client24812,Rusizi,2022-07-02,2100000,1446294,168358,13,3,0,Normal
Loan2697682,Client154695,Rubavu,2022-07-05,2200000,681822,113100,14,3,0,Normal
Loan2697749,Client126,Ngororero,2022-07-05,1200000,648381,135558,13,3,0,Normal
Loan2697799,Client155771,Rusizi,2022-07-05,2150000,348308,203892,13,2,0,Normal
Loan2697803,Client134062,Ngororero,2022-07-05,775000,336781,101234,13,3,0,Normal
Loan2697869,Client161599,Nyagatare,2022-07-05,2000000,451440,247840,13,2,0,Normal
Loan2697905,Client134115,Ngororero,2022-07-05,775000,40571,111917,13,2,0,Normal
Loan2697941,Client3210,Rubavu,2022-07-05,775000,83136,103389,13,2,0,Normal
Loan2698030,Client75654,Nyarugenge,2022-07-05,1240000,673121,234065,14,3,0,Normal
Loan2698066,Client21259,Rusizi,2022-07-05,1010000,887112,117351,13,2,0,Normal
Loan2698076,Client163387,Nyarugenge,2022-07-05,430000,478209,238741,14,3,1,Written off
Loan2698166,Client155661,Gasabo,2022-07-06,770000,63763,116257,13,3,0,Normal
Loan2698248,Client94087,Rubavu,2022-07-06,2970000,1423580,268446,13,3,0,Normal
Loan2698479,Client57373,Gasabo,2022-07-06,2740000,102178,186048,13,2,0,Normal
Loan2698501,Client99579,Rubavu,2022-07-06,2030000,665568,183926,13,2,0,Normal
Loan2698585,Client113599,Gasabo,2022-07-06,870000,234820,108009,13,2,0,Normal
Loan2698597,Client72620,Nyagatare,2022-07-06,1550000,957167,196357,13,3,0,Normal
Loan2698672,Client132820,Kicukiro,2022-07-06,2160000,57092,181152,14,3,0,Normal
Loan2698916,Client56978,Kicukiro,2022-07-07,2300000,184874,302440,13,2,0,Normal
Loan2698983,Client40553,Rubavu,2022-07-07,3280000,1995355,325273,13,2,0,Normal
Loan2698986,Client59655,Nyanza,2022-07-07,950000,338898,136835,13,2,0,Normal
Loan2699041,Client88804,Nyamagabe,2022-07-07,2540000,1232005,229473,13,3,0,Normal
Loan2699183,Client11044,Rutsiro,2022-07-07,3200000,2130896,230645,13,2,0,Normal
Loan2699192,Client133067,Rusizi,2022-07-07,790000,391881,102545,13,3,0,Normal
Loan2699201,Client121833,Kicukiro,2022-07-07,2470000,947438,121000,14,2,0,Normal
Loan2699262,Client166039,Rubavu,2022-07-07,1500000,350320,493850,14,3,0,Normal
Loan2699263,Client30516,Rutsiro,2022-07-07,2415000,1267343,230645,13,2,0,Normal
Loan2699298,Client134221,Gasabo,2022-07-07,2050000,203645,197147,13,3,0,Normal
Loan2699518,Client6619,Nyagatare,2022-07-08,1850000,485505,170777,13,3,0,Normal
Loan2699548,Client76450,Nyanza,2022-07-08,915000,667843,110047,13,3,0,Normal
Loan2699572,Client28528,Nyamagabe,2022-07-08,1830000,1269950,172333,13,3,0,Normal
Loan2699701,Client78676,Nyagatare,2022-07-08,2380000,510538,226317,13,3,0,Normal
Loan2699719,Client66688,Nyanza,2022-07-08,760000,678074,99597,13,2,0,Normal
Loan2699810,Client46766,Nyamagabe,2022-07-08,2040000,192040,215386,14,3,0,Normal
Loan2699865,Client10338,Nyanza,2022-07-08,2400000,359970,306442,13,3,0,Normal
Loan2699940,Client18901,Nyamagabe,2022-07-08,1500000,328323,173947,13,2,0,Normal
Loan2700196,Client96880,Gasabo,2022-07-09,2060000,-102128,221970,14,2,0,Normal
Loan2700275,Client117892,Nyarugenge,2022-07-09,1500000,967974,163818,13,2,0,Normal
Loan2700485,Client133494,Nyamagabe,2022-07-12,2300000,411774,238836,13,3,0,Normal
Loan2700586,Client21179,Nyagatare,2022-07-12,750000,40858,142699,13,2,0,Normal
Loan2700722,Client126128,Nyamagabe,2022-07-12,750000,423979,99997,13,3,0,Normal
Loan2700733,Client100207,Rusizi,2022-07-12,3300000,1238082,278227,13,2,0,Normal
Loan2700820,Client46501,Rubavu,2022-07-12,1030000,726234,142657,13,2,0,Normal
Loan2700908,Client78692,Nyagatare,2022-07-12,930000,688046,110730,13,3,0,Normal
Loan2700973,Client30486,Nyanza,2022-07-12,1270000,366377,162096,13,2,0,Normal
Loan2701033,Client110099,Rusizi,2022-07-12,2125000,212707,228957,13,2,0,Normal
Loan2701044,Client129734,Rusizi,2022-07-12,770000,107021,101120,13,2,0,Normal
Loan2701066,Client178735,Nyarugenge,2022-07-12,1265000,30120,175070,14,3,1,Written off
Loan2701096,Client104126,Rusizi,2022-07-12,885000,253964,207900,14,2,0,Normal
Loan2701112,Client24828,Rusizi,2022-07-12,2325000,260772,240880,13,2,0,Normal
Loan2701116,Client150055,Rusizi,2022-07-12,1660000,134230,157039,13,2,0,Normal
Loan2701231,Client99533,Rutsiro,2022-07-13,2600000,1132690,258065,13,2,0,Normal
Loan2701443,Client15938,Nyamagabe,2022-07-13,2370000,652109,269536,13,3,0,Normal
Loan2701458,Client124704,Rubavu,2022-07-13,760000,197056,107133,13,3,0,Normal
Loan2701547,Client140942,Nyagatare,2022-07-13,2380000,141273,249380,13,3,0,Normal
Loan2701567,Client72590,Nyagatare,2022-07-13,2170000,241732,272760,13,3,0,Normal
Loan2701629,Client155580,Nyagatare,2022-07-13,1800000,60839,167888,13,2,0,Normal
Loan2701680,Client6095,Nyagatare,2022-07-13,1240000,1012013,131926,13,2,0,Normal
Loan2701780,Client40933,Ngororero,2022-07-14,2330000,1020463,248272,13,3,0,Normal
Loan2701969,Client118729,Rubavu,2022-07-14,2735000,310569,285833,13,3,0,Normal
Loan2701978,Client40675,Rubavu,2022-07-14,2350000,1159411,225990,13,2,0,Normal
Loan2702004,Client77813,Rutsiro,2022-07-14,2310000,324655,182275,13,2,0,Normal
Loan2702022,Client134165,Gasabo,2022-07-14,3500000,149504,175070,14,2,1,Written off
Loan2702042,Client24266,Kicukiro,2022-07-14,950000,78459,142699,13,3,0,Normal
Loan2702097,Client126665,Rubavu,2022-07-14,1869000,669756,178930,13,3,0,Normal
Loan2702123,Client76475,Nyagatare,2022-07-14,2800000,736052,282269,13,3,0,Normal
Loan2702132,Client173019,Rusizi,2022-07-14,1090000,68743,116849,14,2,0,Normal
Loan2702158,Client91362,Rutsiro,2022-07-14,890000,377703,109848,13,2,0,Normal
Loan2702170,Client1059,Rusizi,2022-07-14,1470000,81624,129430,13,2,0,Normal
Loan2702206,Client92828,Rusizi,2022-07-14,910000,646134,110314,13,3,0,Normal
Loan2702214,Client67514,Nyanza,2022-07-14,2820000,341604,327320,14,2,0,Normal
Loan2702226,Client122991,Rusizi,2022-07-14,865000,485135,107554,13,3,0,Normal
Loan2702287,Client87657,Rusizi,2022-07-14,2620000,1804313,179880,13,3,0,Normal
Loan2702298,Client50287,Kicukiro,2022-07-14,3500000,2695661,316319,13,3,0,Normal
Loan2702311,Client142485,Rusizi,2022-07-14,2350000,335542,261881,13,3,0,Normal
Loan2702314,Client45816,Rusizi,2022-07-14,1040000,515200,137949,13,3,0,Normal
Loan2702371,Client133587,Nyamagabe,2022-07-15,1640000,224407,156722,13,3,0,Normal
Loan2702415,Client1054,Rubavu,2022-07-15,1330000,1004227,138871,13,2,0,Normal
Loan2702471,Client10928,Ngororero,2022-07-15,1870000,1115645,179253,13,2,0,Normal
Loan2702496,Client100173,Nyanza,2022-07-15,2980000,261689,266345,13,3,0,Normal
Loan2702559,Client134508,Kicukiro,2022-07-15,2440000,657412,232640,13,2,0,Normal
Loan2702662,Client57712,Nyarugenge,2022-07-15,2340000,478209,221970,14,3,0,Normal
Loan2702698,Client122034,Nyagatare,2022-07-15,1840000,663563,214469,13,2,0,Normal
Loan2702725,Client2397,Rutsiro,2022-07-16,1335000,813822,139952,13,2,0,Normal
Loan2702926,Client61976,Rusizi,2022-07-18,2435000,256864,231464,13,3,0,Normal
Loan2702944,Client98386,Nyamagabe,2022-07-18,720000,99598,129430,13,2,0,Normal
Loan2703145,Client81284,Kicukiro,2022-07-18,1370000,51464,114199,14,3,0,Normal
Loan2703208,Client163451,Ngororero,2022-07-18,2470000,241061,248645,13,2,0,Normal
Loan2703338,Client175274,Gasabo,2022-07-18,1350000,449658,221970,14,3,0,Normal
Loan2703362,Client120989,Ngororero,2022-07-18,660000,213490,94109,13,2,0,Normal
Loan2703406,Client130421,Rusizi,2022-07-18,690000,597391,246055,13,3,0,Normal
Loan2703466,Client128201,Rutsiro,2022-07-19,135000,66466,117639,13,2,0,Normal
Loan2703524,Client130473,Nyanza,2022-07-19,1890000,770657,215894,13,2,0,Normal
Loan2703544,Client10486,Nyanza,2022-07-19,2472000,237769,322503,13,3,0,Normal
Loan2703595,Client84654,Gasabo,2022-07-19,3280000,216937,328439,13,4,0,Normal
Loan2703605,Client127122,Rusizi,2022-07-19,770000,406795,123814,13,3,0,Normal
Loan2703618,Client99354,Nyamagabe,2022-07-19,2100000,322769,227232,13,3,0,Normal
Loan2703633,Client131684,Nyanza,2022-07-19,1980000,219732,134519,14,3,0,Normal
Loan2703681,Client125381,Ngororero,2022-07-19,750000,245439,116639,13,2,0,Normal
Loan2703691,Client15626,Rusizi,2022-07-19,2350000,320794,226239,13,2,0,Normal
Loan2703698,Client80713,Rubavu,2022-07-19,945000,696456,133753,13,2,0,Normal
Loan2703721,Client85613,Nyanza,2022-07-19,2420000,724069,228890,13,3,0,Normal
Loan2703736,Client68637,Nyagatare,2022-07-19,930000,78579,135635,13,3,0,Normal
Loan2703739,Client178464,Nyarugenge,2022-07-19,2600000,30120,175070,14,3,1,Written off
Loan2703742,Client178394,Gasabo,2022-07-19,1430000,353168,160348,14,3,0,Normal
Loan2703745,Client49351,Ngororero,2022-07-19,2200000,1025982,202640,13,3,0,Normal
Loan2703759,Client76284,Rubavu,2022-07-19,2920000,1859805,264646,13,3,0,Normal
Loan2703772,Client108601,Rubavu,2022-07-19,820000,548155,125602,13,3,0,Normal
Loan2703798,Client178103,Kicukiro,2022-07-19,1920000,470982,250533,14,2,0,Normal
Loan2703839,Client38776,Nyarugenge,2022-07-19,2740000,2243517,243863,13,2,0,Normal
Loan2703868,Client129733,Rutsiro,2022-07-19,1800000,350729,179845,13,2,0,Normal
Loan2703875,Client14857,Gasabo,2022-07-19,770000,323283,101543,13,3,0,Normal
Loan2703888,Client176506,Kicukiro,2022-07-19,1920000,19070,281286,14,2,0,Normal
Loan2703943,Client109639,Rusizi,2022-07-19,2120000,275540,196078,13,3,0,Normal
Loan2704129,Client9452,Kicukiro,2022-07-20,1000000,1009661,154839,13,2,0,Normal
Loan2704167,Client178099,Kicukiro,2022-07-20,2000000,562841,281286,14,3,0,Normal
Loan2704186,Client133621,Nyagatare,2022-07-20,2380000,759255,250645,13,3,0,Normal
Loan2704198,Client161496,Nyagatare,2022-07-20,2380000,438633,270431,13,3,0,Normal
Loan2704209,Client132765,Rubavu,2022-07-20,795000,39002,102968,13,3,0,Normal
Loan2704216,Client138210,Kicukiro,2022-07-20,3150000,386051,221970,14,3,0,Normal
Loan2704244,Client130712,Nyanza,2022-07-20,765000,68534,122389,13,3,0,Normal
Loan2704300,Client178702,Rubavu,2022-07-20,3500000,517721,175070,14,3,1,Written off
Loan2704331,Client83522,Nyanza,2022-07-20,2300000,1456382,206991,13,2,0,Normal
Loan2704352,Client120447,Nyanza,2022-07-20,760000,455832,99566,13,3,0,Normal
Loan2704357,Client120712,Kicukiro,2022-07-20,1750000,1040895,229644,14,3,0,Normal
Loan2704369,Client79642,Rusizi,2022-07-20,2200000,753914,256181,13,2,0,Normal
Loan2704425,Client49599,Nyagatare,2022-07-20,2380000,902164,256631,13,2,0,Normal
Loan2704498,Client178628,Kicukiro,2022-07-21,1920000,50201,221970,14,2,0,Normal
Loan2704526,Client2811,Nyagatare,2022-07-21,1350000,1118807,141328,13,3,0,Normal
Loan2704550,Client128406,Nyamagabe,2022-07-21,2000000,247566,107124,13,3,0,Normal
Loan2704637,Client155528,Nyagatare,2022-07-21,1830000,128394,175915,13,2,0,Normal
Loan2704656,Client44152,Nyagatare,2022-07-21,1700000,300674,168315,13,3,0,Normal
Loan2704715,Client82448,Nyamagabe,2022-07-21,1870000,444264,178663,13,2,0,Normal
Loan2704732,Client59262,Nyanza,2022-07-21,1700000,645480,249265,13,3,0,Normal
Loan2704758,Client7500,Kicukiro,2022-07-21,3150000,585052,274028,14,2,0,Normal
Loan2704793,Client159308,Kicukiro,2022-07-21,560000,651841,221970,14,3,0,Normal
Loan2704826,Client158811,Kicukiro,2022-07-21,1700000,1167547,147330,14,2,0,Normal
Loan2704835,Client87517,Nyarugenge,2022-07-21,2420000,736168,272242,13,2,0,Normal
Loan2704857,Client8067,Rusizi,2022-07-21,1100000,1009188,124960,13,3,0,Normal
Loan2704884,Client113227,Rusizi,2022-07-21,3500000,1688786,314194,13,2,0,Normal
Loan2704913,Client929,Gasabo,2022-07-21,3290000,850701,218295,13,2,0,Normal
Loan2704936,Client28763,Rusizi,2022-07-21,1830000,1197689,176555,13,2,0,Normal
Loan2704943,Client150069,Rusizi,2022-07-21,2400000,697829,231464,13,2,0,Normal
Loan2705076,Client78009,Kicukiro,2022-07-22,3500000,992133,248905,14,3,0,Normal
Loan2705130,Client28757,Nyamagabe,2022-07-22,1280000,649664,162439,13,3,0,Normal
Loan2705185,Client55357,Gasabo,2022-07-22,2200000,574209,340254,14,2,0,Normal
Loan2705201,Client150748,Kicukiro,2022-07-22,650000,276763,93563,13,3,0,Normal
Loan2705251,Client110379,Gasabo,2022-07-22,800000,88079,129406,13,2,0,Normal
Loan2705267,Client49746,Kicukiro,2022-07-22,3460000,93519,221970,14,2,0,Normal
Loan2705326,Client76416,Ngororero,2022-07-22,1800000,1056580,176763,13,3,0,Normal
Loan2705384,Client40187,Ngororero,2022-07-22,940000,277997,139799,13,2,0,Normal
Loan2705468,Client128065,Nyamagabe,2022-07-22,760000,402811,99997,13,2,0,Normal
Loan2705503,Client134962,Gasabo,2022-07-22,1170000,391220,84884,14,1,1,Written off
Loan2705926,Client99099,Nyanza,2022-07-25,2980000,523993,266345,13,2,0,Normal
Loan2705933,Client161888,Nyanza,2022-07-25,2420000,736418,200142,13,2,0,Normal
Loan2706230,Client56766,Ngororero,2022-07-25,3500000,1737296,363359,13,3,0,Normal
Loan2706311,Client155534,Nyagatare,2022-07-25,2380000,480967,218940,13,2,0,Normal
Loan2706350,Client81027,Rubavu,2022-07-25,945000,572009,127948,13,3,0,Normal
Loan2706352,Client122683,Kicukiro,2022-07-25,2050000,224450,171576,14,2,0,Normal
Loan2706370,Client176198,Gasabo,2022-07-25,2200000,705714,340254,14,3,0,Normal
Loan2706556,Client76008,Rutsiro,2022-07-25,3000000,296682,328009,14,2,0,Normal
Loan2707035,Client92795,Rusizi,2022-07-26,870000,180398,107939,13,2,0,Normal
Loan2707043,Client11356,Ngororero,2022-07-26,1240000,223092,133183,13,3,0,Normal
Loan2707052,Client86714,Ngororero,2022-07-26,3500000,1963283,340644,13,2,0,Normal
Loan2707063,Client15715,Ngororero,2022-07-26,1870000,841420,184623,13,2,0,Normal
Loan2707078,Client5258,Rusizi,2022-07-26,1370000,1115755,141573,13,3,0,Normal
Loan2707102,Client173983,Kicukiro,2022-07-26,1950000,181180,221970,14,2,0,Normal
Loan2707157,Client55636,Rutsiro,2022-07-26,885000,73181,112244,13,3,0,Normal
Loan2707330,Client7620,Gasabo,2022-07-27,1300000,1059985,164814,13,2,0,Normal
Loan2707454,Client16921,Rutsiro,2022-07-27,2990000,659968,213067,14,2,0,Normal
Loan2707495,Client99539,Ngororero,2022-07-27,1800000,251024,212215,13,3,0,Normal
Loan2707508,Client75494,Gasabo,2022-07-27,2480000,199775,307615,13,2,0,Normal
Loan2707661,Client120797,Nyagatare,2022-07-27,2380000,932777,226317,13,3,0,Normal
Loan2707725,Client137389,Kicukiro,2022-07-27,2170000,227904,205317,13,2,0,Normal
Loan2707797,Client22815,Rusizi,2022-07-27,1040000,787446,142699,13,2,0,Normal
Loan2707862,Client60669,Nyamagabe,2022-07-28,2960000,1857599,306190,13,2,0,Normal
Loan2707911,Client161836,Nyagatare,2022-07-28,2380000,342801,250690,13,3,0,Normal
Loan2707952,Client41880,Nyamagabe,2022-07-28,1030000,439418,119960,13,3,0,Normal
Loan2707980,Client4467,Rusizi,2022-07-28,2970000,1900767,267928,13,2,0,Normal
Loan2708013,Client3891,Gasabo,2022-07-28,1500000,468080,142775,14,1,0,Normal
Loan2708061,Client125561,Gasabo,2022-07-28,3000000,784111,385525,14,2,0,Normal
Loan2708291,Client178552,Nyanza,2022-07-28,2245000,29410,238836,14,3,0,Normal
Loan2708327,Client163491,Nyanza,2022-07-28,3400000,499818,343171,14,2,0,Normal
Loan2708399,Client3068,Nyanza,2022-07-29,760000,314276,134630,13,3,0,Normal
Loan2708423,Client1011,Rubavu,2022-07-29,2675000,703187,233657,13,3,0,Normal
Loan2708698,Client50204,Rubavu,2022-07-29,1000000,785695,125025,13,3,0,Normal
Loan2708762,Client134815,Nyarugenge,2022-07-29,2000000,533449,221970,14,3,0,Normal
Loan2708765,Client22376,Nyanza,2022-07-29,2860000,1187761,167897,13,2,0,Normal
Loan2709136,Client15718,Ngororero,2022-08-01,2550000,839677,254102,14,3,0,Normal
Loan2709330,Client79727,Nyanza,2022-08-01,905000,84511,246415,13,3,0,Normal
Loan2709370,Client88766,Nyamagabe,2022-08-01,2300000,1008514,207275,13,2,0,Normal
Loan2709410,Client135287,Ngororero,2022-08-01,680000,52293,103844,13,2,0,Normal
Loan2709539,Client163484,Kicukiro,2022-08-01,2180000,385429,221970,14,3,0,Normal
Loan2709542,Client130452,Nyanza,2022-08-01,1888000,412857,199219,13,2,0,Normal
Loan2709657,Client48500,Nyagatare,2022-08-01,1840000,386836,175915,13,2,0,Normal
Loan2710172,Client62746,Rutsiro,2022-08-02,2840000,645061,239329,13,2,0,Normal
Loan2710216,Client95385,Rusizi,2022-08-02,950000,438034,113164,13,2,0,Normal
Loan2710343,Client150620,Nyanza,2022-08-02,2443000,299306,237632,13,3,0,Normal
Loan2710392,Client63427,Rusizi,2022-08-02,2780000,1888364,255103,13,3,0,Normal
Loan2710643,Client3561,Rutsiro,2022-08-03,1700000,254238,257103,13,3,0,Normal
Loan2710656,Client140765,Nyamagabe,2022-08-03,2000000,188023,193497,13,3,0,Normal
Loan2710896,Client76025,Rubavu,2022-08-03,2170000,380893,310618,13,3,0,Normal
Loan2710900,Client119856,Kicukiro,2022-08-03,3500000,1641120,214171,14,2,0,Normal
Loan2710974,Client65184,Rusizi,2022-08-03,899000,266756,109554,13,2,0,Normal
Loan2711022,Client122060,Kicukiro,2022-08-03,2640000,-20124,221970,14,3,0,Normal
Loan2711071,Client175484,Kicukiro,2022-08-03,2050000,120766,141600,14,3,0,Normal
Loan2711088,Client99400,Nyamagabe,2022-08-03,2580000,684743,306152,13,3,0,Normal
Loan2711134,Client26231,Nyarugenge,2022-08-03,1050000,324361,120980,13,2,0,Normal
Loan2711557,Client23515,Nyamagabe,2022-08-04,1800000,343097,250442,13,3,0,Normal
Loan2711613,Client19229,Ngororero,2022-08-04,1090000,367760,123301,13,3,0,Normal
Loan2711710,Client66705,Rutsiro,2022-08-04,1800000,972020,175000,13,3,0,Normal
Loan2711789,Client161505,Nyagatare,2022-08-04,2380000,200817,265000,13,2,0,Normal
Loan2711796,Client122451,Gasabo,2022-08-04,3500000,827242,363400,14,2,0,Normal
Loan2712344,Client95823,Gasabo,2022-08-08,1890000,102846,206186,13,3,0,Normal
Loan2712480,Client134220,Gasabo,2022-08-08,2150000,228745,232545,13,3,0,Normal
Loan2712622,Client23424,Nyamagabe,2022-08-08,1900000,219229,242442,13,3,0,Normal
Loan2712776,Client161106,Nyanza,2022-08-08,2423000,331848,250805,13,3,0,Normal
Loan2712783,Client40227,Ngororero,2022-08-08,1010000,762581,117514,13,3,0,Normal
Loan2712836,Client128407,Nyagatare,2022-08-08,680000,90749,215830,13,3,0,Normal
Loan2712850,Client60418,Nyagatare,2022-08-08,1500000,1282423,192206,13,3,0,Normal
Loan2712933,Client132909,Nyamagabe,2022-08-08,1850000,328834,177143,13,2,0,Normal
Loan2712946,Client67351,Nyamagabe,2022-08-08,2000000,736804,240405,13,2,0,Normal
Loan2712957,Client176513,Kicukiro,2022-08-08,680000,379258,94000,14,2,1,Written off
Loan2713070,Client19635,Nyamagabe,2022-08-09,2140000,1422133,253386,13,2,0,Normal
Loan2713192,Client101829,Nyagatare,2022-08-09,1980000,127219,216139,13,3,0,Normal
Loan2713253,Client39884,Gasabo,2022-08-09,1700000,260449,140900,14,2,1,Written off
Loan2713255,Client119289,Nyamagabe,2022-08-09,850000,255832,106349,13,3,0,Normal
Loan2713323,Client161475,Nyagatare,2022-08-09,2380000,528260,237632,13,2,0,Normal
Loan2713325,Client15281,Nyanza,2022-08-09,800000,937622,123831,13,3,0,Normal
Loan2713351,Client143998,Nyagatare,2022-08-09,2100000,697249,207317,13,3,0,Normal
Loan2713376,Client123232,Rutsiro,2022-08-09,2740000,400641,288621,13,3,0,Normal
Loan2713406,Client77746,Rubavu,2022-08-09,2613000,922527,234978,13,2,0,Normal
Loan2713425,Client113311,Nyanza,2022-08-09,3000000,1032031,175922,13,2,0,Normal
Loan2713442,Client59770,Ngororero,2022-08-09,950000,315957,112996,13,3,0,Normal
Loan2713503,Client13704,Ngororero,2022-08-09,2120000,1551097,328542,13,2,0,Normal
Loan2713533,Client134572,Gasabo,2022-08-09,2480000,336460,237057,14,3,0,Normal
Loan2713661,Client160287,Nyanza,2022-08-10,1890000,412857,199219,13,3,0,Normal
Loan2713724,Client130019,Nyanza,2022-08-10,1900000,779004,214261,13,2,0,Normal
Loan2713754,Client54586,Nyanza,2022-08-10,980000,560179,114639,13,2,0,Normal
Loan2713854,Client123269,Kicukiro,2022-08-10,3150000,280738,215503,14,2,0,Normal
Loan2713908,Client174930,Rusizi,2022-08-10,2450000,127758,203437,13,3,0,Normal
Loan2714165,Client85553,Nyagatare,2022-08-11,2650000,865203,246236,13,2,0,Normal
Loan2714179,Client128874,Nyagatare,2022-08-11,2380000,108303,226317,13,3,0,Normal
Loan2714242,Client82355,Nyarugenge,2022-08-11,2000000,777061,221970,14,2,0,Normal
Loan2714299,Client121396,Nyanza,2022-08-11,1500000,752213,200142,13,3,0,Normal
Loan2714339,Client89879,Rusizi,2022-08-11,3500000,1085301,295802,13,2,0,Normal
Loan2714571,Client60316,Rusizi,2022-08-12,950000,134575,137560,13,3,0,Normal
Loan2714965,Client72755,Rusizi,2022-08-15,1070000,108076,127522,14,3,0,Normal
Loan2714993,Client70846,Rutsiro,2022-08-16,2120000,548118,228216,13,2,0,Normal
Loan2715028,Client21591,Nyamagabe,2022-08-16,900000,1050316,164339,13,3,0,Normal
Loan2715182,Client64659,Rusizi,2022-08-16,2760000,1657270,253520,13,3,0,Normal
Loan2715184,Client48128,Nyagatare,2022-08-16,930000,246846,228913,13,2,0,Normal
Loan2715191,Client161697,Rusizi,2022-08-16,1870000,407412,181305,13,2,0,Normal
Loan2715277,Client141032,Nyagatare,2022-08-16,680000,312690,117639,13,2,0,Normal
Loan2715327,Client175273,Gasabo,2022-08-16,3460000,697169,175070,14,2,1,Written off
Loan2715522,Client2043,Rubavu,2022-08-17,3250000,1111204,326320,13,3,0,Normal
Loan2715746,Client46049,Rutsiro,2022-08-18,2550000,803912,218577,14,2,0,Normal
Loan2715774,Client133152,Kicukiro,2022-08-18,2000000,864419,136885,14,3,0,Normal
Loan2715902,Client16779,Nyanza,2022-08-19,3320000,1870969,235166,14,3,0,Normal
Loan2715917,Client132015,Rutsiro,2022-08-19,775000,257447,101543,13,3,0,Normal
Loan2716022,Client70119,Ngororero,2022-08-19,950000,121632,113648,13,3,0,Normal
Loan2716280,Client163763,Rusizi,2022-08-22,1364997,61932,250645,14,2,0,Normal
Loan2716547,Client73849,Nyanza,2022-08-23,3200000,449658,221970,14,3,0,Normal
Loan2716586,Client121062,Nyamagabe,2022-08-24,1630000,321824,155807,13,3,0,Normal
Loan2716674,Client140393,Rubavu,2022-08-24,625000,291637,116525,14,2,1,Written off
Loan2716888,Client132509,Nyamagabe,2022-08-25,2100000,782324,199672,13,2,0,Normal
Loan2717183,Client49760,Nyanza,2022-08-26,975000,14200,142224,14,3,1,Written off
Loan2717652,Client178624,Gasabo,2022-08-29,2360000,259954,169964,14,2,0,Normal
Loan2717977,Client49734,Kicukiro,2022-08-29,3460000,1074052,221970,14,2,0,Normal
Loan2718025,Client110159,Ngororero,2022-08-29,2630000,263085,178188,13,3,0,Normal
Loan2718629,Client41449,Nyarugenge,2022-08-30,3200000,119299,276900,13,2,0,Normal
Loan2719713,Client119941,Kicukiro,2022-08-31,1500000,528378,221970,14,3,0,Normal
Loan2719794,Client50365,Rusizi,2022-08-31,1750000,529089,119251,13,2,0,Normal
Loan2719856,Client1261,Ngororero,2022-08-31,1800000,499452,162996,13,2,0,Normal
Loan2719861,Client42686,Rutsiro,2022-08-31,1025000,31901,96793,14,2,0,Normal
Loan2719870,Client111630,Nyamagabe,2022-08-31,1300000,109551,89350,14,3,0,Normal
Loan2719949,Client14561,Rusizi,2022-08-31,1840000,794338,125185,13,2,0,Normal
Loan2720074,Client3563,Ngororero,2022-08-31,1300000,300580,157808,13,3,0,Normal
Loan2720104,Client132347,Gasabo,2022-08-31,2900000,68128,214050,14,3,0,Normal
Loan2720783,Client162034,Ngororero,2022-09-01,3240000,249590,233395,13,3,0,Normal
Loan2720952,Client100683,Rubavu,2022-09-01,1520000,147362,121914,13,2,0,Normal
Loan2720983,Client176672,Nyarugenge,2022-09-01,790000,16654,221970,14,3,0,Normal
Loan2721068,Client100164,Nyanza,2022-09-01,3500000,283956,265870,13,3,0,Normal
Loan2721077,Client66673,Rutsiro,2022-09-01,1500000,78452,133984,13,2,0,Normal
Loan2721828,Client5287,Rusizi,2022-09-01,3500000,1051791,264319,13,2,0,Normal
Loan2721859,Client125417,Rusizi,2022-09-01,1400000,165174,125656,13,3,0,Normal
Loan2722272,Client50671,Ngororero,2022-09-02,1590000,562560,108721,13,3,0,Normal
Loan2722559,Client38900,Kicukiro,2022-09-02,1730000,779326,118776,13,2,0,Normal
Loan2723250,Client21307,Nyanza,2022-09-02,1730000,324164,117964,13,2,0,Normal
Loan2723318,Client134060,Ngororero,2022-09-02,1480000,349393,153384,13,2,0,Normal
Loan2723396,Client49630,Nyanza,2022-09-02,2000000,223510,166795,13,3,0,Normal
Loan2723443,Client130488,Rutsiro,2022-09-02,1400000,108022,96318,13,3,0,Normal
Loan2723466,Client178788,Kicukiro,2022-09-02,3500000,380244,235358,14,2,0,Normal
Loan2723523,Client118426,Rusizi,2022-09-02,1580000,77266,250964,13,3,0,Normal
Loan2723566,Client66209,Ngororero,2022-09-02,3200000,173947,217046,13,1,0,Normal
Loan2723767,Client38654,Nyarugenge,2022-09-02,1800000,-367512,165689,13,3,0,Normal
Loan2723892,Client24773,Rusizi,2022-09-02,720000,2404582,269863,13,3,0,Normal
Loan2723899,Client126981,Gasabo,2022-09-02,3330000,458481,228858,13,2,0,Normal
Loan2724197,Client88938,Rubavu,2022-09-03,3370000,307320,271240,13,3,0,Normal
Loan2724417,Client109475,Rubavu,2022-09-03,1200000,335535,99777,13,3,0,Normal
Loan2724724,Client99545,Rubavu,2022-09-03,3415000,123004,287301,13,2,0,Normal
Loan2724799,Client138351,Rubavu,2022-09-03,2670000,292790,188938,13,3,0,Normal
Loan2724876,Client140262,Rubavu,2022-09-03,1480000,115211,101163,13,2,0,Normal
Loan2725425,Client148482,Gasabo,2022-09-05,1300000,996119,138530,14,2,1,Written off
Loan2725951,Client124692,Kicukiro,2022-09-05,1000000,197828,188400,14,3,0,Normal
Loan2725985,Client11262,Rutsiro,2022-09-05,1955000,151901,164339,13,2,0,Normal
Loan2726381,Client54712,Nyarugenge,2022-09-05,3500000,3011044,387546,13,2,0,Normal
Loan2726529,Client50745,Gasabo,2022-09-05,3500000,2191654,304791,13,3,0,Normal
Loan2726598,Client138975,Nyanza,2022-09-05,2950000,117273,200142,13,2,0,Normal
Loan2726679,Client130698,Rutsiro,2022-09-05,1490000,355364,117794,13,2,0,Normal
Loan2726689,Client142467,Nyanza,2022-09-05,2300000,205324,155957,13,3,0,Normal
Loan2726733,Client65898,Rutsiro,2022-09-05,1670000,142108,136264,13,2,0,Normal
Loan2726875,Client159876,Gasabo,2022-09-05,2650000,519632,172529,13,2,0,Normal
Loan2726908,Client130684,Gasabo,2022-09-05,3500000,135252,221970,14,3,0,Normal
Loan2726914,Client139430,Rubavu,2022-09-05,3415000,194322,231215,13,2,0,Normal
Loan2726926,Client45933,Rusizi,2022-09-05,3000000,1084902,221964,13,2,0,Normal
Loan2726970,Client82716,Rusizi,2022-09-05,2100000,233928,241017,14,3,0,Normal
Loan2727010,Client127880,Rusizi,2022-09-05,1480000,75490,101120,13,3,0,Normal
Loan2727169,Client87583,Gasabo,2022-09-06,3500000,249625,267953,13,2,0,Normal
Loan2727222,Client132923,Rubavu,2022-09-06,2970000,828486,239365,13,2,0,Normal
Loan2727331,Client41155,Nyanza,2022-09-06,1460000,149681,287271,13,2,0,Normal
Loan2727405,Client74104,Rusizi,2022-09-06,1660000,173959,135660,13,3,0,Normal
Loan2727527,Client125211,Kicukiro,2022-09-06,3400000,166836,237985,13,2,0,Normal
Loan2727637,Client13603,Rubavu,2022-09-06,1500000,888388,118391,13,3,0,Normal
Loan2727907,Client156640,Gasabo,2022-09-06,3450000,753933,208489,13,2,0,Normal
Loan2727934,Client23494,Rusizi,2022-09-06,2000000,421195,209791,13,2,0,Normal
Loan2727938,Client17240,Nyanza,2022-09-06,2500000,1404782,195189,13,3,0,Normal
Loan2728100,Client134541,Rusizi,2022-09-06,3140000,818543,213091,13,2,0,Normal
Loan2728101,Client130450,Kicukiro,2022-09-06,1480000,189033,101120,13,2,0,Normal
Loan2728180,Client96907,Nyamagabe,2022-09-06,2980000,489657,209124,13,2,0,Normal
Loan2728204,Client121053,Gasabo,2022-09-06,3000000,645570,203797,13,3,0,Normal
Loan2728407,Client125162,Rusizi,2022-09-06,1460000,39314,119146,13,2,0,Normal
Loan2728409,Client84407,Nyarugenge,2022-09-06,3500000,805490,236878,13,3,0,Normal
Loan2728443,Client50331,Ngororero,2022-09-06,1640000,80075,135135,13,3,0,Normal
Loan2728495,Client73539,Rubavu,2022-09-06,3500000,874391,290653,13,3,0,Normal
Loan2728525,Client58970,Nyanza,2022-09-06,1580000,89871,134180,13,2,0,Normal
Loan2728580,Client108546,Gasabo,2022-09-06,1580000,103128,125656,13,2,0,Normal
Loan2728613,Client84579,Nyamagabe,2022-09-06,1550000,70360,106187,13,2,0,Normal
Loan2728642,Client59069,Rubavu,2022-09-06,1580000,694458,108243,13,3,0,Normal
Loan2728660,Client127255,Rusizi,2022-09-06,1485000,258286,122389,13,2,0,Normal
Loan2728897,Client9879,Gasabo,2022-09-07,2020000,131007,144428,13,3,0,Normal
Loan2729039,Client87679,Rusizi,2022-09-07,3500000,269536,282520,13,2,0,Normal
Loan2729196,Client120612,Nyarugenge,2022-09-07,3300000,195562,224781,13,3,0,Normal
Loan2729200,Client134488,Kicukiro,2022-09-07,1480000,270686,105863,13,2,0,Normal
Loan2729202,Client110869,Nyarugenge,2022-09-07,1580000,564345,108009,13,2,0,Normal
Loan2729390,Client131868,Nyanza,2022-09-07,2580000,175820,177897,13,3,0,Normal
Loan2729453,Client157819,Ngororero,2022-09-07,1500000,39469,102545,13,2,0,Normal
Loan2729510,Client148540,Nyanza,2022-09-07,1450000,42024,114513,13,2,0,Normal
Loan2729513,Client41454,Nyarugenge,2022-09-07,2250000,136777,153192,13,3,0,Normal
Loan2729521,Client129956,Nyagatare,2022-09-07,3200000,176019,216817,13,3,0,Normal
Loan2729529,Client101734,Nyagatare,2022-09-07,3500000,739604,288183,13,2,0,Normal
Loan2729543,Client70601,Nyagatare,2022-09-07,1500000,99787,110730,13,2,0,Normal
Loan2729657,Client19271,Rusizi,2022-09-07,1985000,522845,163864,13,3,0,Normal
Loan2729826,Client82173,Nyanza,2022-09-07,3380000,632155,228890,13,3,0,Normal
Loan2729834,Client119403,Nyamagabe,2022-09-07,1450000,261087,201087,14,3,0,Normal
Loan2729848,Client133491,Nyamagabe,2022-09-07,2500000,115932,250058,13,3,0,Normal
Loan2729866,Client572,Rusizi,2022-09-07,1880000,1052964,128760,13,2,0,Normal
Loan2729969,Client52017,Gasabo,2022-09-08,3400000,949126,271381,13,2,0,Normal
Loan2729995,Client133674,Ngororero,2022-09-08,3450000,822468,234065,13,3,0,Normal
Loan2730034,Client57720,Rubavu,2022-09-08,1580000,583038,108243,13,3,0,Normal
Loan2730123,Client16922,Rutsiro,2022-09-08,1650000,169074,112430,13,3,0,Normal
Loan2730188,Client15930,Kicukiro,2022-09-08,1760000,382145,119960,13,2,0,Normal
Loan2730193,Client128843,Rutsiro,2022-09-08,1480000,143694,100645,13,2,0,Normal
Loan2730199,Client72381,Rusizi,2022-09-08,3500000,764820,248770,13,2,0,Normal
Loan2730233,Client122104,Nyarugenge,2022-09-08,3000000,399492,203892,13,2,0,Normal
Loan2730311,Client93459,Nyagatare,2022-09-08,1550000,192604,134853,13,2,0,Normal
Loan2730369,Client124691,Nyarugenge,2022-09-08,1340000,263352,91415,13,3,0,Normal
Loan2730375,Client65791,Rutsiro,2022-09-08,1660000,77789,130855,13,2,0,Normal
Loan2730393,Client110330,Nyagatare,2022-09-08,1190000,291877,236443,14,3,0,Normal
Loan2730401,Client65216,Rusizi,2022-09-08,2650000,968884,179880,13,2,0,Normal
Loan2730525,Client122285,Nyamagabe,2022-09-08,1290000,73565,122389,13,3,0,Normal
Loan2730539,Client50115,Kicukiro,2022-09-08,1680000,146735,137949,13,2,0,Normal
Loan2730625,Client80497,Nyanza,2022-09-08,1640000,111815,111947,13,3,0,Normal
Loan2730641,Client103676,Rusizi,2022-09-08,3475000,358512,241773,13,2,0,Normal
Loan2730772,Client140683,Rubavu,2022-09-08,2920000,478296,197717,13,3,0,Normal
Loan2730776,Client109389,Nyarugenge,2022-09-08,1580000,66048,129085,13,3,0,Normal
Loan2730797,Client41498,Nyarugenge,2022-09-08,1750000,622285,133837,13,3,0,Normal
Loan2730843,Client25523,Nyamagabe,2022-09-08,3500000,799385,262901,13,2,0,Normal
Loan2731012,Client133691,Rusizi,2022-09-08,3220000,164409,217915,13,3,0,Normal
Loan2731018,Client134281,Gasabo,2022-09-08,1230000,29619,101213,13,3,0,Normal
Loan2731052,Client160013,Gasabo,2022-09-08,2660000,61671,180700,13,2,0,Normal
Loan2731092,Client142887,Rusizi,2022-09-08,2700000,643021,184105,13,2,0,Normal
Loan2731132,Client123261,Rusizi,2022-09-08,2350000,193176,239861,13,2,0,Normal
Loan2731153,Client134361,Gasabo,2022-09-08,3240000,788804,219720,13,3,0,Normal
Loan2731171,Client26346,Rubavu,2022-09-08,2930000,104034,136407,13,3,0,Normal
Loan2731178,Client34020,Rubavu,2022-09-08,3225000,304134,260456,13,3,0,Normal
Loan2731181,Client132817,Rutsiro,2022-09-08,3435000,336271,284611,13,2,0,Normal
Loan2731210,Client31870,Rusizi,2022-09-08,2035000,933816,138260,13,2,0,Normal
Loan2731227,Client111403,Rusizi,2022-09-08,1580000,682120,194165,13,2,0,Normal
Loan2731236,Client354,Rusizi,2022-09-08,1935000,403410,157346,13,3,0,Normal
Loan2731245,Client118335,Rusizi,2022-09-08,1580000,547523,121998,13,2,0,Normal
Loan2731254,Client125589,Rusizi,2022-09-08,3200000,104347,216739,13,2,0,Normal
Loan2731255,Client123244,Rusizi,2022-09-08,1485000,161781,289207,13,2,0,Normal
Loan2731578,Client129384,Gasabo,2022-09-09,2970000,827476,202716,13,3,0,Normal
Loan2731609,Client119381,Rutsiro,2022-09-09,1485000,137589,271342,13,2,0,Normal
Loan2731615,Client23789,Rusizi,2022-09-09,3000000,1026242,128285,13,2,0,Normal
Loan2731797,Client25659,Nyagatare,2022-09-09,2200000,352370,170100,14,3,0,Normal
Loan2731827,Client123812,Nyagatare,2022-09-09,1450000,406036,249265,13,2,0,Normal
Loan2731946,Client154282,Kicukiro,2022-09-09,1700000,478209,238741,14,3,1,Written off
Loan2731969,Client81669,Gasabo,2022-09-09,1760000,145095,119766,13,2,0,Normal
Loan2732053,Client147743,Rutsiro,2022-09-09,2650000,583481,198549,13,2,0,Normal
Loan2732102,Client62711,Gasabo,2022-09-09,1760000,180434,143933,13,2,0,Normal
Loan2732103,Client15135,Nyarugenge,2022-09-09,1200000,66256,138721,14,2,0,Normal
Loan2732139,Client23465,Nyarugenge,2022-09-09,1000000,298647,115016,13,2,0,Normal
Loan2732152,Client5171,Ngororero,2022-09-09,1960000,215772,162996,13,3,0,Normal
Loan2732171,Client18678,Rutsiro,2022-09-09,1800000,381412,146437,13,3,0,Normal
Loan2732196,Client21319,Nyanza,2022-09-09,2500000,754222,335460,13,3,0,Normal
Loan2732198,Client30054,Nyarugenge,2022-09-09,2150000,176905,173572,13,2,0,Normal
Loan2732239,Client16649,Rusizi,2022-09-09,2675000,196782,272861,13,2,0,Normal
Loan2732251,Client134248,Nyanza,2022-09-09,1460000,421025,100041,13,2,0,Normal
Loan2732315,Client63403,Rubavu,2022-09-09,2900000,1537055,196348,13,2,0,Normal
Loan2732321,Client60346,Nyagatare,2022-09-09,1410000,224933,121355,13,3,0,Normal
Loan2732326,Client9866,Rubavu,2022-09-09,1950000,1036024,132882,13,2,0,Normal
Loan2732338,Client79040,Rusizi,2022-09-09,3500000,586513,269353,13,2,0,Normal
Loan2732361,Client131913,Nyanza,2022-09-09,1450000,239609,100041,13,2,0,Normal
Loan2732388,Client33679,Nyarugenge,2022-09-09,2000000,1311094,230251,13,2,0,Normal
Loan2732398,Client41215,Nyanza,2022-09-09,3500000,343260,284535,13,3,0,Normal
Loan2732401,Client69868,Rubavu,2022-09-09,1660000,636141,112993,13,2,0,Normal
Loan2732409,Client7490,Rusizi,2022-09-09,3500000,646649,294852,13,3,0,Normal
Loan2732475,Client53028,Rubavu,2022-09-09,1660000,309495,107852,13,3,0,Normal
Loan2732511,Client54624,Rusizi,2022-09-09,2300000,357148,261628,13,2,0,Normal
Loan2732530,Client127313,Rusizi,2022-09-09,1500000,68240,102545,13,3,0,Normal
Loan2732535,Client119710,Rubavu,2022-09-09,1480000,400065,100645,13,2,0,Normal
Loan2732550,Client106708,Rusizi,2022-09-09,3400000,479018,261271,13,3,0,Normal
Loan2732556,Client119111,Rusizi,2022-09-09,2000000,288570,254503,13,2,0,Normal
Loan2732859,Client2695,Rubavu,2022-09-10,2150000,1034865,146282,13,1,0,Normal
Loan2733036,Client98799,Rutsiro,2022-09-12,3500000,582385,250676,13,2,0,Normal
Loan2733116,Client21250,Gasabo,2022-09-12,720000,274341,137560,13,2,0,Normal
Loan2733221,Client13222,Rubavu,2022-09-12,3500000,2228105,272146,13,2,0,Normal
Loan2733379,Client78456,Rusizi,2022-09-12,3500000,1979612,259853,13,3,0,Normal
Loan2733427,Client28642,Rusizi,2022-09-12,2735000,673898,124960,13,3,0,Normal
Loan2733509,Client52179,Rubavu,2022-09-12,1700000,1083924,142657,13,3,0,Normal
Loan2733518,Client50108,Rubavu,2022-09-12,3320000,252410,295970,13,2,0,Normal
Loan2733570,Client134975,Gasabo,2022-09-12,1100000,278294,99287,14,2,0,Normal
Loan2733625,Client15747,Ngororero,2022-09-12,1600000,268331,139803,13,2,0,Normal
Loan2733753,Client175560,Nyagatare,2022-09-12,675000,352370,170100,14,2,1,Written off
Loan2733755,Client119172,Nyagatare,2022-09-12,1475000,89668,100498,13,3,0,Normal
Loan2733791,Client156146,Gasabo,2022-09-12,1490000,153166,115938,13,2,0,Normal
Loan2733863,Client156357,Gasabo,2022-09-12,1490000,70754,107288,13,3,0,Normal
Loan2733902,Client1686,Rubavu,2022-09-12,2150000,327369,150133,13,3,0,Normal
Loan2733973,Client86815,Nyanza,2022-09-12,720000,548710,388292,13,2,0,Normal
Loan2734042,Client15398,Rusizi,2022-09-12,3500000,615487,338524,13,3,0,Normal
Loan2734150,Client5700,Rusizi,2022-09-13,1870000,284131,149461,13,2,0,Normal
Loan2734193,Client133740,Rusizi,2022-09-13,1490000,371867,101638,13,2,0,Normal
Loan2734236,Client156766,Gasabo,2022-09-13,1480000,113296,101543,13,3,0,Normal
Loan2734244,Client27969,Nyamagabe,2022-09-13,2110000,501909,112142,13,3,0,Normal
Loan2734413,Client23028,Nyanza,2022-09-13,3200000,1216673,63447,13,3,0,Normal
Loan2734435,Client160623,Rusizi,2022-09-13,2648000,620857,179405,13,3,0,Normal
Loan2734488,Client70121,Ngororero,2022-09-13,3340000,-174085,186886,13,3,0,Normal
Loan2734550,Client108304,Rutsiro,2022-09-13,3250000,1023701,221145,13,2,0,Normal
Loan2734589,Client121225,Kicukiro,2022-09-13,3400000,128217,272760,13,2,0,Normal
Loan2734604,Client117934,Rusizi,2022-09-13,3400000,208175,231464,13,3,0,Normal
Loan2734618,Client37145,Kicukiro,2022-09-13,650000,868409,115210,13,3,0,Normal
Loan2734667,Client65638,Rubavu,2022-09-13,1625000,536179,136834,13,3,0,Normal
Loan2734671,Client133495,Nyamagabe,2022-09-13,2330000,131075,158147,13,2,0,Normal
Loan2734715,Client175185,Kicukiro,2022-09-13,2450000,95377,175011,14,3,0,Normal
Loan2734808,Client121500,Rubavu,2022-09-13,2650000,121273,184522,13,2,0,Normal
Loan2734815,Client96656,Nyagatare,2022-09-13,2050000,845706,139633,13,2,0,Normal
Loan2734817,Client7350,Nyamagabe,2022-09-13,900000,169623,229968,13,3,0,Normal
Loan2734843,Client13239,Rubavu,2022-09-13,1835000,204205,125025,13,2,0,Normal
Loan2734926,Client58202,Rubavu,2022-09-13,3000000,1245296,206399,13,2,0,Normal
Loan2734991,Client71461,Rusizi,2022-09-13,1000000,632419,113164,13,2,0,Normal
Loan2735008,Client128806,Gasabo,2022-09-13,2650000,740945,188796,13,3,0,Normal
Loan2735157,Client108305,Rutsiro,2022-09-14,2660000,122222,215558,13,2,0,Normal
Loan2735237,Client87554,Rusizi,2022-09-14,2290000,1161792,168516,13,2,0,Normal
Loan2735308,Client24860,Rubavu,2022-09-14,2600000,572233,176520,13,3,0,Normal
Loan2735341,Client87683,Rutsiro,2022-09-14,3435000,2487669,234408,14,2,0,Normal
Loan2735400,Client42830,Rutsiro,2022-09-14,1700000,261590,135357,13,2,0,Normal
Loan2735425,Client156722,Gasabo,2022-09-14,1490000,322861,101395,13,3,0,Normal
Loan2735449,Client16951,Rubavu,2022-09-14,1850000,915887,125730,13,3,0,Normal
Loan2735534,Client134245,Rusizi,2022-09-14,3435000,145272,232640,13,3,0,Normal
Loan2735537,Client108618,Kicukiro,2022-09-14,3260000,298052,287258,13,2,0,Normal
Loan2735581,Client99486,Rusizi,2022-09-14,3500000,1138280,295227,13,3,0,Normal
Loan2735593,Client29510,Kicukiro,2022-09-14,2700000,1239669,182065,13,2,0,Normal
Loan2735634,Client66100,Ngororero,2022-09-14,1640000,118214,135135,13,3,0,Normal
Loan2735670,Client19845,Nyamagabe,2022-09-14,1800000,259609,135586,13,2,0,Normal
Loan2735675,Client47363,Ngororero,2022-09-14,2000000,1625283,110571,13,3,0,Normal
Loan2735680,Client138692,Gasabo,2022-09-14,1490000,327382,101543,13,2,0,Normal
Loan2735689,Client101975,Kicukiro,2022-09-14,1600000,86954,108979,13,2,0,Normal
Loan2735750,Client123153,Gasabo,2022-09-14,1370000,435278,221970,14,2,0,Normal
Loan2735777,Client110288,Nyagatare,2022-09-14,3450000,316829,264049,13,2,0,Normal
Loan2735875,Client2739,Rubavu,2022-09-14,1200000,1193950,174650,13,2,0,Normal
Loan2735894,Client77688,Rutsiro,2022-09-14,1650000,192561,113648,13,2,0,Normal
Loan2735932,Client43329,Rutsiro,2022-09-14,1660000,209755,138207,13,2,0,Normal
Loan2735983,Client3271,Ngororero,2022-09-14,1900000,549802,130747,13,3,0,Normal
Loan2736075,Client124937,Rusizi,2022-09-14,1440000,51739,119146,13,3,0,Normal
Loan2736106,Client108295,Rutsiro,2022-09-14,1550000,123601,108009,13,2,0,Normal
Loan2736141,Client78758,Nyanza,2022-09-14,1575000,460720,131385,13,3,0,Normal
Loan2736164,Client33318,Gasabo,2022-09-14,2300000,592715,193467,13,2,0,Normal
Loan2736167,Client133882,Rubavu,2022-09-14,2300000,151861,157905,13,2,0,Normal
Loan2736200,Client37913,Nyagatare,2022-09-14,1670000,157255,137924,13,2,0,Normal
Loan2736221,Client2273,Rubavu,2022-09-14,1930000,444700,250690,13,3,0,Normal
Loan2736271,Client2016,Rubavu,2022-09-14,1300000,626988,163976,13,2,0,Normal
Loan2736281,Client352,Rusizi,2022-09-14,1500000,373277,155334,13,3,0,Normal
Loan2736293,Client154388,Rusizi,2022-09-14,1490000,127750,101638,13,3,0,Normal
Loan2736439,Client7708,Rutsiro,2022-09-15,2035000,963816,138871,13,2,0,Normal
Loan2736442,Client56120,Nyanza,2022-09-15,700000,24963,95193,13,2,0,Normal
Loan2736494,Client14192,Gasabo,2022-09-15,1840000,936570,150328,13,2,0,Normal
Loan2736575,Client12732,Rutsiro,2022-09-15,2645000,199184,212233,13,2,0,Normal
Loan2736586,Client5952,Rusizi,2022-09-15,3500000,1889571,292378,13,2,0,Normal
Loan2736740,Client11023,Nyamagabe,2022-09-15,1970000,359562,204796,13,3,0,Normal
Loan2736772,Client25043,Nyamagabe,2022-09-15,1500000,181849,119320,13,3,0,Normal
Loan2736814,Client122868,Rusizi,2022-09-15,1460000,66548,220253,13,3,0,Normal
Loan2736860,Client3581,Gasabo,2022-09-15,3400000,1167082,232545,13,2,0,Normal
Loan2736958,Client151210,Rusizi,2022-09-15,1100000,331825,101120,13,2,0,Normal
Loan2736995,Client150792,Rusizi,2022-09-15,1485000,325121,101120,13,3,0,Normal
Loan2737000,Client97919,Nyanza,2022-09-15,2950000,379246,585915,13,3,0,Normal
Loan2737138,Client89935,Rusizi,2022-09-15,1670000,222616,137030,13,2,0,Normal
Loan2737193,Client64138,Rusizi,2022-09-15,3180000,582540,215789,13,2,0,Normal
Loan2737200,Client141797,Nyamagabe,2022-09-15,2740000,118872,186847,13,2,0,Normal
Loan2737249,Client42906,Rutsiro,2022-09-15,1520000,748845,57242,13,3,0,Normal
Loan2737449,Client159887,Nyanza,2022-09-15,2660000,126807,199219,13,3,0,Normal
Loan2737609,Client76097,Kicukiro,2022-09-15,3200000,1942,227057,13,3,0,Normal
Loan2737737,Client133842,Nyagatare,2022-09-15,3330000,186169,247955,13,3,0,Normal
Loan2737841,Client78663,Nyagatare,2022-09-15,1580000,137272,107880,13,2,0,Normal
Loan2737884,Client172956,Nyarugenge,2022-09-15,1990000,349576,221970,14,3,0,Normal
Loan2737957,Client132328,Nyagatare,2022-09-15,2590000,364317,249380,13,3,0,Normal
Loan2738051,Client122109,Gasabo,2022-09-15,3450000,1263896,221970,14,2,0,Normal
Loan2738053,Client132574,Gasabo,2022-09-15,1490000,202263,101543,13,3,0,Normal
Loan2738359,Client41542,Nyarugenge,2022-09-16,1760000,248335,143337,13,2,0,Normal
Loan2738547,Client14931,Rusizi,2022-09-16,1480000,578265,101120,13,2,0,Normal
Loan2738560,Client126063,Nyarugenge,2022-09-16,3450000,183956,274237,13,3,0,Normal
Loan2738672,Client95361,Rusizi,2022-09-16,2700000,1233344,253285,13,2,0,Normal
Loan2738694,Client54736,Nyamagabe,2022-09-16,2500000,949603,176797,13,3,0,Normal
Loan2738759,Client33806,Gasabo,2022-09-16,2000000,145943,165764,13,2,0,Normal
Loan2738785,Client155499,Nyagatare,2022-09-16,1450000,97111,98962,13,3,0,Normal
Loan2738861,Client132778,Rutsiro,2022-09-16,1490000,217968,122389,13,3,0,Normal
Loan2739101,Client129679,Nyamagabe,2022-09-16,3130000,874229,213260,14,3,0,Normal
Loan2739170,Client99821,Rubavu,2022-09-16,1650000,581930,131334,13,2,0,Normal
Loan2739197,Client28294,Nyamagabe,2022-09-16,1380000,456224,269953,13,2,0,Normal
Loan2739217,Client109646,Nyanza,2022-09-16,2350000,388792,211132,13,3,0,Normal
Loan2739268,Client131569,Ngororero,2022-09-16,1000000,61716,117639,13,3,0,Normal
Loan2739342,Client76116,Gasabo,2022-09-16,3200000,274040,133521,14,3,0,Normal
Loan2739354,Client123121,Nyarugenge,2022-09-16,1700000,208274,125730,13,3,0,Normal
Loan2739514,Client31977,Nyarugenge,2022-09-16,2560000,1122318,173764,13,3,0,Normal
Loan2739518,Client129758,Rusizi,2022-09-16,1485000,316983,130515,13,3,0,Normal
Loan2739611,Client133496,Nyamagabe,2022-09-16,900000,192783,122069,13,2,0,Normal
Loan2739654,Client56705,Nyamagabe,2022-09-16,1640000,121651,136808,13,2,0,Normal
Loan2739938,Client16949,Gasabo,2022-09-17,1850000,147111,144628,13,2,0,Normal
Loan2740366,Client128097,Nyamagabe,2022-09-19,1460000,83678,99997,13,2,0,Normal
Loan2740740,Client73681,Rusizi,2022-09-19,1574000,260957,106989,13,2,0,Normal
Loan2740823,Client64698,Rusizi,2022-09-19,1965000,179669,158872,13,2,0,Normal
Loan2741071,Client5545,Rusizi,2022-09-19,1890000,1059539,128760,13,3,0,Normal
Loan2741074,Client132845,Kicukiro,2022-09-19,3030000,818459,207000,13,2,0,Normal
Loan2741123,Client118997,Rusizi,2022-09-19,1576000,388863,107554,13,2,0,Normal
Loan2741137,Client125905,Rubavu,2022-09-19,1330000,75931,90809,13,3,0,Normal
Loan2741478,Client132731,Rutsiro,2022-09-19,1490000,42109,101543,13,3,0,Normal
Loan2741605,Client76392,Nyanza,2022-09-19,1630000,134777,128535,13,2,0,Normal
Loan2741607,Client73362,Ngororero,2022-09-19,1600000,285371,111571,13,3,0,Normal
Loan2741644,Client18736,Ngororero,2022-09-19,1730000,857236,117514,13,3,0,Normal
Loan2741674,Client66193,Rubavu,2022-09-19,1785000,290499,122175,13,3,0,Normal
Loan2741710,Client10805,Rubavu,2022-09-19,1860000,480757,143429,13,2,0,Normal
Loan2741735,Client9298,Rusizi,2022-09-19,1950000,997161,132560,13,3,0,Normal
Loan2741792,Client160765,Gasabo,2022-09-19,2200000,183204,175822,13,2,0,Normal
Loan2741834,Client150783,Rusizi,2022-09-19,1480000,110131,101120,13,3,0,Normal
Loan2741857,Client7282,Nyagatare,2022-09-19,1800000,268048,147541,13,2,0,Normal
Loan2741941,Client24243,Nyagatare,2022-09-19,1700000,86515,139603,13,2,0,Normal
Loan2741977,Client39173,Nyagatare,2022-09-19,2480000,835220,242255,13,3,0,Normal
Loan2742037,Client118369,Rusizi,2022-09-19,1470000,966574,249265,13,3,1,Written off
Loan2742092,Client507,Gasabo,2022-09-19,330000,147833,162914,13,2,0,Normal
Loan2742149,Client91124,Rubavu,2022-09-19,3500000,389535,306327,13,2,0,Normal
Loan2742306,Client42867,Rutsiro,2022-09-20,1800000,300752,140167,13,2,0,Normal
Loan2742539,Client125903,Gasabo,2022-09-20,1490000,43719,101395,13,3,0,Normal
Loan2742680,Client71062,Rusizi,2022-09-20,1580000,244380,132185,13,2,0,Normal
Loan2742808,Client123080,Rutsiro,2022-09-20,1490000,442007,101543,13,3,0,Normal
Loan2742897,Client118355,Rusizi,2022-09-20,1500000,438797,102804,13,2,0,Normal
Loan2742976,Client123979,Rusizi,2022-09-20,1485000,173034,101120,13,2,0,Normal
Loan2743027,Client14377,Ngororero,2022-09-20,680000,102906,119201,13,3,0,Normal
Loan2743144,Client124081,Kicukiro,2022-09-20,1430000,179741,119064,13,2,0,Normal
Loan2743156,Client151131,Rusizi,2022-09-20,1370000,87105,93520,13,3,0,Normal
Loan2743179,Client127601,Kicukiro,2022-09-20,1480000,204073,101120,13,2,0,Normal
Loan2743188,Client74093,Rusizi,2022-09-20,1660000,754543,113164,13,2,0,Normal
Loan2743251,Client111130,Nyamagabe,2022-09-20,1560000,90772,128981,13,3,0,Normal
Loan2743290,Client42749,Rutsiro,2022-09-20,1940000,572678,131949,13,3,0,Normal
Loan2743533,Client58946,Nyanza,2022-09-20,1620000,474900,110364,13,2,0,Normal
Loan2743736,Client125362,Gasabo,2022-09-20,1490000,128492,101543,13,3,0,Normal
Loan2743813,Client23936,Kicukiro,2022-09-20,1670000,834042,113551,13,2,0,Normal
Loan2743947,Client140518,Nyanza,2022-09-20,3370000,167523,228890,13,3,0,Normal
Loan2744562,Client108051,Kicukiro,2022-09-21,1590000,554987,108104,13,2,0,Normal
Loan2744568,Client44729,Nyagatare,2022-09-21,1450000,317356,98962,13,3,0,Normal
Loan2744595,Client25845,Rusizi,2022-09-21,1740000,87885,118776,13,2,0,Normal
Loan2745160,Client122203,Gasabo,2022-09-21,3450000,232773,232545,13,2,0,Normal
Loan2745174,Client12015,Ngororero,2022-09-21,1900000,969496,154809,13,3,0,Normal
Loan2745322,Client100159,Nyanza,2022-09-21,3500000,265704,266345,13,3,0,Normal
Loan2745386,Client104626,Rubavu,2022-09-21,2000000,227214,228055,13,3,0,Normal
Loan2745531,Client10877,Rubavu,2022-09-21,515000,469579,164318,13,2,0,Normal
Loan2745717,Client121046,Nyamagabe,2022-09-21,1470000,72925,99997,13,2,0,Normal
Loan2745755,Client144863,Nyanza,2022-09-21,3360000,697783,228890,13,2,0,Normal
Loan2745760,Client130922,Gasabo,2022-09-21,3400000,864562,232545,13,2,0,Normal
Loan2745967,Client64752,Rusizi,2022-09-21,1665000,502456,113164,13,2,0,Normal
Loan2745977,Client82717,Gasabo,2022-09-21,1650000,97847,132810,13,2,0,Normal
Loan2746048,Client63296,Rubavu,2022-09-21,1750000,89561,148892,13,3,0,Normal
Loan2746259,Client17715,Nyamagabe,2022-09-22,1500000,490482,108087,13,2,0,Normal
Loan2746386,Client155786,Gasabo,2022-09-22,3000000,378436,222057,13,3,0,Normal
Loan2746715,Client155914,Gasabo,2022-09-22,1490000,315298,101543,13,3,0,Normal
Loan2746811,Client73361,Rubavu,2022-09-22,1660000,111252,136084,13,2,0,Normal
Loan2746934,Client40468,Ngororero,2022-09-22,1630000,250036,134660,13,2,0,Normal
Loan2747030,Client34507,Gasabo,2022-09-22,1750000,896205,119766,13,2,0,Normal
Loan2747123,Client3512,Kicukiro,2022-09-22,2080000,1114984,141390,13,2,0,Normal
Loan2747307,Client117245,Gasabo,2022-09-22,1500000,81162,123421,13,2,0,Normal
Loan2747332,Client68174,Gasabo,2022-09-22,3500000,1806611,269625,13,2,0,Normal
Loan2747387,Client110635,Nyamagabe,2022-09-22,3500000,153830,280608,13,2,0,Normal
Loan2747397,Client45863,Rusizi,2022-09-22,3500000,821439,425247,13,3,0,Normal
Loan2747518,Client41208,Nyanza,2022-09-22,1700000,198456,137028,13,2,0,Normal
Loan2747628,Client34066,Nyamagabe,2022-09-22,1600000,210334,117895,13,2,0,Normal
Loan2747688,Client150913,Rusizi,2022-09-22,1000000,167810,99695,13,3,0,Normal
Loan2747740,Client63618,Gasabo,2022-09-22,3500000,155752,272733,13,3,0,Normal
Loan2747863,Client71742,Rusizi,2022-09-22,1650000,112998,137030,13,3,0,Normal
Loan2747871,Client29194,Rusizi,2022-09-22,2000000,1444436,200199,13,2,0,Normal
Loan2748116,Client40382,Ngororero,2022-09-23,1550000,910790,148903,13,3,0,Normal
Loan2748299,Client33571,Gasabo,2022-09-23,3500000,1557076,287780,13,2,0,Normal
Loan2748610,Client40091,Ngororero,2022-09-23,1500000,171285,143124,13,2,0,Normal
Loan2748944,Client55693,Gasabo,2022-09-23,1650000,741374,112641,13,3,0,Normal
Loan2749014,Client93348,Gasabo,2022-09-23,1650000,67575,131385,13,2,0,Normal
Loan2749214,Client9154,Rutsiro,2022-09-23,1960000,446992,155161,13,2,0,Normal
Loan2749273,Client28198,Nyamagabe,2022-09-23,2800000,1524826,205779,13,3,0,Normal
Loan2749431,Client161192,Gasabo,2022-09-23,1490000,313956,107291,13,3,0,Normal
Loan2749508,Client70675,Rubavu,2022-09-23,1620000,136622,110143,13,3,0,Normal
Loan2749564,Client125349,Rusizi,2022-09-23,3150000,172610,272861,13,3,0,Normal
Loan2749574,Client161896,Nyarugenge,2022-09-23,1500000,70322,116849,13,3,0,Normal
Loan2749586,Client47691,Kicukiro,2022-09-23,1650000,615283,112689,13,2,0,Normal
Loan2749610,Client72388,Rusizi,2022-09-23,3080000,1277044,221489,13,2,0,Normal
Loan2749701,Client130610,Gasabo,2022-09-23,1490000,338816,101395,13,3,0,Normal
Loan2749789,Client129138,Rubavu,2022-09-23,1410000,216759,96187,13,2,0,Normal
Loan2749792,Client78986,Rusizi,2022-09-23,3500000,353601,296215,13,3,0,Normal
Loan2749956,Client69830,Gasabo,2022-09-23,3400000,106683,250805,13,3,0,Normal
Loan2750018,Client99182,Nyarugenge,2022-09-23,3500000,428883,1060578,14,2,0,Normal
Loan2750192,Client26496,Nyagatare,2022-09-24,1585000,202548,135734,13,2,0,Normal
Loan2750193,Client78626,Nyagatare,2022-09-24,1480000,779216,100881,13,3,0,Normal
Loan2750195,Client17475,Nyagatare,2022-09-24,1730000,133326,142382,13,3,0,Normal
Loan2750284,Client98034,Rubavu,2022-09-24,3000000,773672,215463,13,2,0,Normal
Loan2750413,Client139420,Rubavu,2022-09-24,3335000,160243,247585,13,3,0,Normal
Loan2750514,Client127044,Rubavu,2022-09-24,1485000,146115,123019,13,3,0,Normal
Loan2750549,Client80715,Rubavu,2022-09-24,1620000,291023,127534,13,3,0,Normal
Loan2750623,Client103985,Rubavu,2022-09-24,3400000,349985,230524,13,3,0,Normal
Loan2750732,Client76075,Rubavu,2022-09-24,1620000,598213,109586,13,3,0,Normal
Loan2750883,Client89043,Rusizi,2022-09-24,970000,118436,198125,14,3,0,Normal
Loan2751512,Client2170,Rubavu,2022-09-26,1800000,498664,163633,13,2,0,Normal
Loan2751519,Client122913,Rutsiro,2022-09-26,1400000,263588,249380,13,3,0,Normal
Loan2751667,Client117192,Gasabo,2022-09-26,1580000,94780,130406,13,2,0,Normal
Loan2751676,Client57820,Rubavu,2022-09-26,1750000,112334,142657,13,3,0,Normal
Loan2751683,Client47741,Ngororero,2022-09-26,1640000,229264,111571,13,3,0,Normal
Loan2751771,Client110400,Nyagatare,2022-09-26,1530000,63717,105248,13,2,0,Normal
Loan2752021,Client67075,Nyagatare,2022-09-26,3300000,161932,226317,13,2,0,Normal
Loan2752077,Client63090,Rubavu,2022-09-26,2000000,133534,147077,13,2,0,Normal
Loan2752149,Client141740,Nyagatare,2022-09-26,2580000,796837,427121,14,3,0,Normal
Loan2752188,Client41221,Gasabo,2022-09-26,3390000,558220,363200,14,2,0,Normal
Loan2752297,Client56160,Rubavu,2022-09-26,1585000,115403,132023,13,2,0,Normal
Loan2752493,Client120218,Nyagatare,2022-09-27,1650000,133174,117850,14,2,0,Normal
Loan2752505,Client20775,Nyanza,2022-09-27,3500000,1388207,272355,13,3,0,Normal
Loan2752617,Client129659,Gasabo,2022-09-27,1490000,131226,101543,13,3,0,Normal
Loan2752692,Client37239,Kicukiro,2022-09-27,1750000,292363,137758,13,2,0,Normal
Loan2752730,Client5288,Rusizi,2022-09-27,2000000,1114820,146425,13,3,0,Normal
Loan2752858,Client41362,Nyanza,2022-09-27,2000000,115464,160721,13,3,0,Normal
Loan2752873,Client60797,Ngororero,2022-09-27,700000,105705,131407,13,2,0,Normal
Loan2752886,Client124707,Rubavu,2022-09-27,1435000,44273,114320,13,3,0,Normal
Loan2752963,Client163584,Kicukiro,2022-09-27,1970000,207749,135216,14,2,0,Normal
Loan2753030,Client146444,Rutsiro,2022-09-27,1460000,199704,103063,13,2,0,Normal
Loan2753077,Client110707,Rusizi,2022-09-27,3000000,1608041,288275,13,2,0,Normal
Loan2753122,Client74408,Nyagatare,2022-09-27,2480000,107572,168790,13,2,0,Normal
Loan2753128,Client119667,Nyagatare,2022-09-27,3500000,686925,249380,13,3,0,Normal
Loan2753130,Client8205,Ngororero,2022-09-27,1850000,712458,235358,13,3,0,Normal
Loan2753149,Client88034,Rubavu,2022-09-27,2650000,98189,204628,13,2,0,Normal
Loan2753599,Client112893,Ngororero,2022-09-28,2980000,372225,202213,13,3,0,Normal
Loan2753681,Client163475,Gasabo,2022-09-28,158000,568513,135612,14,3,1,Written off
Loan2753727,Client7573,Rusizi,2022-09-28,2000000,966574,138260,13,2,0,Normal
Loan2753787,Client168679,Rusizi,2022-09-28,1500000,89972,107288,13,2,0,Normal
Loan2753874,Client121783,Nyanza,2022-09-28,1470000,217240,197794,13,3,0,Normal
Loan2753964,Client94156,Nyanza,2022-09-28,1640000,240353,111947,13,2,0,Normal
Loan2754017,Client59060,Nyanza,2022-09-28,3500000,861283,306152,13,3,0,Normal
Loan2754029,Client166296,Rusizi,2022-09-28,2200000,129214,210234,13,4,0,Normal
Loan2754044,Client3710,Nyanza,2022-09-28,690000,708864,197596,13,3,0,Normal
Loan2754056,Client133839,Nyagatare,2022-09-28,2520000,658952,194469,13,3,0,Normal
Loan2754064,Client8468,Nyagatare,2022-09-28,1990000,647839,163839,13,3,0,Normal
Loan2754066,Client55572,Gasabo,2022-09-28,3500000,767327,297960,13,2,0,Normal
Loan2754073,Client155484,Nyagatare,2022-09-28,1000000,313202,98962,13,3,0,Normal
Loan2754107,Client93518,Nyagatare,2022-09-28,2590000,339099,175915,13,2,0,Normal
Loan2754145,Client7751,Rubavu,2022-09-28,1960000,185020,159589,13,3,0,Normal
Loan2754148,Client23364,Rubavu,2022-09-28,1750000,254339,143132,13,2,0,Normal
Loan2754432,Client159899,Nyamagabe,2022-09-29,3390000,286490,229845,13,3,0,Normal
Loan2754481,Client111278,Nyagatare,2022-09-29,1440000,493233,98123,13,2,0,Normal
Loan2754575,Client155603,Nyagatare,2022-09-29,3200000,154600,216817,13,3,0,Normal
Loan2754633,Client87661,Rusizi,2022-09-29,1590000,204941,108414,13,2,0,Normal
Loan2754640,Client76364,Ngororero,2022-09-29,1640000,695913,111571,13,2,0,Normal
Loan2754689,Client77802,Rutsiro,2022-09-29,2560000,144945,297065,13,2,0,Normal
Loan2754702,Client45828,Rusizi,2022-09-29,1756000,760502,119251,13,2,0,Normal
Loan2754752,Client77682,Rutsiro,2022-09-29,2900000,1114737,272760,13,2,0,Normal
Loan2754774,Client26011,Nyanza,2022-09-29,3370000,783129,272806,13,3,0,Normal
Loan2754823,Client101953,Rusizi,2022-09-29,1500000,585346,118668,13,2,0,Normal
Loan2754862,Client154496,Kicukiro,2022-09-29,1500000,47519,121996,13,2,0,Normal
Loan2754967,Client163667,Kicukiro,2022-09-29,1480000,71024,117639,13,2,0,Normal
Loan2755011,Client159163,Rutsiro,2022-09-29,3400000,279563,235511,13,3,0,Normal
Loan2755125,Client71613,Gasabo,2022-09-29,1600000,110581,132280,13,2,0,Normal
Loan2755145,Client138266,Kicukiro,2022-09-29,3350000,133069,215933,13,3,0,Normal
Loan2755211,Client22386,Nyarugenge,2022-09-29,2000000,622673,151607,14,2,0,Normal
Loan2755221,Client155566,Nyagatare,2022-09-29,1450000,52510,100263,13,2,0,Normal
Loan2755260,Client6636,Nyagatare,2022-09-29,2600000,310015,287152,13,2,0,Normal
Loan2755313,Client118500,Ngororero,2022-09-29,1380000,490415,94215,13,3,0,Normal
Loan2755340,Client134414,Rusizi,2022-09-29,3200000,167641,256561,13,3,0,Normal
Loan2755377,Client18438,Rubavu,2022-09-29,1800000,237728,148903,13,3,0,Normal
Loan2755388,Client150700,Rusizi,2022-09-29,1475000,79056,101120,13,2,0,Normal
Loan2755460,Client40768,Rubavu,2022-09-30,750000,383622,229005,13,2,0,Normal
Loan2755517,Client67667,Nyarugenge,2022-09-30,1780000,186891,144566,13,3,0,Normal
Loan2756316,Client160051,Nyanza,2022-09-30,1510000,37388,114832,13,3,0,Normal
Loan2756399,Client108200,Nyarugenge,2022-09-30,1480000,273144,122424,13,2,0,Normal
Loan2756458,Client139415,Rubavu,2022-09-30,3400000,165832,237940,13,3,0,Normal
Loan2756507,Client76019,Rubavu,2022-09-30,3000000,604915,228621,13,2,0,Normal
Loan2756512,Client42935,Rubavu,2022-09-30,1000000,113917,109221,13,2,0,Normal
Loan2756574,Client27917,Nyamagabe,2022-09-30,2030000,227371,138546,13,3,0,Normal
Loan2756609,Client113503,Nyanza,2022-09-30,3500000,827994,287270,13,3,0,Normal
Loan2756625,Client18489,Nyarugenge,2022-09-30,3500000,374713,314183,13,2,0,Normal
Loan2756891,Client24203,Nyagatare,2022-09-30,1600000,152574,136334,13,2,0,Normal
Loan2756951,Client165978,Gasabo,2022-09-30,1880000,274040,133521,14,2,1,Written off
Loan2756993,Client125053,Nyagatare,2022-09-30,2200000,311210,300850,13,2,1,Written off
Loan2757018,Client38038,Gasabo,2022-09-30,1580000,539255,107831,13,2,0,Normal
Loan2757692,Client104099,Gasabo,2022-10-01,200000,73611,135612,14,3,1,Written off
Loan2757810,Client65990,Rutsiro,2022-10-01,3480000,1536184,251460,14,2,0,Normal
Loan2758092,Client25603,Nyagatare,2022-10-01,2310000,1650340,194110,13,2,0,Normal
Loan2758286,Client66677,Nyamagabe,2022-10-03,1200000,274770,163046,13,2,1,Written off
Loan2758321,Client33270,Gasabo,2022-10-03,1680000,137838,139183,13,2,0,Normal
Loan2758325,Client9930,Nyarugenge,2022-10-03,2060000,326372,249380,13,2,1,Written off
Loan2758429,Client139444,Ngororero,2022-10-03,1490000,325332,123019,13,3,0,Normal
Loan2758562,Client56814,Rutsiro,2022-10-03,1650000,744931,111748,13,3,0,Normal
Loan2758643,Client133522,Nyamagabe,2022-10-03,3390000,97477,272760,13,3,0,Normal
Loan2758748,Client132352,Gasabo,2022-10-03,3500000,-257187,174213,14,2,0,Normal
Loan2758967,Client122638,Nyanza,2022-10-03,1470000,302177,100041,13,3,0,Normal
Loan2758975,Client56960,Rusizi,2022-10-03,3400000,234371,231464,13,3,0,Normal
Loan2759035,Client52569,Nyarugenge,2022-10-03,2400000,461663,219879,14,2,0,Normal
Loan2759058,Client82584,Kicukiro,2022-10-03,3500000,1217488,325589,13,2,0,Normal
Loan2759135,Client19846,Nyamagabe,2022-10-03,3500000,1345433,246304,13,2,0,Normal
Loan2759149,Client1772,Ngororero,2022-10-03,2080000,705950,141170,13,2,0,Normal
Loan2759221,Client13277,Gasabo,2022-10-03,2650000,234419,186048,13,2,0,Normal
Loan2759255,Client46481,Rubavu,2022-10-03,1500000,101204,104207,13,3,0,Normal
Loan2759268,Client140995,Nyagatare,2022-10-03,1450000,97011,121889,13,3,0,Normal
Loan2759271,Client8708,Nyagatare,2022-10-03,1000000,303041,123376,13,2,0,Normal
Loan2759296,Client50052,Nyagatare,2022-10-03,3500000,152860,251159,13,3,0,Normal
Loan2759347,Client13162,Rubavu,2022-10-03,1700000,177610,117900,13,2,0,Normal
Loan2759362,Client25663,Nyagatare,2022-10-03,2550000,254696,186045,13,2,0,Normal
Loan2759586,Client124095,Nyamagabe,2022-10-04,1470000,458185,121084,13,3,0,Normal
Loan2759608,Client10746,Ngororero,2022-10-04,1900000,413935,154809,13,3,0,Normal
Loan2759665,Client77763,Rutsiro,2022-10-04,1595000,172876,132084,13,2,0,Normal
Loan2759694,Client118271,Rubavu,2022-10-04,1575000,474819,107377,13,3,0,Normal
Loan2759761,Client117774,Rubavu,2022-10-04,1580000,364025,107629,13,2,0,Normal
Loan2759772,Client28529,Rutsiro,2022-10-04,1870000,225340,152448,13,2,0,Normal
Loan2759785,Client124050,Nyagatare,2022-10-04,1450000,75424,114832,13,3,0,Normal
Loan2759861,Client19778,Gasabo,2022-10-04,1650000,821023,113648,13,2,0,Normal
Loan2759896,Client55584,Nyanza,2022-10-04,3040000,221240,233280,13,3,0,Normal
Loan2759910,Client137121,Kicukiro,2022-10-04,3450000,803257,234065,13,2,0,Normal
Loan2759953,Client28031,Nyamagabe,2022-10-04,1200000,279247,194448,13,2,0,Normal
Loan2760040,Client104287,Nyarugenge,2022-10-04,1590000,284187,108104,13,3,0,Normal
Loan2760115,Client104137,Nyanza,2022-10-04,2840000,127301,192542,13,3,0,Normal
Loan2760160,Client133004,Nyamagabe,2022-10-04,2290000,643889,155772,13,2,0,Normal
Loan2760255,Client146937,Rubavu,2022-10-04,1415000,67849,96413,13,3,0,Normal
Loan2760319,Client120008,Nyagatare,2022-10-04,1450000,116192,113106,13,2,0,Normal
Loan2760387,Client89093,Nyarugenge,2022-10-04,3500000,724683,307650,13,2,0,Normal
Loan2760566,Client42924,Rutsiro,2022-10-05,1600000,795420,125730,13,2,0,Normal
Loan2760640,Client70669,Nyamagabe,2022-10-05,3100000,200050,238834,13,3,0,Normal
Loan2760645,Client48931,Ngororero,2022-10-05,1660000,798075,147507,13,3,0,Normal
Loan2760661,Client160459,Gasabo,2022-10-05,2990000,287443,212557,13,2,0,Normal
Loan2760668,Client142410,Rubavu,2022-10-05,3440000,774140,230582,14,3,0,Normal
Loan2760681,Client130719,Gasabo,2022-10-05,1490000,435260,101543,13,3,0,Normal
Loan2760685,Client16025,Nyamagabe,2022-10-05,3500000,531086,319490,13,3,0,Normal
Loan2760693,Client1887,Ngororero,2022-10-05,2350000,1032277,189004,13,3,0,Normal
Loan2760800,Client13218,Ngororero,2022-10-05,1620000,522825,110374,13,2,0,Normal
Loan2761054,Client127277,Nyanza,2022-10-05,1460000,62596,99566,13,3,0,Normal
Loan2761089,Client142391,Ngororero,2022-10-05,1980000,559796,125033,14,2,0,Normal
Loan2761097,Client178720,Gasabo,2022-10-05,3400000,608257,268056,13,3,0,Normal
Loan2761103,Client4785,Rubavu,2022-10-05,2000000,1119157,181775,13,2,0,Normal
Loan2761112,Client121348,Rusizi,2022-10-05,1480000,125941,252070,13,3,0,Normal
Loan2761133,Client41165,Nyanza,2022-10-05,1500000,165314,142700,13,2,0,Normal
Loan2761139,Client47889,Gasabo,2022-10-05,1650000,174528,139374,13,2,0,Normal
Loan2761196,Client102331,Nyagatare,2022-10-05,1400000,586371,95401,13,2,0,Normal
Loan2761199,Client155571,Nyagatare,2022-10-05,2000000,522772,177591,13,2,0,Normal
Loan2761220,Client17702,Nyagatare,2022-10-05,1800000,209300,155312,13,3,0,Normal
Loan2761231,Client3937,Nyarugenge,2022-10-05,1400000,550672,133496,14,3,0,Normal
Loan2761437,Client14265,Kicukiro,2022-10-06,3500000,581996,235605,13,2,0,Normal
Loan2761517,Client141983,Ngororero,2022-10-06,3430000,769426,232889,13,3,0,Normal
Loan2761522,Client141959,Ngororero,2022-10-06,3430000,728082,232889,13,3,0,Normal
Loan2761556,Client131137,Nyamagabe,2022-10-06,2620000,206108,202333,13,3,0,Normal
Loan2761568,Client129201,Nyarugenge,2022-10-06,3180000,734081,218639,13,2,0,Normal
Loan2761595,Client58557,Kicukiro,2022-10-06,1500000,79397,103063,13,2,0,Normal
Loan2761609,Client10753,Ngororero,2022-10-06,1920000,109037,121389,13,2,0,Normal
Loan2761615,Client133493,Nyarugenge,2022-10-06,3450000,792342,234065,13,2,0,Normal
Loan2761629,Client129716,Gasabo,2022-10-06,1490000,180986,117164,13,3,0,Normal
Loan2761648,Client86864,Nyanza,2022-10-06,1045000,640983,76681,14,2,0,Normal
Loan2761684,Client149770,Gasabo,2022-10-06,1400000,60019,182987,14,3,0,Normal
Loan2761786,Client22355,Gasabo,2022-10-06,1760000,223421,139374,13,2,0,Normal
Loan2761837,Client121073,Nyamagabe,2022-10-06,3500000,1362508,262972,13,2,0,Normal
Loan2761874,Client155450,Nyagatare,2022-10-06,1450000,124118,98962,13,3,0,Normal
Loan2761880,Client81434,Rusizi,2022-10-06,2100000,282461,133510,13,2,0,Normal
Loan2761905,Client101794,Gasabo,2022-10-06,3500000,508532,288683,13,2,0,Normal
Loan2761945,Client231,Rusizi,2022-10-06,3300000,1314353,225764,13,3,0,Normal
Loan2761949,Client29000,Rutsiro,2022-10-06,1460000,512291,174773,13,3,0,Normal
Loan2761993,Client83149,Kicukiro,2022-10-06,1500000,156205,275091,13,2,0,Normal
Loan2761995,Client69098,Nyanza,2022-10-06,3500000,1237362,245943,13,2,0,Normal
Loan2762036,Client99346,Nyamagabe,2022-10-06,800000,232567,110937,13,3,0,Normal
Loan2762065,Client53138,Gasabo,2022-10-06,3200000,281777,228029,13,3,0,Normal
Loan2762080,Client97420,Rusizi,2022-10-06,2500000,955560,218164,13,3,0,Normal
Loan2762137,Client150487,Rubavu,2022-10-07,3460000,60849,113100,14,2,0,Normal
Loan2762228,Client140753,Rubavu,2022-10-07,1480000,189982,122146,13,2,0,Normal
Loan2762250,Client103393,Rusizi,2022-10-07,2000000,1108652,341517,13,2,0,Normal
Loan2762333,Client54240,Rubavu,2022-10-07,1660000,80011,112993,13,2,0,Normal
Loan2762416,Client134218,Gasabo,2022-10-07,1420000,113205,161732,13,2,0,Normal
Loan2762424,Client87650,Rusizi,2022-10-07,3500000,236487,160064,13,3,0,Normal
Loan2762466,Client163763,Rusizi,2022-10-07,2335000,61932,250645,14,2,0,Normal
Loan2762505,Client49028,Ngororero,2022-10-07,3000000,448264,307745,13,2,0,Normal
Loan2762628,Client70249,Ngororero,2022-10-07,1680000,465445,114521,13,3,0,Normal
Loan2762682,Client88912,Rubavu,2022-10-07,2620000,182700,248430,13,3,0,Normal
Loan2762701,Client133926,Nyagatare,2022-10-07,2580000,695468,196369,13,2,0,Normal
Loan2762825,Client25466,Rusizi,2022-10-07,1740000,649451,135099,13,2,0,Normal
Loan2762848,Client146218,Rubavu,2022-10-07,695000,79976,179600,14,2,0,Normal
Loan2762870,Client124094,Nyamagabe,2022-10-07,1460000,54651,99997,13,3,0,Normal
Loan2762886,Client140583,Nyamagabe,2022-10-07,2600000,196678,210333,13,3,0,Normal
Loan2763455,Client155677,Gasabo,2022-10-10,1490000,75124,115938,13,2,0,Normal
Loan2763538,Client59035,Nyanza,2022-10-10,3500000,792244,250218,13,2,0,Normal
Loan2763644,Client4970,Rutsiro,2022-10-10,2075000,109090,151020,13,2,0,Normal
Loan2763679,Client44973,Gasabo,2022-10-10,1750000,129556,125419,13,2,0,Normal
Loan2763710,Client90002,Rubavu,2022-10-10,3118000,270489,251011,13,3,0,Normal
Loan2763719,Client123764,Kicukiro,2022-10-10,1550000,499709,124075,14,3,1,Written off
Loan2763865,Client77705,Rutsiro,2022-10-10,1665000,90452,135660,13,2,0,Normal
Loan2763934,Client134016,Ngororero,2022-10-10,1480000,349492,101234,13,3,0,Normal
Loan2763948,Client52298,Nyanza,2022-10-10,1730000,1195563,306152,13,3,1,Written off
Loan2764027,Client160725,Gasabo,2022-10-10,1490000,129458,107288,13,3,0,Normal
Loan2764030,Client561,Rusizi,2022-10-10,2750000,542492,263369,13,3,0,Normal
Loan2764068,Client58422,Rubavu,2022-10-10,1070000,685384,285520,13,2,0,Normal
Loan2764069,Client75369,Nyagatare,2022-10-10,1600000,31197,147315,13,2,0,Normal
Loan2764079,Client133123,Rusizi,2022-10-10,1500000,68520,102545,13,3,0,Normal
Loan2764090,Client29593,Gasabo,2022-10-10,2370000,230663,194262,13,3,0,Normal
Loan2764186,Client29730,Kicukiro,2022-10-11,2150000,715237,146425,13,3,0,Normal
Loan2764225,Client33587,Gasabo,2022-10-11,2580000,984592,203762,13,3,0,Normal
Loan2764328,Client81836,Gasabo,2022-10-11,3500000,547504,298115,13,2,0,Normal
Loan2764352,Client23064,Kicukiro,2022-10-11,1930000,955732,124249,13,3,0,Normal
Loan2764434,Client157735,Ngororero,2022-10-11,3000000,148480,215940,13,2,0,Normal
Loan2764470,Client8855,Rubavu,2022-10-11,2420000,72940,164025,13,3,0,Normal
Loan2764496,Client31654,Ngororero,2022-10-11,1200000,96028,148903,13,2,0,Normal
Loan2764500,Client118283,Rubavu,2022-10-11,1575000,58134,128917,13,3,0,Normal
Loan2764528,Client87584,Rusizi,2022-10-11,3500000,1526317,278483,13,3,0,Normal
Loan2764578,Client72766,Gasabo,2022-10-11,1490000,294469,131949,13,1,0,Normal
Loan2764584,Client8395,Ngororero,2022-10-11,1600000,492231,136033,13,3,0,Normal
Loan2764700,Client49654,Nyarugenge,2022-10-11,1670000,123344,136739,13,2,0,Normal
Loan2764718,Client62095,Gasabo,2022-10-11,1750000,170197,143933,13,3,0,Normal
Loan2764749,Client120821,Nyagatare,2022-10-11,1450000,59910,119621,13,2,0,Normal
Loan2764767,Client12865,Rusizi,2022-10-11,3095000,1513435,209791,13,2,0,Normal
Loan2764920,Client158200,Ngororero,2022-10-12,1400000,55201,114832,13,3,0,Normal
Loan2764966,Client56560,Kicukiro,2022-10-12,1150000,12792,221970,14,2,0,Normal
Loan2765002,Client40446,Ngororero,2022-10-12,1980000,178115,157089,13,3,0,Normal
Loan2765047,Client17402,Nyanza,2022-10-12,2680000,927418,182030,13,2,0,Normal
Loan2765065,Client40737,Nyamagabe,2022-10-12,1730000,607646,142508,13,2,0,Normal
Loan2765126,Client111049,Nyamagabe,2022-10-12,3370000,235990,228669,13,2,0,Normal
Loan2765226,Client28448,Kicukiro,2022-10-12,2550000,1396896,173920,13,3,0,Normal
Loan2765292,Client99770,Kicukiro,2022-10-12,1650000,527958,113164,13,2,0,Normal
Loan2765372,Client56061,Gasabo,2022-10-12,1600000,620643,108898,13,3,0,Normal
Loan2765397,Client121918,Nyamagabe,2022-10-12,1350000,184374,92397,13,2,0,Normal
Loan2765518,Client11135,Gasabo,2022-10-13,1580000,67691,124722,13,2,0,Normal
Loan2765564,Client56505,Nyanza,2022-10-13,3380000,249415,228890,13,2,0,Normal
Loan2765599,Client15350,Ngororero,2022-10-13,2640000,803094,179405,13,2,0,Normal
Loan2765622,Client132251,Nyagatare,2022-10-13,1450000,380138,98962,13,3,0,Normal
Loan2765661,Client34888,Kicukiro,2022-10-13,2500000,52894,208568,14,2,0,Normal
Loan2765680,Client89537,Gasabo,2022-10-13,1670000,155453,113648,13,2,0,Normal
Loan2765699,Client162245,Nyamagabe,2022-10-13,1460000,112323,123019,13,3,0,Normal
Loan2765701,Client138499,Gasabo,2022-10-13,1400000,64845,101543,13,3,0,Normal
Loan2765712,Client17208,Nyanza,2022-10-13,798000,151988,156175,13,2,0,Normal
Loan2765731,Client64020,Rusizi,2022-10-13,1750000,209629,119251,13,3,0,Normal
Loan2765750,Client113018,Rutsiro,2022-10-13,1575000,490115,108009,13,2,0,Normal
Loan2765792,Client50276,Gasabo,2022-10-13,1760000,397606,144124,13,2,0,Normal
Loan2765835,Client70159,Rubavu,2022-10-13,1850000,570158,125730,13,3,0,Normal
Loan2765847,Client175213,Rubavu,2022-10-13,2590000,430551,187020,14,3,0,Normal
Loan2765856,Client11116,Rubavu,2022-10-13,2920000,233813,227982,13,2,0,Normal
Loan2765861,Client65764,Rubavu,2022-10-13,1760000,519798,119766,13,3,0,Normal
Loan2765932,Client129783,Rusizi,2022-10-13,1480000,254451,122294,13,3,0,Normal
Loan2765942,Client146469,Rubavu,2022-10-13,1485000,56153,117794,13,1,0,Normal
Loan2765983,Client104150,Nyarugenge,2022-10-13,1500000,190230,221970,14,3,0,Normal
Loan2765992,Client109615,Rusizi,2022-10-13,2675000,906931,181305,13,2,0,Normal
Loan2765995,Client44340,Rusizi,2022-10-13,1700000,822618,115926,13,2,0,Normal
Loan2766014,Client98685,Rusizi,2022-10-14,3395000,492466,300395,13,2,0,Normal
Loan2766114,Client40729,Nyamagabe,2022-10-14,2400000,927769,163289,13,3,0,Normal
Loan2766156,Client118159,Nyamagabe,2022-10-14,3360000,341606,228194,13,3,0,Normal
Loan2766191,Client121803,Rubavu,2022-10-14,2570000,317509,250170,13,3,0,Normal
Loan2766198,Client92510,Nyanza,2022-10-14,3500000,336296,303302,13,2,0,Normal
Loan2766213,Client104231,Rusizi,2022-10-14,1570000,172023,107554,13,2,0,Normal
Loan2766269,Client113502,Rusizi,2022-10-14,1660000,129327,113164,13,2,0,Normal
Loan2766271,Client48916,Nyamagabe,2022-10-14,3000000,1053551,240067,13,3,0,Normal
Loan2766338,Client122290,Nyamagabe,2022-10-14,1470000,467418,122389,13,3,0,Normal
Loan2766352,Client140687,Nyamagabe,2022-10-14,3250000,561928,220345,13,2,0,Normal
Loan2766401,Client142171,Kicukiro,2022-10-14,3000000,63521,236485,13,3,0,Normal
Loan2766495,Client180103,Kicukiro,2022-10-14,1090000,127594,235900,14,2,0,Normal
Loan2766507,Client56292,Kicukiro,2022-10-14,3500000,156288,253520,13,2,0,Normal
Loan2766525,Client122213,Rusizi,2022-10-14,840000,135096,100645,13,3,0,Normal
Loan2766528,Client120987,Ngororero,2022-10-14,3145000,1151435,133995,13,2,0,Normal
Loan2766570,Client119105,Kicukiro,2022-10-14,815000,67994,59709,14,3,0,Normal
Loan2766590,Client119424,Gasabo,2022-10-14,1490000,258088,184623,13,3,0,Normal
Loan2766615,Client33422,Kicukiro,2022-10-14,3500000,881209,306190,13,3,0,Normal
Loan2766637,Client19064,Gasabo,2022-10-14,1490000,65048,123421,13,3,0,Normal
Loan2766642,Client19065,Gasabo,2022-10-14,1600000,117733,132280,13,3,0,Normal
Loan2766675,Client99478,Rusizi,2022-10-14,3150000,1072411,213755,13,3,0,Normal
Loan2767074,Client60211,Rusizi,2022-10-17,1650000,228765,113164,13,2,0,Normal
Loan2767091,Client54905,Nyamagabe,2022-10-17,3500000,-498494,277328,14,3,0,Normal
Loan2767097,Client176883,Nyarugenge,2022-10-17,2100000,462991,137577,13,2,0,Normal
Loan2767099,Client17589,Rutsiro,2022-10-17,1890000,458084,129099,13,2,0,Normal
Loan2767163,Client159046,Rutsiro,2022-10-17,1380000,61141,101638,13,3,0,Normal
Loan2767315,Client75574,Gasabo,2022-10-17,1490000,114673,101395,13,2,0,Normal
Loan2767390,Client99268,Nyarugenge,2022-10-17,1000000,384156,250248,13,2,0,Normal
Loan2767453,Client79874,Nyagatare,2022-10-17,1100000,380804,154259,14,3,0,Normal
Loan2767490,Client87586,Rusizi,2022-10-17,1500000,659409,110314,13,2,0,Normal
Loan2767494,Client131948,Rusizi,2022-10-17,2300000,342778,156514,13,2,0,Normal
Loan2767496,Client134985,Gasabo,2022-10-17,1350000,278294,221970,14,2,0,Normal
Loan2767498,Client56443,Rusizi,2022-10-17,1660000,611293,128535,13,2,0,Normal
Loan2767533,Client33370,Kicukiro,2022-10-18,3500000,125740,221970,14,2,0,Normal
Loan2767561,Client47753,Ngororero,2022-10-18,3430000,720061,295385,13,4,0,Normal
Loan2767599,Client13053,Nyamagabe,2022-10-18,1730000,147883,252070,13,3,0,Normal
Loan2767611,Client29687,Kicukiro,2022-10-18,2400000,555426,175922,13,2,0,Normal
Loan2767710,Client104807,Nyagatare,2022-10-18,2350000,65402,161665,13,2,0,Normal
Loan2767716,Client127338,Rubavu,2022-10-18,1485000,248182,101163,13,3,0,Normal
Loan2767736,Client113470,Gasabo,2022-10-18,3000000,489369,210763,13,3,0,Normal
Loan2767751,Client18443,Rutsiro,2022-10-18,1845000,870608,125730,13,2,0,Normal
Loan2767768,Client18874,Nyamagabe,2022-10-18,3200000,1189156,255893,13,2,0,Normal
Loan2767790,Client133039,Nyanza,2022-10-18,3340000,141702,226040,13,3,0,Normal
Loan2767798,Client120615,Kicukiro,2022-10-18,3350000,320537,226845,13,2,0,Normal
Loan2767860,Client51855,Nyarugenge,2022-10-18,1880000,190230,221970,14,3,0,Normal
Loan2767880,Client47389,Ngororero,2022-10-18,1050000,336147,306190,13,2,0,Normal
Loan2767926,Client158628,Kicukiro,2022-10-18,660000,176262,306190,14,3,0,Normal
Loan2767938,Client77727,Rutsiro,2022-10-18,875000,260962,113648,13,2,0,Normal
Loan2767945,Client25453,Rusizi,2022-10-18,1700000,534383,116401,13,3,0,Normal
Loan2767952,Client101414,Rusizi,2022-10-18,1400000,564418,138259,13,2,0,Normal
Loan2767954,Client163420,Ngororero,2022-10-18,3240000,731625,237000,13,2,0,Normal
Loan2767958,Client64912,Rusizi,2022-10-18,2000000,154422,139300,13,2,0,Normal
Loan2768000,Client134240,Nyagatare,2022-10-18,3250000,540500,266631,13,3,0,Normal
Loan2768004,Client160065,Rubavu,2022-10-18,1410000,37869,96413,13,2,0,Normal
Loan2768014,Client125165,Nyagatare,2022-10-18,2590000,831493,175915,13,3,0,Normal
Loan2768038,Client15534,Rubavu,2022-10-18,1835000,73121,125025,13,3,0,Normal
Loan2768043,Client79235,Rusizi,2022-10-18,2500000,145132,206661,13,2,0,Normal
Loan2768136,Client76278,Kicukiro,2022-10-19,1500000,692181,114589,13,3,0,Normal
Loan2768141,Client43136,Nyamagabe,2022-10-19,3500000,2517759,376153,13,2,0,Normal
Loan2768150,Client29747,Kicukiro,2022-10-19,2400000,1314164,175922,13,2,0,Normal
Loan2768174,Client124710,Rubavu,2022-10-19,1410000,241472,104283,13,2,0,Normal
Loan2768275,Client5324,Rusizi,2022-10-19,3500000,809956,147549,13,2,0,Normal
Loan2768294,Client5992,Rusizi,2022-10-19,1820000,164675,157505,13,2,0,Normal
Loan2768307,Client17393,Nyamagabe,2022-10-19,2900000,1693567,196350,13,2,0,Normal
Loan2768310,Client42730,Rutsiro,2022-10-19,1755000,321835,137758,13,2,0,Normal
Loan2768312,Client125923,Rubavu,2022-10-19,1480000,95308,122318,13,3,0,Normal
Loan2768336,Client50572,Nyamagabe,2022-10-19,1440000,394467,402005,13,2,0,Normal
Loan2768363,Client161473,Nyagatare,2022-10-19,1540000,61938,113885,13,2,0,Normal
Loan2768416,Client120473,Rubavu,2022-10-19,1485000,442045,101543,13,2,0,Normal
Loan2768437,Client163834,Kicukiro,2022-10-19,660000,14848,49935,14,2,0,Normal
Loan2768463,Client66056,Rusizi,2022-10-19,3500000,405761,267354,13,2,0,Normal
Loan2768468,Client5532,Rusizi,2022-10-19,3500000,1145849,266219,13,3,0,Normal
Loan2768515,Client136983,Kicukiro,2022-10-20,1760000,651841,221970,14,2,0,Normal
Loan2768559,Client66974,Rusizi,2022-10-20,1630000,-9716,256181,13,2,0,Normal
Loan2768581,Client40246,Ngororero,2022-10-20,1725000,83692,141699,13,3,0,Normal
Loan2768599,Client163681,Kicukiro,2022-10-20,660000,18093,49935,14,2,0,Normal
Loan2768617,Client50124,Gasabo,2022-10-20,1750000,153155,142699,13,3,0,Normal
Loan2768620,Client118605,Kicukiro,2022-10-20,660000,35744,49935,14,3,0,Normal
Loan2768630,Client128356,Nyagatare,2022-10-20,1340000,379577,91362,13,3,0,Normal
Loan2768641,Client158799,Kicukiro,2022-10-20,660000,45184,49935,14,3,0,Normal
Loan2768644,Client50058,Nyagatare,2022-10-20,2450000,815905,249380,13,2,0,Normal
Loan2768661,Client29538,Gasabo,2022-10-20,2150000,144247,174213,13,2,0,Normal
Loan2768713,Client158776,Gasabo,2022-10-20,1490000,122440,101543,13,3,0,Normal
Loan2768740,Client11718,Nyarugenge,2022-10-20,2040000,385189,164740,13,2,0,Normal
Loan2768746,Client81734,Rutsiro,2022-10-20,1665000,740114,113648,13,2,0,Normal
Loan2768779,Client45755,Kicukiro,2022-10-20,3090000,187278,231464,13,2,0,Normal
Loan2768782,Client178976,Kicukiro,2022-10-20,2340000,1849593,295900,14,3,1,Written off
Loan2768825,Client43274,Kicukiro,2022-10-20,2770000,218726,215446,14,2,0,Normal
Loan2768863,Client61277,Nyagatare,2022-10-20,1700000,150827,142199,13,2,0,Normal
Loan2768872,Client148314,Rubavu,2022-10-20,3410000,815461,231215,13,3,0,Normal
Loan2768883,Client88271,Nyarugenge,2022-10-20,3500000,595905,307650,13,2,0,Normal
Loan2768914,Client141031,Nyagatare,2022-10-20,1450000,216600,98962,13,3,0,Normal
Loan2768936,Client97785,Nyarugenge,2022-10-20,1580000,172985,129549,13,2,0,Normal
Loan2768945,Client21717,Rusizi,2022-10-20,1550000,832288,106412,13,3,0,Normal
Loan2768966,Client8754,Nyagatare,2022-10-20,3300000,200817,265000,13,2,0,Normal
Loan2768983,Client61601,Gasabo,2022-10-20,1750000,298560,119766,13,2,0,Normal
Loan2768996,Client29971,Nyarugenge,2022-10-20,2300000,1199365,161567,13,3,0,Normal
Loan2769021,Client113037,Nyagatare,2022-10-20,2800000,496536,226317,13,2,1,Written off
Loan2769026,Client133706,Rusizi,2022-10-20,3400000,476651,230039,13,3,0,Normal
Loan2769038,Client63723,Rusizi,2022-10-20,3415000,174846,231464,13,3,0,Normal
Loan2769096,Client84453,Gasabo,2022-10-21,1660000,353808,137030,13,2,0,Normal
Loan2769116,Client69000,Nyamagabe,2022-10-21,1560000,113232,110937,13,2,0,Normal
Loan2769135,Client121150,Nyanza,2022-10-21,3380000,1240329,228890,13,3,0,Normal
Loan2769151,Client104477,Rubavu,2022-10-21,1362000,192844,126331,14,3,0,Normal
Loan2769198,Client82007,Kicukiro,2022-10-21,1650000,550313,113164,13,3,0,Normal
Loan2769224,Client86347,Gasabo,2022-10-21,3400000,243230,274185,13,2,0,Normal
Loan2769235,Client78713,Nyagatare,2022-10-21,1100000,156959,96718,13,3,0,Normal
Loan2769255,Client172669,Kicukiro,2022-10-21,660000,16513,307108,14,2,0,Normal
Loan2769272,Client161705,Nyarugenge,2022-10-21,1490000,34913,115424,13,2,0,Normal
Loan2769298,Client99599,Kicukiro,2022-10-21,3500000,1248407,306190,13,2,0,Normal
Loan2769322,Client109053,Nyamagabe,2022-10-21,1440000,91737,118384,13,2,0,Normal
Loan2769328,Client99794,Rubavu,2022-10-21,3500000,1224406,268446,13,3,0,Normal
Loan2769353,Client45704,Rusizi,2022-10-21,1750000,96189,132724,13,2,0,Normal
Loan2769367,Client2751,Ngororero,2022-10-21,2000000,1038069,136033,13,3,0,Normal
Loan2769399,Client97320,Rubavu,2022-10-21,1660000,240310,112993,13,2,0,Normal
Loan2769419,Client118265,Rubavu,2022-10-21,2940000,111515,199364,13,4,0,Normal
Loan2769435,Client18995,Nyarugenge,2022-10-21,1770000,913563,120980,13,2,0,Normal
Loan2769447,Client19058,Nyanza,2022-10-21,1290000,223303,123831,13,2,0,Normal
Loan2769482,Client110878,Nyarugenge,2022-10-21,3160000,137530,210190,14,2,0,Normal
Loan2769964,Client44511,Gasabo,2022-10-24,1600000,123191,132280,13,2,0,Normal
Loan2770011,Client46755,Ngororero,2022-10-24,1620000,152398,135105,13,2,0,Normal
Loan2770068,Client148622,Nyamagabe,2022-10-24,1420000,79033,97190,13,2,0,Normal
Loan2770108,Client47452,Nyagatare,2022-10-24,3340000,91319,216817,13,3,0,Normal
Loan2770127,Client72591,Nyagatare,2022-10-24,3340000,179528,226317,13,3,0,Normal
Loan2770169,Client155686,Gasabo,2022-10-24,1200000,323763,123814,13,3,0,Normal
Loan2770216,Client101729,Nyagatare,2022-10-24,2650000,315801,181281,13,2,0,Normal
Loan2770223,Client100643,Gasabo,2022-10-24,2650000,433070,179750,13,2,0,Normal
Loan2770225,Client98077,Nyagatare,2022-10-24,1330000,144257,114765,13,2,0,Normal
Loan2770248,Client1074,Rubavu,2022-10-24,3500000,2331122,287301,13,2,0,Normal
Loan2770250,Client5272,Rusizi,2022-10-24,2700000,472257,226044,13,2,0,Normal
Loan2770251,Client118257,Rubavu,2022-10-24,1505000,359038,102627,13,2,0,Normal
Loan2770256,Client123233,Rusizi,2022-10-24,1485000,127943,249380,13,3,0,Normal
Loan2770260,Client70315,Nyagatare,2022-10-24,1550000,788656,106930,13,2,0,Normal
Loan2770279,Client2544,Rubavu,2022-10-24,2000000,83014,175922,13,3,0,Normal
Loan2770325,Client119669,Nyagatare,2022-10-24,3100000,786609,211458,13,3,0,Normal
Loan2770388,Client45205,Gasabo,2022-10-25,2500000,71513,127313,14,2,0,Normal
Loan2770466,Client95840,Nyamagabe,2022-10-25,1300000,174865,136135,13,3,0,Normal
Loan2770509,Client160246,Kicukiro,2022-10-25,1600000,519542,192833,14,3,0,Normal
Loan2770525,Client108412,Nyarugenge,2022-10-25,1600000,535867,131069,13,2,0,Normal
Loan2770528,Client33119,Gasabo,2022-10-25,1400000,69915,114314,13,3,0,Normal
Loan2770559,Client46669,Ngororero,2022-10-25,1730000,157038,141291,13,3,0,Normal
Loan2770563,Client142177,Nyarugenge,2022-10-25,1490000,90569,101638,13,3,0,Normal
Loan2770586,Client158208,Ngororero,2022-10-25,1485000,179582,101120,13,2,0,Normal
Loan2770608,Client2841,Nyarugenge,2022-10-25,2420000,1256504,164417,13,3,0,Normal
Loan2770661,Client10741,Kicukiro,2022-10-25,1900000,712063,119488,13,3,0,Normal
Loan2770671,Client163731,Kicukiro,2022-10-25,3460000,589952,306152,13,3,0,Normal
Loan2770680,Client133855,Nyagatare,2022-10-25,347500,208785,243513,14,3,0,Normal
Loan2770684,Client63522,Gasabo,2022-10-25,1650000,298330,113648,13,2,0,Normal
Loan2770695,Client13005,Rubavu,2022-10-25,1085000,257754,328484,13,3,0,Normal
Loan2770698,Client13004,Rubavu,2022-10-25,1800000,146965,149667,13,3,0,Normal
Loan2770728,Client112976,Rubavu,2022-10-25,1465000,523119,124167,13,2,0,Normal
Loan2770731,Client31876,Ngororero,2022-10-25,1880000,298203,146978,13,2,0,Normal
Loan2770735,Client7144,Rubavu,2022-10-25,2250000,417875,181674,13,2,0,Normal
Loan2770753,Client127037,Rubavu,2022-10-25,2960000,936526,200472,13,2,0,Normal
Loan2770779,Client129271,Nyagatare,2022-10-25,1450000,62319,98962,13,2,0,Normal
Loan2770790,Client139275,Gasabo,2022-10-25,1380000,58379,114949,14,3,0,Normal
Loan2770806,Client14007,Rubavu,2022-10-25,2460000,1414722,167109,13,2,0,Normal
Loan2770808,Client110674,Rubavu,2022-10-25,3450000,885623,110674,13,3,0,Normal
Loan2770822,Client78696,Nyagatare,2022-10-25,1550000,182677,132525,13,2,0,Normal
Loan2770838,Client10466,Nyarugenge,2022-10-25,1620000,126696,114414,13,2,0,Normal
Loan2770841,Client65452,Rusizi,2022-10-25,1660000,135789,133235,13,2,0,Normal
Loan2770851,Client67042,Rusizi,2022-10-25,1660000,240278,113164,13,2,0,Normal
Loan2770895,Client88951,Rutsiro,2022-10-26,3090000,168076,242145,13,3,0,Normal
Loan2771046,Client41018,Rubavu,2022-10-26,1575000,466640,107377,13,3,0,Normal
Loan2771051,Client89085,Rusizi,2022-10-26,3420000,1118568,231939,13,2,0,Normal
Loan2771057,Client127263,Rusizi,2022-10-26,3230000,789256,223382,13,2,0,Normal
Loan2771063,Client70390,Ngororero,2022-10-26,1650000,91211,138349,13,2,0,Normal
Loan2771067,Client129498,Ngororero,2022-10-26,600000,183299,106639,13,2,0,Normal
Loan2771082,Client181273,Gasabo,2022-10-26,2500000,79159,138164,14,2,1,Written off
Loan2771132,Client126021,Nyagatare,2022-10-26,2200000,281168,226317,13,2,0,Normal
Loan2771137,Client51506,Nyagatare,2022-10-26,2450000,1006123,241305,13,3,0,Normal
Loan2771159,Client19768,Nyamagabe,2022-10-26,3000000,2115895,345162,13,2,0,Normal
Loan2771223,Client14615,Gasabo,2022-10-26,3300000,1248722,230550,13,3,0,Normal
Loan2771263,Client86958,Nyarugenge,2022-10-26,3260000,178784,285800,13,2,0,Normal
Loan2771290,Client168767,Nyarugenge,2022-10-26,1180000,427260,221970,14,3,0,Normal
Loan2771293,Client60221,Rusizi,2022-10-26,2648000,612016,214261,13,2,0,Normal
Loan2771345,Client69163,Rubavu,2022-10-26,3500000,1597216,122908,13,2,0,Normal
Loan2771346,Client160737,Rusizi,2022-10-26,1490000,321762,304584,13,3,0,Normal
Loan2771357,Client142225,Rubavu,2022-10-26,2985000,665316,202467,13,4,0,Normal
Loan2771381,Client134310,Gasabo,2022-10-26,3200000,850701,218295,13,2,0,Normal
Loan2771402,Client149362,Rusizi,2022-10-26,3400000,286575,230989,13,2,0,Normal
Loan2771427,Client49615,Ngororero,2022-10-27,3120000,150276,277658,13,2,0,Normal
Loan2771627,Client12794,Kicukiro,2022-10-27,1700000,626702,142637,13,2,0,Normal
Loan2771648,Client129832,Rusizi,2022-10-27,1485000,198209,101120,13,2,0,Normal
Loan2771651,Client73526,Nyanza,2022-10-27,3500000,198821,297127,13,3,0,Normal
Loan2771666,Client145482,Ngororero,2022-10-27,3350000,159659,245000,13,3,0,Normal
Loan2771677,Client31428,Rusizi,2022-10-27,1990000,472220,135410,13,2,0,Normal
Loan2771704,Client37266,Gasabo,2022-10-27,1760000,853067,119766,13,2,0,Normal
Loan2771708,Client133675,Rusizi,2022-10-27,3360000,362567,227890,13,2,0,Normal
Loan2771755,Client78063,Rusizi,2022-10-27,1500000,670072,110314,13,3,0,Normal
Loan2771778,Client65958,Kicukiro,2022-10-27,3400000,1552232,216178,14,3,0,Normal
Loan2771821,Client57751,Kicukiro,2022-10-27,1700000,44260,140799,13,2,0,Normal
Loan2771879,Client73450,Nyamagabe,2022-10-27,2070000,601196,250336,13,2,1,Written off
Loan2771937,Client109620,Rusizi,2022-10-27,970000,391672,256663,13,2,0,Normal
Loan2771999,Client148907,Rusizi,2022-10-27,1480000,352447,101120,13,3,0,Normal
Loan2772082,Client55347,Kicukiro,2022-10-28,1670000,73763,136135,13,3,0,Normal
Loan2772088,Client129413,Nyagatare,2022-10-28,3300000,195577,223467,13,3,0,Normal
Loan2772238,Client4531,Nyanza,2022-10-28,2000000,158178,143402,13,2,0,Normal
Loan2772268,Client15325,Rutsiro,2022-10-28,2980000,193493,272285,13,3,0,Normal
Loan2772283,Client24350,Rubavu,2022-10-28,1750000,154669,142462,13,2,0,Normal
Loan2772357,Client64145,Rusizi,2022-10-28,1620000,63452,134180,13,2,0,Normal
Loan2772361,Client53888,Nyamagabe,2022-10-28,3500000,311947,306190,13,2,0,Normal
Loan2772436,Client132378,Kicukiro,2022-10-28,1480000,35344,117639,13,4,0,Normal
Loan2772543,Client117246,Gasabo,2022-10-28,1580000,42350,197541,13,3,0,Normal
Loan2772549,Client7578,Rusizi,2022-10-28,1870000,150636,155809,13,2,0,Normal
Loan2772569,Client130503,Nyanza,2022-10-28,3500000,430813,263716,13,3,0,Normal
Loan2772616,Client176353,Gasabo,2022-10-28,2700000,369902,711600,14,3,0,Normal
Loan2772645,Client159795,Gasabo,2022-10-28,2990000,649031,172529,13,2,0,Normal
Loan2772652,Client99278,Nyarugenge,2022-10-28,1600000,580521,119585,13,2,0,Normal
Loan2772972,Client42182,Rubavu,2022-10-31,1750000,843351,119086,13,2,0,Normal
Loan2773012,Client131080,Kicukiro,2022-10-31,2340000,817810,221970,14,3,0,Normal
Loan2773050,Client12253,Rubavu,2022-10-31,1500000,938059,125025,13,3,0,Normal
Loan2773068,Client139323,Rutsiro,2022-10-31,2680000,102202,189413,13,2,0,Normal
Loan2773135,Client179819,Kicukiro,2022-10-31,2020000,337886,174930,14,3,1,Written off
Loan2773162,Client143615,Nyamagabe,2022-10-31,1470000,105904,100515,13,2,0,Normal
Loan2773279,Client59603,Nyanza,2022-10-31,2620000,105092,177897,13,3,0,Normal
Loan2773307,Client80056,Nyamagabe,2022-10-31,1590000,274770,132810,13,2,0,Normal
Loan2773354,Client87259,Nyarugenge,2022-10-31,1560000,475574,106584,13,2,0,Normal
Loan2773380,Client154730,Rusizi,2022-10-31,3430000,707174,230288,13,3,0,Normal
Loan2773394,Client78726,Nyagatare,2022-10-31,1600000,43651,141028,13,2,0,Normal
Loan2773437,Client21232,Nyarugenge,2022-10-31,1700000,181303,140072,13,2,0,Normal
Loan2773461,Client79774,Nyanza,2022-10-31,2470000,1174918,167979,13,3,0,Normal
Loan2773469,Client49400,Kicukiro,2022-10-31,1660000,78869,136135,13,2,0,Normal
Loan2773543,Client117950,Kicukiro,2022-10-31,3500000,803800,287258,13,2,0,Normal
Loan2773554,Client60038,Rubavu,2022-10-31,910000,126378,121893,13,2,0,Normal
Loan2773639,Client79211,Nyagatare,2022-10-31,1580000,188101,136775,13,3,0,Normal
Loan2773644,Client110315,Nyagatare,2022-10-31,1500000,86270,106936,13,3,0,Normal
Loan2773652,Client18177,Nyagatare,2022-10-31,1800000,160905,148403,13,3,0,Normal
Loan2773694,Client161105,Nyanza,2022-10-31,3380000,-9465,191753,13,2,0,Normal
Loan2773730,Client78209,Gasabo,2022-10-31,3480000,296040,307615,13,3,0,Normal
Loan2773776,Client156530,Gasabo,2022-10-31,1360000,307828,96645,13,3,0,Normal
Loan2773885,Client118978,Nyarugenge,2022-11-01,3120000,1226962,211178,13,2,0,Normal
Loan2774060,Client67208,Ngororero,2022-11-01,1460000,78809,105839,13,3,0,Normal
Loan2774118,Client17336,Nyanza,2022-11-01,1810000,393520,150328,13,2,0,Normal
Loan2774262,Client33629,Gasabo,2022-11-01,3500000,-18092,175922,13,3,0,Normal
Loan2774280,Client111110,Rubavu,2022-11-01,1480000,83936,122318,13,3,0,Normal
Loan2774352,Client58067,Rubavu,2022-11-01,3500000,1637294,260371,13,2,0,Normal
Loan2774442,Client125620,Nyagatare,2022-11-01,1450000,44645,98962,13,3,0,Normal
Loan2774488,Client132797,Nyanza,2022-11-01,1400000,235990,102538,13,2,0,Normal
Loan2774513,Client154708,Kicukiro,2022-11-01,680000,124360,223140,14,3,0,Normal
Loan2774558,Client87010,Rubavu,2022-11-01,3500000,1419217,263221,13,2,0,Normal
Loan2774707,Client63576,Rusizi,2022-11-01,2750000,372381,231540,13,2,0,Normal
Loan2774739,Client61124,Nyagatare,2022-11-01,3330000,285316,226317,13,3,0,Normal
Loan2774766,Client176459,Nyarugenge,2022-11-01,1720000,190230,115100,14,3,1,Written off
Loan2774813,Client25660,Nyagatare,2022-11-01,1450000,56019,114332,13,2,0,Normal
Loan2774846,Client48372,Nyamagabe,2022-11-01,3500000,322061,310389,13,2,0,Normal
Loan2774850,Client5939,Rusizi,2022-11-01,2700000,666934,182973,13,3,0,Normal
Loan2774868,Client19531,Nyarugenge,2022-11-01,1850000,93130,125730,13,2,0,Normal
Loan2774902,Client79843,Nyagatare,2022-11-02,1600000,437876,110730,13,3,0,Normal
Loan2775075,Client22291,Nyamagabe,2022-11-02,2500000,1638048,227719,13,3,0,Normal
Loan2775079,Client59059,Kicukiro,2022-11-02,1650000,144429,136135,13,2,0,Normal
Loan2775109,Client171783,Kicukiro,2022-11-02,2550000,457762,205204,14,2,0,Normal
Loan2775142,Client54094,Gasabo,2022-11-02,1500000,107153,130431,13,2,0,Normal
Loan2775171,Client57853,Rubavu,2022-11-02,3050000,328447,326301,14,2,1,Written off
Loan2775281,Client33666,Gasabo,2022-11-02,1750000,414225,144114,13,2,0,Normal
Loan2775400,Client125634,Nyagatare,2022-11-02,1380000,65154,119064,13,2,0,Normal
Loan2775401,Client54723,Nyamagabe,2022-11-02,1720000,287980,141558,13,2,0,Normal
Loan2775489,Client43251,Rusizi,2022-11-02,1680000,439902,137663,13,2,0,Normal
Loan2775668,Client56324,Rubavu,2022-11-02,1450000,151518,128423,13,2,0,Normal
Loan2775731,Client103765,Gasabo,2022-11-02,1490000,82367,101834,13,2,0,Normal
Loan2775948,Client125062,Kicukiro,2022-11-03,3420000,656454,271381,13,2,0,Normal
Loan2776137,Client120346,Rutsiro,2022-11-03,2700000,262121,213994,13,3,0,Normal
Loan2776274,Client158940,Rutsiro,2022-11-03,1490000,109046,116525,13,3,0,Normal
Loan2776290,Client134108,Ngororero,2022-11-03,1485000,68169,121389,13,3,0,Normal
Loan2776596,Client172069,Rubavu,2022-11-03,3500000,148211,235606,13,3,0,Normal
Loan2776770,Client97237,Rusizi,2022-11-03,3500000,516444,288695,13,2,0,Normal
Loan2776972,Client129624,Kicukiro,2022-11-03,2750000,819805,139106,14,2,0,Normal
Loan2777188,Client97354,Nyagatare,2022-11-03,1500000,68963,128736,13,2,0,Normal
Loan2777214,Client48107,Nyagatare,2022-11-03,3500000,1044177,307616,13,3,0,Normal
Loan2777248,Client123927,Kicukiro,2022-11-03,1390000,110700,103063,13,2,0,Normal
Loan2777259,Client11911,Nyagatare,2022-11-03,1990000,806717,135251,13,2,0,Normal
Loan2777297,Client156787,Gasabo,2022-11-03,1500000,202668,115938,13,3,0,Normal
Loan2777325,Client99363,Nyamagabe,2022-11-03,1640000,269997,184623,13,3,0,Normal
Loan2777424,Client44191,Nyagatare,2022-11-03,1100000,78546,96006,14,2,0,Normal
Loan2777434,Client76050,Rubavu,2022-11-03,3500000,756942,268684,13,2,0,Normal
Loan2777447,Client15358,Gasabo,2022-11-03,1844000,262606,125462,13,2,0,Normal
Loan2777533,Client156045,Gasabo,2022-11-03,1480000,313844,101395,13,3,0,Normal
Loan2777548,Client131065,Gasabo,2022-11-03,2020000,639406,166300,14,2,1,Written off
Loan2777730,Client84699,Gasabo,2022-11-04,3000000,985941,295702,13,3,0,Normal
Loan2778025,Client134144,Nyarugenge,2022-11-04,1550000,50127,133496,14,3,0,Normal
Loan2779351,Client178898,Kicukiro,2022-11-04,3500000,593190,208568,14,2,0,Normal
Loan2779402,Client152490,Kicukiro,2022-11-04,2990000,107652,237985,13,2,0,Normal
Loan2779500,Client101520,Gasabo,2022-11-04,3400000,225350,311806,14,2,0,Normal
Loan2779505,Client125001,Nyanza,2022-11-04,1300000,74094,123019,13,3,0,Normal
Loan2779519,Client119685,Kicukiro,2022-11-04,3160000,475813,277005,14,2,0,Normal
Loan2779537,Client13594,Kicukiro,2022-11-04,1840000,74922,125185,13,2,0,Normal
Loan2779649,Client122896,Rusizi,2022-11-04,3500000,345562,397476,14,2,0,Normal
Loan2779666,Client33660,HQ,2022-11-04,3500000,724970,512099,14,2,0,Normal
Loan2779938,Client151762,Nyanza,2022-11-04,3370000,118752,228890,13,3,0,Normal
Loan2779945,Client21189,Nyanza,2022-11-04,3500000,1883082,328345,13,2,0,Normal
Loan2779989,Client40410,Ngororero,2022-11-04,1720000,831106,117039,13,3,0,Normal
Loan2780001,Client97706,Nyanza,2022-11-04,3370000,124594,228890,13,2,0,Normal
Loan2780002,Client12419,Nyarugenge,2022-11-04,1740000,63695,118649,13,2,0,Normal
Loan2780076,Client65729,Rutsiro,2022-11-04,1600000,116705,108898,13,3,0,Normal
Loan2780096,Client60146,Rubavu,2022-11-04,1750000,741460,119086,13,2,0,Normal
Loan2780247,Client141952,Ngororero,2022-11-04,3420000,236697,231464,13,2,0,Normal
Loan2780278,Client60122,Rubavu,2022-11-04,800000,153869,131334,13,3,0,Normal
Loan2780374,Client141274,Nyanza,2022-11-04,1500000,66807,101509,13,3,0,Normal
Loan2780427,Client175275,Gasabo,2022-11-04,1640000,589614,234086,14,3,1,Written off
Loan2780485,Client45675,Gasabo,2022-11-04,2010000,928064,136630,13,3,0,Normal
Loan2780506,Client17735,Gasabo,2022-11-04,2200000,154532,297400,14,2,0,Normal
Loan2780530,Client69013,Rubavu,2022-11-04,3450000,200137,306183,13,3,0,Normal
Loan2780856,Client72999,Nyamagabe,2022-11-05,3500000,339131,332434,13,2,0,Normal
Loan2782422,Client48035,Nyarugenge,2022-11-07,2070000,23892,137000,14,2,0,Normal
Loan2782491,Client40710,Nyamagabe,2022-11-07,1350000,411177,117895,13,2,0,Normal
Loan2782570,Client176194,Gasabo,2022-11-07,2070000,78220,188400,14,3,0,Normal
Loan2782645,Client8709,Nyagatare,2022-11-07,1400000,300222,437512,13,3,0,Normal
Loan2782730,Client47986,Nyamagabe,2022-11-07,3500000,632626,337616,13,2,0,Normal
Loan2782744,Client11093,Nyamagabe,2022-11-07,1900000,403177,134761,13,2,0,Normal
Loan2782747,Client98179,Rusizi,2022-11-07,1450000,670269,107554,13,2,0,Normal
Loan2782881,Client104262,Nyarugenge,2022-11-07,2660000,133955,198705,13,2,0,Normal
Loan2783068,Client2089,Ngororero,2022-11-07,2000000,472158,156742,13,3,0,Normal
Loan2783098,Client173380,Gasabo,2022-11-07,2350000,436257,349396,14,2,0,Normal
Loan2783164,Client134497,Gasabo,2022-11-07,2210000,392227,146722,14,2,0,Normal
Loan2783284,Client157840,Ngororero,2022-11-07,1500000,313102,110082,13,2,0,Normal
Loan2783293,Client59275,Nyanza,2022-11-07,1640000,311577,136135,13,3,0,Normal
Loan2783296,Client49773,Nyamagabe,2022-11-07,3370000,326311,233412,13,2,0,Normal
Loan2783314,Client134159,Gasabo,2022-11-07,2070000,149504,251958,14,3,1,Written off
Loan2783321,Client127225,Nyanza,2022-11-07,1400000,332339,95291,13,3,0,Normal
Loan2783480,Client99838,Rubavu,2022-11-07,1660000,796807,148774,13,1,0,Normal
Loan2783487,Client174670,Gasabo,2022-11-07,2070000,285480,221970,14,3,0,Normal
Loan2783511,Client51852,Nyarugenge,2022-11-07,3500000,1040621,302858,13,2,0,Normal
Loan2783531,Client93183,Nyagatare,2022-11-07,3340000,216118,237632,13,2,0,Normal
Loan2783551,Client155513,Nyagatare,2022-11-07,1350000,60206,109763,13,3,0,Normal
Loan2783796,Client14660,Kicukiro,2022-11-08,1840000,674203,125185,13,2,0,Normal
Loan2783881,Client86381,Rutsiro,2022-11-08,3180000,599546,257186,13,3,0,Normal
Loan2783920,Client8136,Rubavu,2022-11-08,3100000,1264183,250105,13,2,0,Normal
Loan2783962,Client185345,Nyarugenge,2022-11-08,1650000,190787,221970,14,3,0,Normal
Loan2784071,Client123348,Nyagatare,2022-11-08,2440000,150023,199269,13,2,0,Normal
Loan2784137,Client19941,Kicukiro,2022-11-08,2030000,260993,158771,13,2,0,Normal
Loan2784168,Client9509,Nyarugenge,2022-11-08,2050000,91712,192296,14,2,0,Normal
Loan2784184,Client42974,Rutsiro,2022-11-08,1760000,153289,142669,13,3,0,Normal
Loan2784188,Client99788,Gasabo,2022-11-08,1400000,666588,250690,13,2,0,Normal
Loan2784213,Client151745,Nyanza,2022-11-08,1470000,55017,96913,13,2,0,Normal
Loan2784260,Client150690,Kicukiro,2022-11-08,1340000,103261,93563,13,2,0,Normal
Loan2784294,Client141450,Nyagatare,2022-11-08,2500000,95850,171165,13,2,0,Normal
Loan2784356,Client8238,Gasabo,2022-11-08,1750000,66018,119529,13,2,0,Normal
Loan2784374,Client142122,Nyagatare,2022-11-08,2450000,202798,166415,13,2,0,Normal
Loan2784422,Client3681,Rubavu,2022-11-08,2040000,255413,163996,13,2,0,Normal
Loan2784476,Client76409,Nyagatare,2022-11-08,3340000,175809,251092,13,3,0,Normal
Loan2784482,Client60013,Kicukiro,2022-11-08,1670000,136200,136135,13,2,0,Normal
Loan2784508,Client130287,Kicukiro,2022-11-08,1560000,249919,44010,14,3,0,Normal
Loan2784615,Client139414,Rubavu,2022-11-08,2913000,697616,197717,13,3,0,Normal
Loan2784642,Client78462,Rusizi,2022-11-08,3200000,197931,218505,13,2,0,Normal
Loan2784656,Client61284,Nyagatare,2022-11-08,1100000,172867,143624,13,2,0,Normal
Loan2784688,Client122294,Gasabo,2022-11-08,1500000,252053,221970,14,3,0,Normal
Loan2784726,Client14378,Rubavu,2022-11-08,1930000,657976,131295,13,3,0,Normal
Loan2784745,Client74229,Rusizi,2022-11-08,1500000,78908,108414,13,3,0,Normal
Loan2784764,Client71189,Rusizi,2022-11-08,3200000,900234,269353,13,2,0,Normal
Loan2784777,Client17739,Rubavu,2022-11-08,2700000,677040,212601,14,2,0,Normal
Loan2784814,Client122841,Rusizi,2022-11-08,1360000,89779,92570,13,3,0,Normal
Loan2784816,Client110338,Nyagatare,2022-11-08,1540000,425644,121496,13,3,0,Normal
Loan2784825,Client122163,Rusizi,2022-11-08,1440000,89208,123814,13,3,0,Normal
Loan2784831,Client28770,Rusizi,2022-11-08,1200000,929894,117599,13,2,0,Normal
Loan2784981,Client124699,Gasabo,2022-11-09,2510000,162927,175070,14,3,1,Written off
Loan2784985,Client14292,Rutsiro,2022-11-09,1850000,556497,280353,13,3,0,Normal
Loan2785065,Client49143,Gasabo,2022-11-09,3290000,824602,222709,13,2,0,Normal
Loan2785114,Client14634,Ngororero,2022-11-09,1730000,667254,118076,13,3,0,Normal
Loan2785228,Client63561,Rusizi,2022-11-09,1650000,305248,113164,13,2,0,Normal
Loan2785370,Client18253,Nyanza,2022-11-09,1710000,88295,116706,13,3,0,Normal
Loan2785408,Client108695,Gasabo,2022-11-09,1580000,110792,125656,13,3,0,Normal
Loan2785453,Client110398,Nyagatare,2022-11-09,1500000,191924,119539,13,3,0,Normal
Loan2785510,Client131162,Nyamagabe,2022-11-09,2000000,244795,192625,13,2,0,Normal
Loan2785516,Client71619,Rubavu,2022-11-09,2990000,244676,239778,13,3,0,Normal
Loan2785541,Client93443,Nyagatare,2022-11-09,3290000,1072554,229845,13,2,0,Normal
Loan2785571,Client118282,Rubavu,2022-11-09,1535000,192915,104527,13,3,0,Normal
Loan2785581,Client155279,Nyagatare,2022-11-09,1450000,39277,98962,13,2,0,Normal
Loan2785602,Client125979,Gasabo,2022-11-09,1300000,50666,106523,13,1,0,Normal
Loan2785744,Client69231,Nyagatare,2022-11-09,2750000,682302,228648,13,3,0,Normal
Loan2785748,Client17124,Nyagatare,2022-11-09,2500000,774641,84640,13,2,0,Normal
Loan2785754,Client38094,Nyagatare,2022-11-09,1530000,115609,249380,13,3,0,Normal
Loan2785766,Client81161,Gasabo,2022-11-09,2480000,112157,221970,14,3,0,Normal
Loan2785952,Client18186,Nyagatare,2022-11-10,1750000,883445,119625,13,3,0,Normal
Loan2785984,Client20915,Nyagatare,2022-11-10,1800000,177067,131915,13,2,0,Normal
Loan2785989,Client92761,Rusizi,2022-11-10,1650000,634336,113164,13,2,0,Normal
Loan2786070,Client106591,Ngororero,2022-11-10,1550000,69694,135135,13,3,0,Normal
Loan2786172,Client125939,Rubavu,2022-11-10,1480000,424640,100937,13,3,0,Normal
Loan2786222,Client128150,Ngororero,2022-11-10,1460000,393222,99809,13,3,0,Normal
Loan2786254,Client10398,Nyagatare,2022-11-10,3500000,652990,277718,13,3,0,Normal
Loan2786255,Client65808,Rutsiro,2022-11-10,1525000,137317,103673,13,2,0,Normal
Loan2786262,Client99547,Rutsiro,2022-11-10,2560000,1063657,174426,13,3,0,Normal
Loan2786274,Client57732,Rubavu,2022-11-10,1705000,117436,139807,13,3,0,Normal
Loan2786294,Client117547,Gasabo,2022-11-10,3400000,796956,231595,13,2,0,Normal
Loan2786323,Client99602,Kicukiro,2022-11-10,1530000,91465,104139,13,2,0,Normal
Loan2786367,Client178190,Kicukiro,2022-11-10,1000000,16427,70350,14,3,0,Normal
Loan2786370,Client85503,Nyamagabe,2022-11-10,3500000,613534,255621,13,2,0,Normal
Loan2786395,Client154409,Nyagatare,2022-11-10,2590000,249332,135105,13,2,0,Normal
Loan2786438,Client137562,Nyanza,2022-11-10,2600000,584993,124695,13,2,0,Normal
Loan2786464,Client57886,Nyarugenge,2022-11-10,1670000,70881,115073,13,2,0,Normal
Loan2786567,Client16742,Nyagatare,2022-11-10,2480000,1029175,205658,13,3,0,Normal
Loan2786573,Client58489,Gasabo,2022-11-10,1756000,127952,144124,13,3,0,Normal
Loan2786585,Client131776,Gasabo,2022-11-10,2950000,763963,203797,13,3,0,Normal
Loan2786620,Client158647,Gasabo,2022-11-10,2200000,129064,165764,14,3,0,Normal
Loan2786630,Client99480,Rusizi,2022-11-10,3150000,711824,216130,13,1,0,Normal
Loan2786635,Client97414,Rusizi,2022-11-10,3410000,607788,230989,13,3,0,Normal
Loan2786939,Client49675,Ngororero,2022-11-11,2600000,245611,247265,13,3,0,Normal
Loan2786940,Client173374,Gasabo,2022-11-11,1000000,205058,85787,14,2,0,Normal
Loan2786964,Client138936,Nyarugenge,2022-11-11,3000000,661658,261004,13,3,0,Normal
Loan2786981,Client59140,Nyanza,2022-11-11,2860000,522984,193905,13,3,0,Normal
Loan2787080,Client117485,Nyagatare,2022-11-11,3330000,1225504,226317,13,2,0,Normal
Loan2787117,Client44756,Kicukiro,2022-11-11,3500000,2241209,283485,13,2,0,Normal
Loan2787194,Client28285,Nyamagabe,2022-11-11,2600000,227592,205426,13,3,0,Normal
Loan2787198,Client100750,Gasabo,2022-11-11,3390000,258490,12,13,3,0,Normal
Loan2787203,Client144720,Nyamagabe,2022-11-11,1200000,133649,100515,13,3,0,Normal
Loan2787270,Client119929,Rutsiro,2022-11-11,3260000,1138422,221153,13,2,0,Normal
Loan2787273,Client80046,Nyamagabe,2022-11-11,1570000,109264,130855,13,3,0,Normal
Loan2787309,Client153813,Rubavu,2022-11-11,1470000,141240,100084,13,3,0,Normal
Loan2787338,Client108106,Nyamagabe,2022-11-11,3000000,1329498,193133,13,2,0,Normal
Loan2787387,Client76397,Ngororero,2022-11-11,3500000,440358,303765,13,3,0,Normal
Loan2787456,Client143378,Nyamagabe,2022-11-11,3280000,89648,135278,13,3,0,Normal
Loan2787472,Client92838,Rusizi,2022-11-11,1500000,161844,104704,13,3,0,Normal
Loan2787519,Client68947,Ngororero,2022-11-11,3360000,501696,262886,13,2,0,Normal
Loan2787537,Client123037,Nyarugenge,2022-11-11,3000000,807698,270626,13,2,0,Normal
Loan2787542,Client24099,Nyamagabe,2022-11-11,2800000,1200070,225344,13,2,0,Normal
Loan2787547,Client134090,Ngororero,2022-11-11,2720000,431737,115381,13,2,0,Normal
Loan2787553,Client65786,Rutsiro,2022-11-11,1650000,351560,129683,13,2,0,Normal
Loan2787557,Client27931,Rusizi,2022-11-11,1300000,420896,242347,13,2,0,Normal
Loan2787563,Client34457,Nyamagabe,2022-11-11,1450000,207691,123007,13,3,0,Normal
Loan2787570,Client139263,Rusizi,2022-11-11,3300000,476513,226714,13,2,0,Normal
Loan2787578,Client133701,Rusizi,2022-11-11,1200000,982231,257194,13,3,0,Normal
Loan2787623,Client161186,Gasabo,2022-11-11,3500000,607241,221970,14,3,0,Normal
Loan2787637,Client156299,Nyarugenge,2022-11-11,1400000,69198,116525,13,2,0,Normal
Loan2787640,Client139004,Gasabo,2022-11-11,1480000,330677,101543,13,2,0,Normal
Loan2787676,Client11045,Gasabo,2022-11-11,1850000,454821,150150,13,3,0,Normal
Loan2787775,Client75901,Nyanza,2022-11-12,1600000,137216,133285,13,3,0,Normal
Loan2788024,Client82968,Rusizi,2022-11-12,3500000,663386,411650,13,3,0,Normal
Loan2788338,Client66234,Nyamagabe,2022-11-14,3370000,1288036,228614,13,2,0,Normal
Loan2788374,Client46808,Nyamagabe,2022-11-14,3500000,1387868,142508,13,3,1,Written off
Loan2788420,Client46600,Ngororero,2022-11-14,3000000,475123,235061,13,3,0,Normal
Loan2788465,Client135352,Rutsiro,2022-11-14,2583000,605478,175000,13,3,0,Normal
Loan2788508,Client130000,Nyagatare,2022-11-14,3400000,702487,249380,13,2,0,Normal
Loan2788549,Client138916,Gasabo,2022-11-14,1370000,116161,328439,13,3,0,Normal
Loan2788629,Client118970,Nyarugenge,2022-11-14,1440000,55777,112004,13,3,0,Normal
Loan2788654,Client120472,Rubavu,2022-11-14,780000,76839,118744,13,3,0,Normal
Loan2788668,Client126998,Nyarugenge,2022-11-14,1400000,33944,117319,13,3,0,Normal
Loan2788822,Client162188,Kicukiro,2022-11-14,3400000,537615,232640,13,3,0,Normal
Loan2788830,Client26173,Rusizi,2022-11-14,1930000,414146,156080,13,2,0,Normal
Loan2788840,Client134596,Rusizi,2022-11-14,3370000,151109,228139,13,3,0,Normal
Loan2788843,Client16817,Gasabo,2022-11-14,2050000,149504,251958,14,3,1,Written off
Loan2788855,Client150996,Rusizi,2022-11-14,1200000,56020,92095,13,3,0,Normal
Loan2788857,Client185193,Gasabo,2022-11-14,2200000,352927,116549,14,3,0,Normal
Loan2788945,Client504,Gasabo,2022-11-15,1750000,516857,142509,13,2,0,Normal
Loan2788992,Client123075,Rubavu,2022-11-15,2760000,62219,251958,14,3,0,Normal
Loan2788999,Client19399,Nyarugenge,2022-11-15,1760000,562955,119766,13,3,0,Normal
Loan2789037,Client102087,Gasabo,2022-11-15,1500000,104534,130406,13,2,0,Normal
Loan2789142,Client69291,Nyanza,2022-11-15,1570000,75269,131385,13,2,0,Normal
Loan2789210,Client109039,Nyamagabe,2022-11-15,1560000,25546,106349,13,3,0,Normal
Loan2789224,Client49081,Rubavu,2022-11-15,1270000,427798,326223,13,2,0,Normal
Loan2789241,Client72926,Rusizi,2022-11-15,1517000,106631,122305,13,2,0,Normal
Loan2789242,Client57869,Kicukiro,2022-11-15,3090000,455872,240880,13,3,0,Normal
Loan2789253,Client73732,Rutsiro,2022-11-15,2000000,763814,161489,14,2,0,Normal
Loan2789254,Client92815,Rusizi,2022-11-15,1660000,396133,135605,13,2,0,Normal
Loan2789351,Client132274,Nyagatare,2022-11-15,1380000,278713,119064,13,2,0,Normal
Loan2789373,Client151088,Gasabo,2022-11-15,3200000,120558,259207,13,2,0,Normal
Loan2789386,Client28165,Nyarugenge,2022-11-15,3500000,2423332,272146,13,3,0,Normal
Loan2789393,Client64065,Rubavu,2022-11-15,1670000,126180,113648,13,3,0,Normal
Loan2789418,Client122737,Kicukiro,2022-11-15,3500000,231846,269353,13,3,0,Normal
Loan2789450,Client23772,Nyagatare,2022-11-15,3499000,832440,334625,14,2,0,Normal
Loan2789496,Client102077,Rusizi,2022-11-15,1580000,123257,107554,13,2,0,Normal
Loan2789581,Client4900,Rubavu,2022-11-16,2280000,1170505,181775,13,2,0,Normal
Loan2789647,Client122432,Ngororero,2022-11-16,1460000,64789,124231,13,2,0,Normal
Loan2789749,Client21121,Kicukiro,2022-11-16,1610000,1250571,245603,13,2,0,Normal
Loan2789773,Client48256,Gasabo,2022-11-16,3500000,559628,307615,13,2,0,Normal
Loan2789783,Client157976,Nyagatare,2022-11-16,1450000,63666,98962,13,3,0,Normal
Loan2789799,Client72643,Nyagatare,2022-11-16,231000,231904,110013,14,1,0,Normal
Loan2789824,Client52721,Nyagatare,2022-11-16,2350000,306360,191517,13,2,0,Normal
Loan2789836,Client100660,Rubavu,2022-11-16,1580000,593095,108009,13,4,0,Normal
Loan2789860,Client49922,Nyagatare,2022-11-16,1450000,118673,128035,13,2,0,Normal
Loan2789867,Client49307,Kicukiro,2022-11-16,3420000,89537,271381,13,2,0,Normal
Loan2789875,Client83411,Kicukiro,2022-11-16,1460000,577733,150654,13,3,0,Normal
Loan2789891,Client139084,Kicukiro,2022-11-16,1370000,60356,95463,13,3,0,Normal
Loan2789974,Client186159,Kicukiro,2022-11-16,2000000,1534,146654,14,3,0,Normal
Loan2789978,Client100817,Ngororero,2022-11-16,2500000,156468,237980,13,2,0,Normal
Loan2789985,Client111264,Nyagatare,2022-11-16,3500000,981712,260739,13,3,0,Normal
Loan2790013,Client19402,Ngororero,2022-11-16,1780000,286041,121401,13,2,0,Normal
Loan2790015,Client11624,Gasabo,2022-11-16,3500000,370985,221970,14,2,0,Normal
Loan2790041,Client163531,Gasabo,2022-11-16,1200000,140372,82700,14,3,0,Normal
Loan2790042,Client40395,Ngororero,2022-11-16,1620000,806170,59275,13,2,0,Normal
Loan2790073,Client134371,Rusizi,2022-11-16,3438000,796889,232640,13,2,0,Normal
Loan2790084,Client4403,Rusizi,2022-11-16,2030000,427569,165817,13,3,0,Normal
Loan2790088,Client63564,Rusizi,2022-11-16,1735000,409664,117826,13,2,0,Normal
Loan2790207,Client117240,Gasabo,2022-11-17,1540000,49915,127097,13,2,0,Normal
Loan2790249,Client14665,Nyarugenge,2022-11-17,1890000,269507,153551,13,2,0,Normal
Loan2790254,Client4721,Rutsiro,2022-11-17,1400000,295718,136021,13,2,0,Normal
Loan2790269,Client133609,Kicukiro,2022-11-17,1480000,58266,142728,13,3,0,Normal
Loan2790270,Client42717,Rubavu,2022-11-17,1840000,474531,125025,13,2,0,Normal
Loan2790272,Client109333,Rusizi,2022-11-17,1580000,548334,107554,13,2,0,Normal
Loan2790302,Client117543,Nyamagabe,2022-11-17,3500000,1448922,326929,14,2,0,Normal
Loan2790312,Client164088,Nyanza,2022-11-17,1285000,240892,99121,14,3,0,Normal
Loan2790366,Client55181,Rutsiro,2022-11-17,1670000,532183,119766,13,3,0,Normal
Loan2790387,Client56093,Gasabo,2022-11-17,3500000,1314365,250805,13,3,0,Normal
Loan2790393,Client38146,Nyarugenge,2022-11-17,1510000,86226,119291,13,2,0,Normal
Loan2790487,Client41094,Nyanza,2022-11-17,1730000,823937,117964,13,2,0,Normal
Loan2790492,Client40915,Ngororero,2022-11-17,2470000,893900,198111,13,2,0,Normal
Loan2790498,Client179038,Kicukiro,2022-11-17,1450000,205447,100638,13,2,0,Normal
Loan2790527,Client46478,Rubavu,2022-11-17,3500000,2118739,286871,13,2,0,Normal
Loan2790531,Client128674,Rubavu,2022-11-17,1490000,125151,101543,13,3,0,Normal
Loan2790535,Client9859,Rubavu,2022-11-17,620000,118322,244850,13,1,1,Written off
Loan2790554,Client129252,Kicukiro,2022-11-17,3400000,240491,271381,13,2,0,Normal
Loan2790565,Client41963,Gasabo,2022-11-17,3370000,3236579,748542,13,2,0,Normal
Loan2790571,Client21235,Nyagatare,2022-11-17,1700000,205347,147779,13,2,0,Normal
Loan2790593,Client118806,Nyanza,2022-11-17,1490000,314463,101651,13,2,0,Normal
Loan2790703,Client168156,Rusizi,2022-11-17,1500000,139601,117639,13,2,0,Normal
Loan2790714,Client45837,Rusizi,2022-11-17,1750000,169871,119251,13,3,0,Normal
Loan2790725,Client99516,Rusizi,2022-11-17,2970000,189180,229480,13,2,0,Normal
Loan2790735,Client25105,Rusizi,2022-11-17,1750000,677920,119251,13,2,0,Normal
Loan2790750,Client118314,Rusizi,2022-11-17,1575000,376014,237632,13,3,0,Normal
Loan2790769,Client154526,Rusizi,2022-11-17,1490000,324164,101638,13,2,0,Normal
Loan2790882,Client98427,Gasabo,2022-11-18,3060000,614162,225978,13,3,0,Normal
Loan2790959,Client133265,Nyanza,2022-11-18,3340000,430813,263716,13,3,0,Normal
Loan2790963,Client29367,Kicukiro,2022-11-18,2550000,60160,109518,13,2,0,Normal
Loan2790977,Client159162,Rubavu,2022-11-18,1485000,49704,123019,13,3,0,Normal
Loan2790985,Client86926,Nyarugenge,2022-11-18,3500000,481502,261126,13,2,0,Normal
Loan2790993,Client134163,Gasabo,2022-11-18,1650000,846607,113648,14,2,1,Written off
Loan2791040,Client140811,Nyagatare,2022-11-18,2750000,669632,218950,13,3,0,Normal
Loan2791049,Client122905,Rubavu,2022-11-18,1495000,408805,221131,13,4,0,Normal
Loan2791061,Client42908,Rubavu,2022-11-18,1740000,78769,118611,13,2,0,Normal
Loan2791078,Client11064,Nyamagabe,2022-11-18,3500000,225541,300851,13,2,0,Normal
Loan2791083,Client151208,Rusizi,2022-11-18,1505000,58404,106913,13,3,0,Normal
Loan2791119,Client173108,Kicukiro,2022-11-18,1444000,268696,126650,14,3,0,Normal
Loan2791123,Client84650,Gasabo,2022-11-18,3350000,742532,269006,13,2,0,Normal
Loan2791161,Client29049,Nyanza,2022-11-18,3500000,616334,362341,13,3,0,Normal
Loan2791191,Client57866,Rubavu,2022-11-18,3400000,799355,271436,13,3,0,Normal
Loan2791194,Client4710,Gasabo,2022-11-18,2000000,244319,174944,13,2,0,Normal
Loan2791199,Client16422,Kicukiro,2022-11-18,1500000,952013,125185,13,2,0,Normal
Loan2791213,Client46564,Ngororero,2022-11-18,2560000,637479,173705,13,3,0,Normal
Loan2791365,Client138719,Gasabo,2022-11-18,3120000,61671,180700,13,2,0,Normal
Loan2791376,Client12634,HQ,2022-11-18,1560000,302303,243908,13,2,0,Normal
Loan2791385,Client132298,Nyarugenge,2022-11-18,1490000,86001,115100,13,3,0,Normal
Loan2791386,Client124065,Nyamagabe,2022-11-18,1470000,53958,99997,13,2,0,Normal
Loan2791388,Client42041,Gasabo,2022-11-18,1750000,449932,139183,13,3,0,Normal
Loan2791390,Client47011,HQ,2022-11-18,3500000,117540,149287,14,2,0,Normal
Loan2792188,Client160833,Rusizi,2022-11-21,3440000,384668,252070,13,3,0,Normal
Loan2792254,Client118263,Rubavu,2022-11-21,1510000,143738,104527,13,3,0,Normal
Loan2792262,Client44363,Rusizi,2022-11-21,3500000,815175,307615,13,2,0,Normal
Loan2792310,Client130059,Rutsiro,2022-11-21,3000000,157741,203797,13,2,0,Normal
Loan2792463,Client118353,Rusizi,2022-11-21,1505000,209520,102329,13,2,0,Normal
Loan2792509,Client69328,Nyagatare,2022-11-21,3250000,305132,214442,13,3,0,Normal
Loan2792515,Client34863,Gasabo,2022-11-21,1680000,840808,114805,13,2,0,Normal
Loan2792519,Client62741,Nyamagabe,2022-11-21,1580000,283479,107612,13,3,0,Normal
Loan2792521,Client150534,Rusizi,2022-11-21,2650000,64498,178980,13,3,0,Normal
Loan2792700,Client141283,Nyamagabe,2022-11-21,1470000,304098,100515,13,2,0,Normal
Loan2792741,Client59477,Nyamagabe,2022-11-21,3260000,1087828,221295,13,2,0,Normal
Loan2792749,Client43750,Rusizi,2022-11-21,3435000,195831,232889,13,2,0,Normal
Loan2792750,Client40285,Ngororero,2022-11-21,1680000,347389,114664,13,2,0,Normal
Loan2792761,Client156818,Nyagatare,2022-11-21,1530000,138804,122389,13,2,0,Normal
Loan2792769,Client155534,Nyagatare,2022-11-21,1040000,480967,218940,13,3,0,Normal
Loan2792774,Client29410,Nyagatare,2022-11-21,3500000,382835,305218,13,3,0,Normal
Loan2792874,Client21258,Rusizi,2022-11-21,1540000,766285,133008,13,2,0,Normal
Loan2792916,Client161798,Gasabo,2022-11-21,2160000,135252,221970,14,3,0,Normal
Loan2793178,Client133996,Kicukiro,2022-11-22,1410000,354400,97795,13,2,0,Normal
Loan2793193,Client17581,Rubavu,2022-11-22,1830000,174531,141742,13,3,0,Normal
Loan2793289,Client17100,Nyagatare,2022-11-22,1800000,146286,148903,13,3,0,Normal
Loan2793292,Client129168,Rubavu,2022-11-22,1285000,98163,262810,13,3,0,Normal
Loan2793329,Client66518,Nyanza,2022-11-22,1640000,119162,111947,13,3,0,Normal
Loan2793340,Client155419,Nyagatare,2022-11-22,1400000,95846,112457,13,3,0,Normal
Loan2793349,Client154445,Gasabo,2022-11-22,1480000,56790,105332,13,2,0,Normal
Loan2793355,Client163399,Ngororero,2022-11-22,2680000,408086,167360,13,2,0,Normal
Loan2793399,Client66521,Rutsiro,2022-11-22,1520000,338923,103518,13,2,0,Normal
Loan2793407,Client79047,Rusizi,2022-11-22,3410000,354247,264688,13,3,0,Normal
Loan2793449,Client87992,Rusizi,2022-11-22,1600000,128578,111264,13,3,0,Normal
Loan2793469,Client156188,Gasabo,2022-11-22,1480000,33625,115938,13,3,0,Normal
Loan2793578,Client133523,Nyamagabe,2022-11-22,1530000,359096,99090,13,3,0,Normal
Loan2793804,Client180030,Gasabo,2022-11-23,1880000,252053,175070,14,3,1,Written off
Loan2793890,Client132511,Kicukiro,2022-11-23,3500000,406755,103922,14,2,0,Normal
Loan2793920,Client139379,Gasabo,2022-11-23,2000000,790631,232545,13,2,0,Normal
Loan2794000,Client157328,Nyagatare,2022-11-23,1530000,38620,121084,13,2,0,Normal
Loan2794003,Client111046,Rusizi,2022-11-23,3500000,478677,277791,13,2,0,Normal
Loan2794027,Client29133,Nyamagabe,2022-11-23,2000000,135887,125111,13,2,0,Normal
Loan2794104,Client78705,Nyagatare,2022-11-23,3000000,1179358,210167,13,2,0,Normal
Loan2794185,Client86917,Nyarugenge,2022-11-23,3500000,1776208,270626,13,2,0,Normal
Loan2794197,Client119168,Nyagatare,2022-11-23,1450000,7950,109763,13,2,0,Normal
Loan2794208,Client93515,HQ,2022-11-23,1080000,442738,270980,13,2,0,Normal
Loan2794241,Client112871,Nyagatare,2022-11-23,3400000,154421,256045,14,2,0,Normal
Loan2794345,Client17472,Nyagatare,2022-11-23,3100000,1412302,205141,13,2,0,Normal
Loan2794362,Client128034,Nyarugenge,2022-11-23,1570000,404119,122924,13,2,0,Normal
Loan2794365,Client161676,Nyagatare,2022-11-23,1000000,167973,108906,13,2,1,Written off
Loan2794628,Client109331,Kicukiro,2022-11-24,2300000,132277,221633,14,2,0,Normal
Loan2794678,Client117329,Ngororero,2022-11-24,1550000,46799,118481,13,2,0,Normal
Loan2794726,Client48336,Kicukiro,2022-11-24,3500000,150860,241017,13,3,0,Normal
Loan2794743,Client19407,Nyamagabe,2022-11-24,3500000,410677,290401,13,3,0,Normal
Loan2794759,Client154795,Kicukiro,2022-11-24,1500000,327885,103063,13,3,0,Normal
Loan2794821,Client119200,Nyagatare,2022-11-24,3100000,398631,206972,13,2,0,Normal
Loan2794832,Client143,Ngororero,2022-11-24,840000,275533,142521,13,2,0,Normal
Loan2794875,Client156324,Gasabo,2022-11-24,1570000,306387,101543,13,2,0,Normal
Loan2794962,Client101826,Nyagatare,2022-11-24,1600000,62081,108338,13,2,0,Normal
Loan2795011,Client38894,Gasabo,2022-11-24,1570000,61491,101395,13,2,0,Normal
Loan2795147,Client42904,Rubavu,2022-11-24,1980000,312811,134596,13,3,0,Normal
Loan2795169,Client147465,Rubavu,2022-11-24,1570000,67942,101163,13,3,0,Normal
Loan2795195,Client164126,Nyarugenge,2022-11-24,1690000,71298,142325,14,3,0,Normal
Loan2795262,Client72907,Rubavu,2022-11-24,1341517,467759,175070,14,2,1,Written off
Loan2795291,Client14397,Rusizi,2022-11-24,3500000,2617219,376183,13,2,0,Normal
Loan2795308,Client139385,Rusizi,2022-11-24,2990000,443640,202716,13,2,0,Normal
Loan2795312,Client134180,Rusizi,2022-11-24,2270000,374341,154105,13,2,0,Normal
Loan2795314,Client167609,Rusizi,2022-11-24,3440000,117463,231989,13,2,0,Normal
Loan2795316,Client164615,Rusizi,2022-11-24,2690000,113801,199275,13,3,0,Normal
Loan2795319,Client121125,Rusizi,2022-11-24,1480000,347254,100645,13,3,0,Normal
Loan2795418,Client972,Gasabo,2022-11-25,3200000,863393,382337,13,2,0,Normal
Loan2795753,Client65229,Nyarugenge,2022-11-25,2900000,1400007,197458,13,2,0,Normal
Loan2795843,Client139228,Kicukiro,2022-11-25,1470000,42917,95463,13,2,0,Normal
Loan2795882,Client154624,Nyarugenge,2022-11-25,1490000,143191,101638,13,3,0,Normal
Loan2795912,Client12908,Rusizi,2022-11-25,1430000,407629,137030,13,2,1,Written off
Loan2795991,Client121698,Rusizi,2022-11-25,2630000,626835,227532,13,2,0,Normal
Loan2796040,Client77679,Rutsiro,2022-11-25,2000000,397977,101543,13,1,0,Normal
Loan2796059,Client45201,Gasabo,2022-11-25,1750000,151817,139374,13,3,0,Normal
Loan2796114,Client69718,Nyamagabe,2022-11-25,1720000,152884,136135,13,2,0,Normal
Loan2796188,Client73491,Ngororero,2022-11-25,3440000,1240592,227459,13,3,0,Normal
Loan2796324,Client131144,Nyamagabe,2022-11-25,1550000,163594,100515,13,2,0,Normal
Loan2796365,Client134787,Gasabo,2022-11-25,2420000,483436,175070,14,3,1,Written off
Loan2796438,Client43179,Nyarugenge,2022-11-25,1650000,85131,65000,14,3,0,Normal
Loan2796513,Client110197,Rusizi,2022-11-25,3450000,1395063,228614,14,2,1,Written off
Loan2797386,Client69907,Nyamagabe,2022-11-28,3480000,983315,272812,13,3,0,Normal
Loan2797399,Client155586,Nyagatare,2022-11-28,1530000,78819,98962,13,2,0,Normal
Loan2797407,Client105494,Nyarugenge,2022-11-28,1200000,161566,130510,13,2,0,Normal
Loan2797538,Client22290,Nyamagabe,2022-11-28,1810000,142255,142699,13,3,0,Normal
Loan2797546,Client75425,Gasabo,2022-11-28,1700000,81086,136135,13,2,0,Normal
Loan2797573,Client123204,Rusizi,2022-11-28,2410000,162421,157939,13,2,0,Normal
Loan2797641,Client49046,Gasabo,2022-11-28,1740000,80070,113648,13,2,0,Normal
Loan2797798,Client118172,Nyamagabe,2022-11-28,1600000,122576,103499,13,2,0,Normal
Loan2797842,Client59303,HQ,2022-11-28,1530000,403128,401202,13,2,0,Normal
Loan2797862,Client51551,Rubavu,2022-11-28,1760000,219833,137712,13,2,0,Normal
Loan2798068,Client147904,Nyagatare,2022-11-28,1530000,107253,102545,13,3,0,Normal
Loan2798112,Client128262,Rusizi,2022-11-28,2340000,715468,153189,13,2,0,Normal
Loan2798118,Client141454,Nyagatare,2022-11-28,1530000,83234,98962,13,2,0,Normal
Loan2798120,Client150652,Rusizi,2022-11-28,1570000,90792,101120,13,3,0,Normal
Loan2798155,Client63799,Rusizi,2022-11-28,3270000,208517,226391,13,2,0,Normal
Loan2798355,Client88941,Rutsiro,2022-11-29,3493000,1143367,230645,13,2,0,Normal
Loan2798420,Client155466,Nyagatare,2022-11-29,1530000,240012,113885,13,3,0,Normal
Loan2798426,Client160816,Gasabo,2022-11-29,1400000,314030,175922,13,3,0,Normal
Loan2798464,Client123940,Kicukiro,2022-11-29,1570000,168296,101120,13,2,0,Normal
Loan2798482,Client132196,Kicukiro,2022-11-29,1560000,35463,121914,13,2,0,Normal
Loan2798486,Client151710,Nyanza,2022-11-29,2740000,231790,197541,13,2,0,Normal
Loan2798511,Client153857,Nyagatare,2022-11-29,3500000,87788,250645,13,3,0,Normal
Loan2798520,Client178757,Gasabo,2022-11-29,1440000,227123,221970,14,2,0,Normal
Loan2798526,Client98381,Nyamagabe,2022-11-29,1680000,184378,266071,13,3,0,Normal
Loan2798533,Client123178,Nyagatare,2022-11-29,2680000,792616,175915,13,2,0,Normal
Loan2798554,Client59353,Ngororero,2022-11-29,2740000,1559646,180077,13,3,0,Normal
Loan2798585,Client17134,Nyagatare,2022-11-29,1880000,157700,146978,13,2,0,Normal
Loan2798594,Client9872,Nyagatare,2022-11-29,3000000,285118,205141,13,3,0,Normal
Loan2798618,Client108331,Gasabo,2022-11-29,1500000,802929,268112,13,2,0,Normal
Loan2798677,Client99633,Nyagatare,2022-11-29,1600000,229377,102398,13,2,0,Normal
Loan2798703,Client50174,Nyagatare,2022-11-29,1730000,587312,111926,13,2,0,Normal
Loan2798727,Client76961,Kicukiro,2022-11-29,3500000,357857,268406,13,3,0,Normal
Loan2798738,Client129342,Rusizi,2022-11-29,2230000,180254,147964,13,3,0,Normal
Loan2798765,Client156807,Nyagatare,2022-11-29,1200000,67032,93262,13,3,0,Normal
Loan2798809,Client124608,Kicukiro,2022-11-29,1550000,70528,122389,13,3,0,Normal
Loan2798971,Client134164,Gasabo,2022-11-29,420000,149504,175070,14,2,1,Written off
Loan2798989,Client22814,Rusizi,2022-11-29,1835000,225697,142699,13,2,0,Normal
Loan2799039,Client66578,Rutsiro,2022-11-30,3500000,1316379,384696,13,3,0,Normal
Loan2799091,Client85506,Gasabo,2022-11-30,1590000,559493,103259,13,2,0,Normal
Loan2799140,Client122802,Rusizi,2022-11-30,1410000,427284,96370,13,2,0,Normal
Loan2799179,Client99557,Rutsiro,2022-11-30,2525000,305484,259816,13,2,0,Normal
Loan2799223,Client19406,Nyamagabe,2022-11-30,2100000,1466924,408234,13,2,0,Normal
Loan2799232,Client34113,Gasabo,2022-11-30,2320000,639406,166300,14,3,0,Normal
Loan2799289,Client80960,Rubavu,2022-11-30,1600000,690676,112993,13,2,0,Normal
Loan2799318,Client53889,Nyagatare,2022-11-30,1700000,110933,110730,13,2,0,Normal
Loan2799374,Client68631,Nyagatare,2022-11-30,1700000,233954,110730,13,2,0,Normal
Loan2799377,Client138,Ngororero,2022-11-30,1550000,366862,99809,13,3,0,Normal
Loan2799393,Client44223,Nyagatare,2022-11-30,1750000,810757,114776,13,3,0,Normal
Loan2799407,Client70253,Ngororero,2022-11-30,1810000,331646,117752,13,2,0,Normal
Loan2799412,Client133886,Rubavu,2022-11-30,1570000,126261,122544,13,2,0,Normal
Loan2799488,Client173109,Kicukiro,2022-11-30,1550000,268696,126650,14,3,1,Written off
Loan2799524,Client19408,Nyamagabe,2022-11-30,1700000,144388,149287,13,2,0,Normal
Loan2799527,Client135615,Nyarugenge,2022-11-30,1940000,70077,256979,14,2,0,Normal
Loan2799555,Client134256,Nyagatare,2022-11-30,3350000,442411,221567,13,3,0,Normal
Loan2799562,Client8058,Rusizi,2022-11-30,2360000,1065226,183490,13,2,0,Normal
Loan2799631,Client16897,Nyagatare,2022-11-30,3500000,2034848,274929,13,2,0,Normal
Loan2799726,Client67510,Nyamagabe,2022-11-30,1980000,119544,250533,13,2,0,Normal
Loan2799885,Client19678,Rutsiro,2022-12-01,2985000,337436,230116,13,2,0,Normal
Loan2799969,Client132826,Kicukiro,2022-12-01,3500000,90107,207459,13,3,0,Normal
Loan2800018,Client110305,Nyagatare,2022-12-01,1100000,519851,100498,13,2,0,Normal
Loan2800027,Client12184,Gasabo,2022-12-01,2100000,782486,129947,13,3,0,Normal
Loan2800046,Client6514,Nyagatare,2022-12-01,2100000,157160,167563,13,3,0,Normal
Loan2800055,Client147030,Rusizi,2022-12-01,1485000,170141,100220,13,2,0,Normal
Loan2800146,Client151803,Nyanza,2022-12-01,1570000,252731,100738,13,3,0,Normal
Loan2800156,Client25606,Nyagatare,2022-12-01,1800000,136440,147779,13,3,0,Normal
Loan2800177,Client126507,Rutsiro,2022-12-01,1575000,211282,101543,13,3,0,Normal
Loan2800178,Client108456,Nyagatare,2022-12-01,3500000,1490813,247866,13,3,0,Normal
Loan2800253,Client143281,Kicukiro,2022-12-01,1500000,291143,98313,13,2,0,Normal
Loan2800279,Client14066,Kicukiro,2022-12-01,2000000,446674,42201,14,2,0,Normal
Loan2800322,Client67474,Nyamagabe,2022-12-01,1750000,114847,139849,13,3,0,Normal
Loan2800355,Client58033,Rubavu,2022-12-01,2730000,188522,179308,13,2,0,Normal
Loan2800403,Client160675,Nyamagabe,2022-12-01,2390000,525150,175847,13,2,0,Normal
Loan2800459,Client109489,Gasabo,2022-12-01,2600000,192267,250690,13,2,0,Normal
Loan2800464,Client48611,Kicukiro,2022-12-01,1640000,395341,128480,13,2,0,Normal
Loan2800474,Client28032,Kicukiro,2022-12-01,1500000,177071,174245,14,2,0,Normal
Loan2800503,Client15238,Gasabo,2022-12-01,1800000,427291,119766,13,3,0,Normal
Loan2800529,Client53604,Kicukiro,2022-12-01,1750000,780550,113402,13,3,0,Normal
Loan2800557,Client61463,Nyagatare,2022-12-01,3400000,239699,230407,13,3,0,Normal
Loan2800597,Client91749,Nyamagabe,2022-12-01,3480000,282513,272812,13,3,0,Normal
Loan2800637,Client107987,Rusizi,2022-12-01,1200000,112896,232889,13,2,0,Normal
Loan2800657,Client43905,Kicukiro,2022-12-01,2480000,494587,170100,14,2,0,Normal
Loan2800709,Client110326,Nyagatare,2022-12-01,1630000,70656,124046,13,2,0,Normal
Loan2800766,Client118278,Rubavu,2022-12-01,1660000,62671,107377,13,3,0,Normal
Loan2800801,Client87590,Rusizi,2022-12-01,1770000,673744,137030,13,2,0,Normal
Loan2800916,Client11711,Gasabo,2022-12-01,2050000,249368,162571,13,2,0,Normal
Loan2800918,Client54149,Rusizi,2022-12-01,1080000,156799,286016,14,2,1,Written off
Loan2800937,Client187610,Rubavu,2022-12-01,2850000,454637,178172,14,2,0,Normal
Loan2800946,Client143533,Rubavu,2022-12-01,1500000,58155,96413,13,3,0,Normal
Loan2800956,Client104214,Rusizi,2022-12-02,3500000,158434,239270,13,2,0,Normal
Loan2801067,Client52609,Nyagatare,2022-12-02,2680000,865464,214261,13,3,0,Normal
Loan2801148,Client64892,Gasabo,2022-12-02,1570000,200002,101543,13,2,0,Normal
Loan2801173,Client15123,Rutsiro,2022-12-02,1815000,552233,122449,13,2,0,Normal
Loan2801267,Client91365,Rutsiro,2022-12-02,1750000,131099,136135,13,3,0,Normal
Loan2801359,Client161477,Nyagatare,2022-12-02,2680000,145538,249265,13,2,0,Normal
Loan2801360,Client24255,Ngororero,2022-12-02,1725000,332292,141699,13,3,0,Normal
Loan2801402,Client130222,Nyagatare,2022-12-02,1480000,50365,96112,13,3,0,Normal
Loan2801430,Client26168,Rusizi,2022-12-02,3500000,1724315,253520,13,2,0,Normal
Loan2801466,Client5758,Rusizi,2022-12-02,3500000,545534,274228,13,3,0,Normal
Loan2801499,Client45388,Rusizi,2022-12-02,1800000,802360,139183,13,2,0,Normal
Loan2801510,Client37242,Gasabo,2022-12-02,3500000,262528,283945,13,2,0,Normal
Loan2801535,Client131157,Nyamagabe,2022-12-02,1550000,65174,104175,13,2,0,Normal
Loan2801548,Client66957,Rubavu,2022-12-02,2000000,939709,264953,13,2,0,Normal
Loan2801566,Client142107,Nyarugenge,2022-12-02,1570000,322746,99759,13,3,0,Normal
Loan2801651,Client88679,HQ,2022-12-02,3500000,157951,474975,14,2,0,Normal
Loan2801659,Client922,Ngororero,2022-12-02,2500000,737176,412387,14,3,0,Normal
Loan2801697,Client130899,Nyarugenge,2022-12-02,3500000,214405,272760,13,2,0,Normal
Loan2802017,Client50673,Rubavu,2022-12-02,1650000,195001,130910,13,2,0,Normal
Loan2802066,Client69939,Rubavu,2022-12-02,3000000,1060207,240496,13,2,0,Normal
Loan2802422,Client47283,Ngororero,2022-12-03,3040000,282640,236267,13,3,0,Normal
Loan2802431,Client24061,Ngororero,2022-12-03,600000,885074,117514,13,2,0,Normal
Loan2802726,Client162129,Rubavu,2022-12-03,1550000,134349,123019,13,3,0,Normal
Loan2802945,Client83383,Nyamagabe,2022-12-05,1440000,968286,108348,14,2,0,Normal
Loan2802946,Client81727,Rutsiro,2022-12-05,1650000,101407,129709,13,2,0,Normal
Loan2803070,Client558,Rusizi,2022-12-05,2100000,1056661,139300,13,2,0,Normal
Loan2803082,Client13241,Rubavu,2022-12-05,1920000,1018885,128452,13,3,0,Normal
Loan2803086,Client149777,Rusizi,2022-12-05,1500000,305247,113088,13,2,0,Normal
Loan2803107,Client50560,Nyanza,2022-12-05,1730000,526052,182389,13,3,0,Normal
Loan2803162,Client118018,Rutsiro,2022-12-05,1500000,470185,96793,13,2,0,Normal
Loan2803170,Client1031,Nyanza,2022-12-05,1800000,983076,129155,13,3,0,Normal
Loan2803206,Client147946,Nyanza,2022-12-05,1490000,308535,110082,13,2,0,Normal
Loan2803224,Client57555,Nyarugenge,2022-12-05,3500000,2056246,328480,13,3,0,Normal
Loan2803259,Client61792,Nyagatare,2022-12-05,1300000,83689,82940,13,3,0,Normal
Loan2803276,Client138475,Kicukiro,2022-12-05,3070000,93246,237985,13,2,0,Normal
Loan2803334,Client155352,Nyagatare,2022-12-05,3400000,131620,226317,13,3,0,Normal
Loan2803360,Client45759,Gasabo,2022-12-05,1840000,239273,249265,13,2,0,Normal
Loan2803373,Client164227,Nyamagabe,2022-12-05,3200000,125074,145795,13,3,0,Normal
Loan2803430,Client58034,Rutsiro,2022-12-05,2650000,559577,175000,13,2,0,Normal
Loan2803453,Client76734,Kicukiro,2022-12-05,3500000,1832799,304518,13,3,0,Normal
Loan2803562,Client163516,Gasabo,2022-12-05,160000,454821,207400,14,2,1,Written off
Loan2803564,Client99496,Rusizi,2022-12-05,3500000,1251275,266219,13,2,0,Normal
Loan2803567,Client163821,Nyagatare,2022-12-05,570000,323064,175070,14,2,1,Written off
Loan2803786,Client158845,Nyamagabe,2022-12-06,2000000,118469,125725,13,3,0,Normal
Loan2803852,Client123969,Rusizi,2022-12-06,1420000,349305,98270,13,2,0,Normal
Loan2803853,Client80499,Nyanza,2022-12-06,3500000,1818005,232597,13,2,0,Normal
Loan2803913,Client2996,Rubavu,2022-12-06,2110000,162031,165401,13,3,0,Normal
Loan2803950,Client92834,Rusizi,2022-12-06,3500000,263447,290990,13,3,0,Normal
Loan2804024,Client134027,Ngororero,2022-12-06,1550000,176471,121389,13,3,0,Normal
Loan2804037,Client71530,Nyamagabe,2022-12-06,1720000,307614,89467,13,2,0,Normal
Loan2804090,Client97073,Rusizi,2022-12-06,1500000,186113,136135,13,2,0,Normal
Loan2804124,Client25369,Nyamagabe,2022-12-06,1800000,337384,141749,13,2,0,Normal
Loan2804207,Client58729,Nyanza,2022-12-06,2975000,1062116,193905,13,3,0,Normal
Loan2804306,Client154316,Rusizi,2022-12-06,1500000,394309,101638,13,3,0,Normal
Loan2804378,Client92723,Gasabo,2022-12-06,1640000,345006,106523,13,3,0,Normal
Loan2804386,Client43616,Gasabo,2022-12-06,2120000,555215,161014,13,2,0,Normal
Loan2804395,Client160519,Gasabo,2022-12-06,1570000,179106,101543,13,3,0,Normal
Loan2804633,Client135108,Kicukiro,2022-12-07,2760000,21400,221970,14,3,0,Normal
Loan2804646,Client52128,Nyanza,2022-12-07,3000000,416639,291940,13,3,0,Normal
Loan2804720,Client137236,Rubavu,2022-12-07,3490000,134206,230740,13,3,0,Normal
Loan2804728,Client164029,Nyanza,2022-12-07,3500000,403819,220632,13,3,0,Normal
Loan2804729,Client125400,Ngororero,2022-12-07,1500000,66115,96959,13,3,0,Normal
Loan2804778,Client88077,Rubavu,2022-12-07,3500000,1203482,267971,13,2,0,Normal
Loan2804843,Client155312,Nyagatare,2022-12-07,1490000,166572,96112,13,2,0,Normal
Loan2804846,Client60305,Nyagatare,2022-12-07,1680000,113627,129644,13,3,0,Normal
Loan2804854,Client5601,Rusizi,2022-12-07,3500000,409817,288235,13,2,0,Normal
Loan2804862,Client150745,Rusizi,2022-12-07,1550000,101144,100645,13,2,0,Normal
Loan2804880,Client68433,Gasabo,2022-12-07,3500000,590274,265100,14,2,0,Normal
Loan2804889,Client41242,Nyanza,2022-12-07,2350000,1141566,152702,13,3,0,Normal
Loan2804918,Client130031,Nyagatare,2022-12-07,2950000,637515,226317,13,3,0,Normal
Loan2804919,Client72095,Rubavu,2022-12-07,3500000,558679,305428,13,3,0,Normal
Loan2805046,Client116918,Nyanza,2022-12-07,1660000,135018,106401,13,3,0,Normal
Loan2805071,Client186264,Kicukiro,2022-12-07,2760000,337886,221970,14,3,0,Normal
Loan2805112,Client128544,Nyagatare,2022-12-07,1420000,79521,91362,13,3,0,Normal
Loan2805145,Client17728,Rubavu,2022-12-07,1800000,856108,125025,13,3,0,Normal
Loan2805146,Client131954,Nyanza,2022-12-07,1550000,224050,100041,13,3,0,Normal
Loan2805162,Client107978,Gasabo,2022-12-07,1930000,454821,150150,14,2,0,Normal
Loan2805168,Client156041,Gasabo,2022-12-07,1570000,323763,101543,13,3,0,Normal
Loan2805298,Client135119,Kicukiro,2022-12-08,600000,68920,221970,14,2,0,Normal
Loan2805310,Client118150,Nyamagabe,2022-12-08,3300000,618757,218308,13,3,0,Normal
Loan2805417,Client22692,Rubavu,2022-12-08,3430000,1566965,226845,13,3,0,Normal
Loan2805465,Client13609,Nyamagabe,2022-12-08,2550000,353557,200169,13,2,0,Normal
Loan2805467,Client128288,Nyagatare,2022-12-08,1450000,135638,94212,13,3,0,Normal
Loan2805474,Client25248,Nyagatare,2022-12-08,1650000,813760,106891,13,2,0,Normal
Loan2805493,Client13665,Nyamagabe,2022-12-08,1750000,212764,139052,13,3,0,Normal
Loan2805500,Client146770,Rubavu,2022-12-08,1495000,144594,96413,13,3,0,Normal
Loan2805539,Client54311,Nyanza,2022-12-08,1700000,310775,132755,13,2,0,Normal
Loan2805543,Client71479,Rubavu,2022-12-08,1685000,72316,108898,13,3,0,Normal
Loan2805552,Client120832,Nyagatare,2022-12-08,1370000,287342,87961,13,3,0,Normal
Loan2805560,Client131622,Ngororero,2022-12-08,1480000,211605,95059,13,3,0,Normal
Loan2805562,Client119312,Nyanza,2022-12-08,2980000,1113837,194380,13,3,0,Normal
Loan2805577,Client133471,Nyarugenge,2022-12-08,1570000,369898,101638,13,3,0,Normal
Loan2805578,Client161499,Nyagatare,2022-12-08,3400000,123355,231003,13,3,0,Normal
Loan2805585,Client121411,Rusizi,2022-12-08,1550000,130695,254386,13,3,0,Normal
Loan2805644,Client59696,Rusizi,2022-12-08,1625000,296106,196116,13,2,0,Normal
Loan2805655,Client108063,Gasabo,2022-12-08,3500000,452295,388628,14,3,0,Normal
Loan2805659,Client100851,Rusizi,2022-12-08,3500000,524870,296652,13,3,0,Normal
Loan2805761,Client69679,Rubavu,2022-12-08,1740000,286014,112993,13,3,0,Normal
Loan2805792,Client19676,Rutsiro,2022-12-08,2085000,166005,163752,13,1,0,Normal
Loan2805799,Client133874,Rubavu,2022-12-08,2410000,642265,164102,13,3,0,Normal
Loan2805834,Client29984,Nyarugenge,2022-12-08,2440000,764970,151849,13,2,1,Written off
Loan2805840,Client108682,Nyagatare,2022-12-08,2150000,123084,188600,14,3,0,Normal
Loan2805914,Client110311,Nyagatare,2022-12-08,1630000,197827,121889,13,2,0,Normal
Loan2805915,Client63000,Nyamagabe,2022-12-08,3500000,379329,255621,13,2,0,Normal
Loan2805928,Client16105,Nyanza,2022-12-08,1680000,126165,139183,13,3,0,Normal
Loan2805968,Client4303,Nyanza,2022-12-08,2800000,1274096,292147,13,2,0,Normal
Loan2805974,Client125418,Rusizi,2022-12-08,1500000,78237,100645,13,2,0,Normal
Loan2805975,Client160670,Gasabo,2022-12-08,2450000,101324,215686,13,2,0,Normal
Loan2805993,Client78706,Nyagatare,2022-12-08,2500000,591446,175915,13,2,0,Normal
Loan2806002,Client185561,Nyagatare,2022-12-08,2400000,382620,260410,14,3,1,Written off
Loan2806005,Client150665,Rusizi,2022-12-08,1000000,325674,101120,13,2,0,Normal
Loan2806173,Client65608,Rubavu,2022-12-09,1660000,62407,107377,13,3,0,Normal
Loan2806216,Client163717,Ngororero,2022-12-09,2560000,429799,181320,13,3,0,Normal
Loan2806217,Client66477,Rutsiro,2022-12-09,1670000,53588,108009,13,3,0,Normal
Loan2806227,Client124229,Nyanza,2022-12-09,1560000,121917,122392,13,2,0,Normal
Loan2806252,Client172998,Gasabo,2022-12-09,3500000,1828148,221970,14,3,0,Normal
Loan2806264,Client161325,Kicukiro,2022-12-09,3500000,632924,228890,13,3,0,Normal
Loan2806321,Client79535,Gasabo,2022-12-09,2280000,483436,175070,14,3,1,Written off
Loan2806336,Client186717,Gasabo,2022-12-09,1000000,78594,96510,14,3,0,Normal
Loan2806357,Client58090,Rubavu,2022-12-09,3500000,3215566,276501,14,3,0,Normal
Loan2806365,Client1209,Rusizi,2022-12-09,1900000,107892,146444,13,2,0,Normal
Loan2806379,Client64312,Nyarugenge,2022-12-09,3400000,52597,378400,13,3,0,Normal
Loan2806388,Client148611,Nyanza,2022-12-09,1560000,321733,100041,13,2,0,Normal
Loan2806394,Client40857,Nyarugenge,2022-12-09,2060000,31118,233227,14,2,0,Normal
Loan2806453,Client70615,Gasabo,2022-12-09,2270000,379552,198348,14,2,0,Normal
Loan2806478,Client125460,Rusizi,2022-12-09,1450000,337996,129947,13,2,0,Normal
Loan2806487,Client137557,Rutsiro,2022-12-09,1570000,112540,101638,13,3,0,Normal
Loan2806488,Client83373,Rusizi,2022-12-09,1650000,293432,131290,13,3,0,Normal
Loan2806496,Client148938,Rusizi,2022-12-09,1550000,329261,175922,13,2,0,Normal
Loan2806527,Client120861,Ngororero,2022-12-09,1550000,508007,99809,13,2,0,Normal
Loan2806631,Client47688,Ngororero,2022-12-09,3120000,495137,240880,13,3,0,Normal
Loan2806656,Client163459,Ngororero,2022-12-09,2760000,59692,182220,13,3,0,Normal
Loan2806660,Client187780,Gasabo,2022-12-09,3500000,784584,254712,14,3,0,Normal
Loan2806673,Client133408,Rusizi,2022-12-09,1450000,88961,94470,13,2,0,Normal
Loan2806684,Client152447,Nyarugenge,2022-12-09,1600000,119077,103063,13,3,0,Normal
Loan2806688,Client133267,Rusizi,2022-12-09,2500000,441539,207277,13,3,0,Normal
Loan2806693,Client18621,Nyamagabe,2022-12-09,3460000,287069,271436,13,2,0,Normal
Loan2806710,Client96921,Rubavu,2022-12-09,2495000,157587,198727,13,2,0,Normal
Loan2806720,Client44835,Nyarugenge,2022-12-09,1750000,377095,138165,13,2,0,Normal
Loan2806735,Client52265,Gasabo,2022-12-09,3500000,449932,255706,13,3,1,Written off
Loan2806750,Client83684,Nyamagabe,2022-12-09,1720000,197150,135660,13,3,0,Normal
Loan2806780,Client1355,Gasabo,2022-12-09,3500000,682328,249779,13,3,0,Normal
Loan2806796,Client1780,Rubavu,2022-12-09,2120000,592892,164318,13,2,0,Normal
Loan2806802,Client13095,Nyarugenge,2022-12-09,1970000,134225,311900,14,2,0,Normal
Loan2806884,Client64842,Gasabo,2022-12-09,3230000,102194,232755,13,2,0,Normal
Loan2806898,Client17382,Gasabo,2022-12-09,1918000,483687,150328,13,2,0,Normal
Loan2806931,Client187616,Gasabo,2022-12-09,3000000,261072,272332,14,3,0,Normal
Loan2806937,Client159313,Gasabo,2022-12-09,2350000,254404,221970,14,3,0,Normal
Loan2806967,Client124633,Nyanza,2022-12-10,3500000,167099,133703,14,2,0,Normal
Loan2807130,Client147491,Rubavu,2022-12-10,1570000,51975,101163,13,2,0,Normal
Loan2807201,Client119109,Nyanza,2022-12-10,1570000,363146,100738,13,2,0,Normal
Loan2807469,Client43671,Rutsiro,2022-12-12,3450000,112490,237030,13,3,0,Normal
Loan2807520,Client81429,Nyarugenge,2022-12-12,1700000,221910,132878,13,2,0,Normal
Loan2807541,Client124809,Rutsiro,2022-12-12,2735000,761484,179619,13,3,0,Normal
Loan2807542,Client66004,Gasabo,2022-12-12,3500000,1047043,286053,14,2,0,Normal
Loan2807546,Client15617,Rubavu,2022-12-12,3370000,200425,256385,13,3,0,Normal
Loan2807562,Client89531,Gasabo,2022-12-12,3000000,1476667,210763,13,2,0,Normal
Loan2807571,Client38837,Gasabo,2022-12-12,1840000,298209,137758,13,2,0,Normal
Loan2807581,Client121027,Nyamagabe,2022-12-12,1460000,269234,121439,13,2,0,Normal
Loan2807606,Client41082,Nyanza,2022-12-12,2230000,782688,172788,13,2,0,Normal
Loan2807610,Client164228,Nyamagabe,2022-12-12,2630000,84321,169230,13,3,0,Normal
Loan2807640,Client33829,Nyarugenge,2022-12-12,1200000,735905,116441,13,2,0,Normal
Loan2807669,Client86769,Nyamagabe,2022-12-12,3420000,1055432,226148,13,3,0,Normal
Loan2807721,Client12512,Rubavu,2022-12-12,2000000,155190,122544,13,3,0,Normal
Loan2807735,Client139425,Rubavu,2022-12-12,1495000,77403,209134,13,3,0,Normal
Loan2807739,Client2261,Rubavu,2022-12-12,2000000,117137,165401,13,2,0,Normal
Loan2807769,Client10947,Rubavu,2022-12-12,1600000,468034,119325,13,2,0,Normal
Loan2807785,Client40241,Ngororero,2022-12-12,1830000,850280,143432,13,3,0,Normal
Loan2807793,Client141960,Ngororero,2022-12-12,1500000,225080,96370,13,2,0,Normal
Loan2807858,Client71954,Rusizi,2022-12-12,1700000,231585,119035,13,3,0,Normal
Loan2807895,Client67743,Gasabo,2022-12-12,3500000,2332135,294864,14,2,0,Normal
Loan2807906,Client130664,Nyanza,2022-12-12,1570000,61761,122389,13,3,0,Normal
Loan2807912,Client149335,Rusizi,2022-12-12,2750000,113553,220778,13,3,0,Normal
Loan2807971,Client147873,Rusizi,2022-12-12,1550000,35677,101120,13,2,0,Normal
Loan2808000,Client127267,Rusizi,2022-12-12,1550000,88962,101120,13,3,0,Normal
Loan2808001,Client130598,Rusizi,2022-12-12,1500000,357283,96370,13,3,0,Normal
Loan2808003,Client65031,Rusizi,2022-12-13,3400000,124417,268111,13,3,0,Normal
Loan2808009,Client160576,Kicukiro,2022-12-13,3500000,270913,257131,13,2,0,Normal
Loan2808092,Client20314,Gasabo,2022-12-13,1920000,539562,145962,13,2,0,Normal
Loan2808103,Client132038,Rusizi,2022-12-13,1550000,294027,101120,13,3,0,Normal
Loan2808142,Client30181,Gasabo,2022-12-13,3500000,621626,289508,14,3,0,Normal
Loan2808153,Client72615,Nyarugenge,2022-12-13,1610000,14662,221970,14,2,0,Normal
Loan2808221,Client49444,Ngororero,2022-12-13,1680000,173813,131755,13,2,0,Normal
Loan2808308,Client21118,Rubavu,2022-12-13,3500000,1473514,232896,13,2,0,Normal
Loan2808316,Client14093,Rubavu,2022-12-13,3500000,626527,300678,13,2,0,Normal
Loan2808355,Client28869,Rusizi,2022-12-13,2800000,1520220,215789,13,2,0,Normal
Loan2808359,Client58456,Ngororero,2022-12-13,2560000,148276,168480,13,3,0,Normal
Loan2808421,Client52133,Ngororero,2022-12-13,1400000,621259,117514,13,3,0,Normal
Loan2808466,Client62494,Kicukiro,2022-12-13,1840000,753611,119488,13,3,0,Normal
Loan2808484,Client79741,Kicukiro,2022-12-13,1140000,299106,145363,14,3,0,Normal
Loan2808498,Client29066,Nyarugenge,2022-12-13,2200000,1162582,179485,13,3,0,Normal
Loan2808531,Client11193,Gasabo,2022-12-13,2940000,553863,234240,14,3,0,Normal
Loan2808548,Client176495,Kicukiro,2022-12-13,1230000,259698,221970,14,3,0,Normal
Loan2808621,Client129466,Rubavu,2022-12-13,3430000,117169,224050,14,2,0,Normal
Loan2808623,Client128875,Rusizi,2022-12-13,2700000,391614,250690,13,3,0,Normal
Loan2808652,Client100360,Nyanza,2022-12-14,2640000,687650,221970,14,2,0,Normal
Loan2808781,Client101091,Nyanza,2022-12-14,2500000,186730,193905,13,3,0,Normal
Loan2808796,Client1704,Rubavu,2022-12-14,2550000,933683,179528,13,2,0,Normal
Loan2808823,Client28536,Rutsiro,2022-12-14,2400000,461982,185237,13,2,0,Normal
Loan2808837,Client15564,Rubavu,2022-12-14,1945000,845291,126450,13,2,0,Normal
Loan2808874,Client28799,Nyamagabe,2022-12-14,2060000,186917,268461,13,3,0,Normal
Loan2808919,Client121135,Rusizi,2022-12-14,3400000,278729,272861,13,3,0,Normal
Loan2808954,Client113416,Gasabo,2022-12-14,2540000,1022469,223339,14,3,0,Normal
Loan2808980,Client124458,Nyamagabe,2022-12-14,1550000,54152,114625,13,3,0,Normal
Loan2809003,Client124272,Kicukiro,2022-12-14,1570000,96868,101543,13,2,0,Normal
Loan2809012,Client9231,Nyamagabe,2022-12-14,2000000,103052,164339,13,2,0,Normal
Loan2809019,Client103424,Nyarugenge,2022-12-14,3370000,452242,274666,13,2,0,Normal
Loan2809040,Client58289,Rubavu,2022-12-14,2625000,303125,204082,13,3,0,Normal
Loan2809059,Client26218,Gasabo,2022-12-14,2400000,196576,243050,14,3,0,Normal
Loan2809069,Client122468,Rubavu,2022-12-14,1000000,122361,129250,14,1,0,Normal
Loan2809110,Client10396,Nyagatare,2022-12-14,2070000,1025680,135251,13,3,0,Normal
Loan2809114,Client25462,Rusizi,2022-12-14,1650000,807744,109751,13,3,0,Normal
Loan2809159,Client141435,Nyagatare,2022-12-14,3400000,73565,251086,13,3,0,Normal
Loan2809161,Client2796,Rubavu,2022-12-14,2240000,93546,119303,13,3,0,Normal
Loan2809172,Client31032,Gasabo,2022-12-14,3180000,428545,242305,13,3,0,Normal
Loan2809180,Client118196,Kicukiro,2022-12-14,1510000,702816,103259,13,2,0,Normal
Loan2809227,Client17471,Nyagatare,2022-12-14,3400000,1493862,226317,13,3,0,Normal
Loan2809374,Client169712,Nyagatare,2022-12-15,3400000,660103,251092,13,3,0,Normal
Loan2809414,Client91777,Nyanza,2022-12-15,1500000,363501,57449,13,3,0,Normal
Loan2809417,Client101789,Nyagatare,2022-12-15,3270000,168909,287258,13,2,0,Normal
Loan2809585,Client117673,Nyanza,2022-12-15,3350000,1195563,219034,13,2,0,Normal
Loan2809586,Client129509,Nyagatare,2022-12-15,1090000,382620,260410,14,3,1,Written off
Loan2809656,Client11483,Nyagatare,2022-12-15,1970000,932294,128126,13,3,0,Normal
Loan2809715,Client172312,Ngororero,2022-12-15,3500000,187034,234065,13,3,0,Normal
Loan2809749,Client22778,Gasabo,2022-12-15,1840000,258920,119766,13,2,0,Normal
Loan2809754,Client54342,Ngororero,2022-12-15,1770000,362988,115073,13,2,0,Normal
Loan2809786,Client18073,Rusizi,2022-12-15,1650000,647439,137840,13,2,0,Normal
Loan2809820,Client124594,Nyarugenge,2022-12-15,2000000,647842,189100,14,3,0,Normal
Loan2809834,Client20346,Nyagatare,2022-12-15,3460000,362142,133604,14,3,0,Normal
Loan2809846,Client14456,Ngororero,2022-12-15,1850000,898465,120166,13,2,0,Normal
Loan2809858,Client143519,Kicukiro,2022-12-15,700000,321508,103063,13,3,0,Normal
Loan2809867,Client152199,Kicukiro,2022-12-15,2800000,475644,221970,14,3,0,Normal
Loan2809880,Client59617,Rubavu,2022-12-15,2735000,-25293,180943,13,3,0,Normal
Loan2809896,Client111327,Gasabo,2022-12-15,3500000,393103,272806,13,3,0,Normal
Loan2809928,Client155555,Nyagatare,2022-12-15,3420000,117461,269956,13,3,0,Normal
Loan2809946,Client160280,Gasabo,2022-12-15,1550000,163429,107288,13,2,0,Normal
Loan2809954,Client164583,Gasabo,2022-12-15,2440000,201701,185113,14,2,0,Normal
Loan2809966,Client162780,Nyagatare,2022-12-15,1530000,207770,102538,13,3,0,Normal
Loan2810023,Client25236,Gasabo,2022-12-15,400000,113701,175070,14,4,1,Written off
Loan2810033,Client164194,Nyagatare,2022-12-15,2730000,95268,186000,13,2,0,Normal
Loan2810041,Client154305,Gasabo,2022-12-15,2320000,85119,185113,14,3,0,Normal
Loan2810149,Client68816,Gasabo,2022-12-16,3300000,261379,219356,13,2,0,Normal
Loan2810224,Client70214,Gasabo,2022-12-16,3160000,1418125,210763,13,3,0,Normal
Loan2810252,Client108563,Rubavu,2022-12-16,3500000,666177,278037,13,3,0,Normal
Loan2810268,Client119555,Kicukiro,2022-12-16,2340000,337886,175070,14,3,1,Written off
Loan2810274,Client22144,Nyanza,2022-12-16,1840000,769532,118439,13,3,0,Normal
Loan2810279,Client42829,Rubavu,2022-12-16,1750000,763859,113386,13,2,0,Normal
Loan2810351,Client178817,Kicukiro,2022-12-16,2820000,194103,280303,14,3,0,Normal
Loan2810365,Client143831,Gasabo,2022-12-16,2490000,93853,201360,14,2,0,Normal
Loan2810388,Client79164,Nyamagabe,2022-12-16,3460000,1066636,289220,13,3,0,Normal
Loan2810397,Client111111,Ngororero,2022-12-16,1640000,167366,128006,13,3,0,Normal
Loan2810429,Client23214,Gasabo,2022-12-16,1530000,759125,168158,14,3,0,Normal
Loan2810439,Client95795,Kicukiro,2022-12-16,1500000,630973,108979,13,3,0,Normal
Loan2810468,Client22832,Nyamagabe,2022-12-16,1700000,159495,133199,13,2,0,Normal
Loan2810475,Client44769,Nyarugenge,2022-12-16,3500000,1848863,713807,14,2,0,Normal
Loan2810484,Client8021,Rubavu,2022-12-16,2120000,1049687,164360,13,3,0,Normal
Loan2810509,Client79357,Rubavu,2022-12-16,3500000,957132,271335,13,2,0,Normal
Loan2810563,Client50800,Nyagatare,2022-12-16,2920000,1007981,192206,13,3,0,Normal
Loan2810569,Client67035,Nyamagabe,2022-12-16,2500000,2195387,241773,14,3,0,Normal
Loan2810577,Client65265,Kicukiro,2022-12-16,3300000,258888,221970,14,2,0,Normal
Loan2810580,Client19967,Nyanza,2022-12-16,2940000,214938,222307,13,3,0,Normal
Loan2810584,Client42847,Nyarugenge,2022-12-16,2640000,1047438,221970,14,2,0,Normal
Loan2810586,Client118286,Ngororero,2022-12-16,1550000,500499,99809,13,2,0,Normal
Loan2810607,Client126561,Gasabo,2022-12-16,1550000,160385,101120,13,2,0,Normal
Loan2810648,Client138796,Nyanza,2022-12-16,2410000,263774,155957,13,2,0,Normal
Loan2810651,Client8701,Nyagatare,2022-12-16,3420000,143608,230989,13,2,0,Normal
Loan2810705,Client155922,Gasabo,2022-12-16,1550000,174278,222639,13,3,0,Normal
Loan2810706,Client76009,Rubavu,2022-12-16,3500000,594649,300678,13,2,0,Normal
Loan2810733,Client179371,Kicukiro,2022-12-16,2820000,382195,280303,14,3,0,Normal
Loan2810755,Client171137,Nyagatare,2022-12-16,1530000,289423,98962,13,3,0,Normal
Loan2810800,Client21646,Gasabo,2022-12-16,2650000,125027,201501,14,2,0,Normal
Loan2811142,Client13252,Ngororero,2022-12-17,1880000,337321,122826,13,3,0,Normal
Loan2811200,Client55331,Ngororero,2022-12-17,3500000,460966,264424,13,3,0,Normal
Loan2811405,Client126562,Nyagatare,2022-12-17,1500000,197063,101120,13,3,0,Normal
Loan2811523,Client136919,Nyamagabe,2022-12-19,2300000,312207,193043,14,3,0,Normal
Loan2811552,Client164061,Nyanza,2022-12-19,1595000,72693,123817,13,3,0,Normal
Loan2811565,Client174291,Gasabo,2022-12-19,780000,449658,221970,14,1,0,Normal
Loan2811581,Client151795,Nyanza,2022-12-19,1300000,110334,95852,13,3,0,Normal
Loan2811584,Client149985,Rusizi,2022-12-19,1400000,90933,101120,13,2,0,Normal
Loan2811616,Client17675,Rusizi,2022-12-19,2690000,212094,177030,13,2,0,Normal
Loan2811685,Client88599,Nyarugenge,2022-12-19,1520000,92999,117301,13,2,0,Normal
Loan2812423,Client65733,Gasabo,2022-12-21,410000,51398,281500,14,3,1,Written off
Loan2812786,Client67438,Nyamagabe,2022-12-22,2740000,214662,113524,11,1,0,Normal
Loan2812999,Client13041,Nyarugenge,2022-12-22,2040000,1499691,215073,14,2,1,Written off
Loan2813025,Client172753,Kicukiro,2022-12-22,280000,147966,281500,14,3,1,Written off
Loan2814937,Client10136,HQ,2022-12-31,9300000,396437,296094,14,1,0,Normal
Loan2815553,Client116876,Nyarugenge,2023-01-04,3500000,449755,237316,13,3,0,Normal
Loan2815796,Client77468,Nyarugenge,2023-01-04,3500000,2259360,782664,14,2,0,Normal
Loan2815914,Client24073,Kicukiro,2023-01-04,1830000,238454,142699,13,3,0,Normal
Loan2816467,Client168782,Rusizi,2023-01-04,3120000,142160,211032,13,2,0,Normal
Loan2816550,Client95260,Gasabo,2023-01-04,800000,194560,113441,13,2,0,Normal
Loan2816609,Client179182,Kicukiro,2023-01-04,2820000,500794,223680,14,3,0,Normal
Loan2816716,Client121911,Nyarugenge,2023-01-04,3080000,1064523,202942,13,3,0,Normal
Loan2816973,Client24121,Nyamagabe,2023-01-04,1870000,194537,141778,13,2,0,Normal
Loan2817060,Client155180,Nyarugenge,2023-01-04,1570000,63197,123814,13,2,0,Normal
Loan2817149,Client84733,Gasabo,2023-01-04,1700000,669341,110591,13,2,0,Normal
Loan2817290,Client5657,Rusizi,2023-01-04,1870000,1009450,121398,13,3,0,Normal
Loan2817302,Client16937,Rutsiro,2023-01-04,1880000,191305,147862,13,3,0,Normal
Loan2817383,Client2071,Rubavu,2023-01-04,1800000,332219,158751,13,2,0,Normal
Loan2817396,Client66527,Rutsiro,2023-01-04,1600000,259884,100668,13,3,0,Normal
Loan2817483,Client159495,Rubavu,2023-01-04,1570000,36744,101163,13,2,0,Normal
Loan2817591,Client160780,Rusizi,2023-01-04,600000,89349,132015,13,2,0,Normal
Loan2817716,Client34523,Rusizi,2023-01-04,2759000,956714,181305,13,3,0,Normal
Loan2817829,Client60123,Rusizi,2023-01-04,1830000,113409,142699,13,2,0,Normal
Loan2818151,Client5951,Rusizi,2023-01-04,2190000,1102159,140250,13,3,0,Normal
Loan2818168,Client79035,Rusizi,2023-01-04,1740000,237543,136135,13,2,0,Normal
Loan2818340,Client31351,Gasabo,2023-01-04,2000000,331716,161014,13,2,0,Normal
Loan2818387,Client38616,Nyamagabe,2023-01-04,1210000,494408,96407,14,3,0,Normal
Loan2818722,Client123149,Nyagatare,2023-01-05,3500000,997172,291335,14,2,0,Normal
Loan2818767,Client150693,Gasabo,2023-01-05,2410000,530557,158760,13,2,0,Normal
Loan2818787,Client65105,Gasabo,2023-01-05,1250000,345879,248905,14,2,0,Normal
Loan2819095,Client144494,Kicukiro,2023-01-05,3000000,775695,232640,13,2,0,Normal
Loan2819439,Client145086,Ngororero,2023-01-05,2400000,96155,192449,14,3,0,Normal
Loan2819457,Client132281,Gasabo,2023-01-05,4280000,446707,378400,14,3,0,Normal
Loan2819472,Client119236,Ngororero,2023-01-05,1530000,208792,101359,13,3,0,Normal
Loan2819549,Client188180,Gasabo,2023-01-05,1370000,149504,251958,14,3,1,Written off
Loan2819662,Client124113,Gasabo,2023-01-05,1570000,69348,123421,13,3,0,Normal
Loan2819713,Client66867,Nyanza,2023-01-05,1740000,724295,111947,13,2,0,Normal
Loan2820051,Client164199,Rusizi,2023-01-05,3100000,398536,249380,13,2,0,Normal
Loan2820057,Client179789,Kicukiro,2023-01-05,2760000,452997,249855,14,3,0,Normal
Loan2820115,Client20477,Kicukiro,2023-01-05,1800000,642277,125185,13,2,0,Normal
Loan2820122,Client122928,Rutsiro,2023-01-05,1550000,393432,101543,13,3,0,Normal
Loan2820181,Client104234,Rusizi,2023-01-05,3390000,209131,231464,13,3,0,Normal
Loan2820299,Client94141,Nyanza,2023-01-05,1500000,88852,107197,13,3,0,Normal
Loan2820488,Client149140,Nyanza,2023-01-05,1570000,321739,100041,13,2,0,Normal
Loan2820643,Client123901,Rusizi,2023-01-05,3460000,335567,233507,13,3,0,Normal
Loan2820887,Client34339,Nyamagabe,2023-01-05,1670000,206379,123310,13,3,0,Normal
Loan2820895,Client33744,Nyanza,2023-01-05,5000000,2604236,434925,13,3,0,Normal
Loan2821122,Client143734,Nyamagabe,2023-01-05,1500000,129092,97665,13,2,0,Normal
Loan2821280,Client118688,Nyamagabe,2023-01-05,1500000,187918,126131,13,3,0,Normal
Loan2821286,Client94121,Nyamagabe,2023-01-05,2660000,1258017,234842,13,3,0,Normal
Loan2821362,Client46475,Gasabo,2023-01-05,3500000,191861,307615,13,2,0,Normal
Loan2821525,Client168029,Kicukiro,2023-01-06,1500000,262335,114513,13,3,0,Normal
Loan2821534,Client167379,Kicukiro,2023-01-06,1550000,52599,109763,13,3,0,Normal
Loan2821546,Client135596,Gasabo,2023-01-06,1510000,118895,97743,13,2,0,Normal
Loan2821745,Client65738,Rutsiro,2023-01-06,2000000,1237801,381753,13,2,0,Normal
Loan2821763,Client137256,Nyanza,2023-01-06,2750000,550183,160276,13,2,0,Normal
Loan2821984,Client156726,Gasabo,2023-01-06,1400000,138144,101395,13,2,0,Normal
Loan2822046,Client94155,Nyanza,2023-01-06,1590000,94137,109252,13,3,0,Normal
Loan2822061,Client142475,Kicukiro,2023-01-06,1570000,101104,103063,13,2,0,Normal
Loan2822085,Client155361,Nyagatare,2023-01-06,1460000,73116,94212,13,3,0,Normal
Loan2822097,Client171230,Nyagatare,2023-01-06,3240000,69515,213067,13,2,0,Normal
Loan2822196,Client60593,Nyagatare,2023-01-06,1650000,100360,144200,14,2,0,Normal
Loan2822217,Client65733,Kicukiro,2023-01-06,2985000,51398,281500,14,2,1,Written off
Loan2822264,Client37022,Gasabo,2023-01-06,3750000,520191,287765,13,3,0,Normal
Loan2822267,Client26143,Rusizi,2023-01-06,2035000,156656,158164,13,2,0,Normal
Loan2822290,Client65279,Nyarugenge,2023-01-06,2070000,144644,155958,14,2,0,Normal
Loan2822365,Client47253,Ngororero,2023-01-06,3500000,471422,231645,13,3,0,Normal
Loan2822366,Client18260,Nyamagabe,2023-01-06,920000,183912,149287,13,3,0,Normal
Loan2822431,Client170853,Nyagatare,2023-01-06,1530000,50654,97061,13,3,0,Normal
Loan2822475,Client188434,Gasabo,2023-01-06,5000000,285236,138164,14,3,1,Written off
Loan2822500,Client165417,Kicukiro,2023-01-06,400000,63373,110082,13,3,0,Normal
Loan2822509,Client131101,Rusizi,2023-01-06,3300000,549658,270011,13,2,0,Normal
Loan2822520,Client155440,Nyagatare,2023-01-06,1530000,118263,98962,13,2,0,Normal
Loan2822531,Client158626,Nyagatare,2023-01-06,540000,4633,148975,14,3,0,Normal
Loan2822575,Client104154,Nyarugenge,2023-01-06,1650000,326372,106584,13,2,0,Normal
Loan2822585,Client9388,Nyanza,2023-01-06,1600000,832101,174905,13,3,0,Normal
Loan2822597,Client20967,Nyagatare,2023-01-06,4150000,425526,318412,14,2,0,Normal
Loan2822660,Client166119,Kicukiro,2023-01-06,1500000,53992,105863,13,2,0,Normal
Loan2822688,Client46042,Nyanza,2023-01-06,3450000,72534,232870,14,3,0,Normal
Loan2822711,Client52738,Rutsiro,2023-01-06,1500000,471722,112400,13,2,0,Normal
Loan2822727,Client102157,Rutsiro,2023-01-06,1650000,605290,108009,13,2,0,Normal
Loan2822735,Client142960,Rutsiro,2023-01-06,1600000,63895,123019,13,3,0,Normal
Loan2822743,Client1379,Kicukiro,2023-01-06,1800000,890459,118785,13,3,0,Normal
Loan2822750,Client108163,Nyamagabe,2023-01-06,1640000,364189,106349,13,3,0,Normal
Loan2822770,Client137045,Nyagatare,2023-01-06,1500000,504124,248905,13,2,0,Normal
Loan2822776,Client102134,Rubavu,2023-01-06,3800000,1679416,277012,13,2,0,Normal
Loan2822780,Client55414,Nyamagabe,2023-01-06,1730000,73776,135605,13,3,0,Normal
Loan2822785,Client1864,Rubavu,2023-01-06,3500000,2048249,323681,13,2,0,Normal
Loan2822787,Client61293,Nyagatare,2023-01-06,3270000,177461,216817,13,2,0,Normal
Loan2822803,Client10038,Nyanza,2023-01-06,2010000,785466,156175,13,3,0,Normal
Loan2822833,Client24682,Gasabo,2023-01-06,1500000,300250,185573,13,3,0,Normal
Loan2822860,Client176396,Gasabo,2023-01-06,200000,380952,281500,14,1,1,Written off
Loan2822904,Client81821,Gasabo,2023-01-06,1700000,227732,137560,13,3,0,Normal
Loan2822933,Client11540,Rusizi,2023-01-06,1580000,63884,121996,13,2,0,Normal
Loan2822969,Client19543,Nyagatare,2023-01-06,3970000,320435,305652,13,2,0,Normal
Loan2822993,Client157829,Nyagatare,2023-01-06,1530000,58134,98962,13,2,0,Normal
Loan2823001,Client118684,Nyamagabe,2023-01-06,2350000,101194,241190,13,3,0,Normal
Loan2823009,Client161507,Nyagatare,2023-01-06,3420000,119030,244108,13,2,0,Normal
Loan2823019,Client18919,Rusizi,2023-01-06,1750000,596198,240417,13,2,0,Normal
Loan2823042,Client157151,Nyagatare,2023-01-06,1530000,13476,98962,13,3,0,Normal
Loan2823050,Client155495,Nyagatare,2023-01-06,1530000,102642,114513,13,3,0,Normal
Loan2823051,Client43685,Nyarugenge,2023-01-06,2500000,589997,307650,13,2,0,Normal
Loan2823070,Client101400,Rusizi,2023-01-06,3500000,390544,253520,13,3,0,Normal
Loan2823136,Client44347,Kicukiro,2023-01-06,3000000,736107,379100,14,3,0,Normal
Loan2823156,Client32799,Rubavu,2023-01-06,4370000,193083,328624,13,3,0,Normal
Loan2823163,Client111504,Nyagatare,2023-01-06,3600000,227879,287258,13,3,0,Normal
Loan2823170,Client156054,Gasabo,2023-01-06,1560000,323769,101543,13,2,0,Normal
Loan2823200,Client64332,Nyarugenge,2023-01-06,3500000,404534,228890,13,2,0,Normal
Loan2823227,Client21298,Rusizi,2023-01-06,2495000,1383279,304694,13,3,0,Normal
Loan2823286,Client128486,Nyagatare,2023-01-06,2680000,151333,215686,13,2,0,Normal
Loan2823298,Client60115,Rubavu,2023-01-06,1835000,500867,142657,13,2,0,Normal
Loan2823313,Client50374,Nyagatare,2023-01-06,1640000,472086,105980,13,3,0,Normal
Loan2823330,Client34662,Rubavu,2023-01-06,1845000,83824,143432,13,3,0,Normal
Loan2823348,Client18738,Gasabo,2023-01-06,1820000,93547,125178,13,2,0,Normal
Loan2823409,Client16229,Rubavu,2023-01-06,1900000,473332,188940,13,3,0,Normal
Loan2823472,Client8901,Rubavu,2023-01-06,3500000,1976142,287346,13,2,0,Normal
Loan2823518,Client81243,Rubavu,2023-01-07,2765000,1235895,182406,13,4,0,Normal
Loan2825079,Client21477,Nyarugenge,2023-01-07,740000,1506901,238303,13,2,0,Normal
Loan2825450,Client105127,Rubavu,2023-01-07,1415000,192091,220944,13,3,0,Normal
Loan2825453,Client156959,Nyagatare,2023-01-07,1450000,30197,94212,13,3,0,Normal
Loan2825469,Client56610,Gasabo,2023-01-07,3820000,42413,246000,14,2,0,Normal
Loan2825493,Client69037,Rubavu,2023-01-07,3500000,351698,272812,13,2,0,Normal
Loan2825567,Client76021,Rubavu,2023-01-07,3840000,278342,254196,13,2,0,Normal
Loan2825642,Client10874,Rubavu,2023-01-07,2000000,373039,151029,13,2,0,Normal
Loan2825644,Client172587,Nyagatare,2023-01-07,1530000,61762,105013,13,2,0,Normal
Loan2825653,Client93516,Nyagatare,2023-01-07,3930000,504302,287977,13,3,0,Normal
Loan2825667,Client23084,Nyagatare,2023-01-07,1800000,290702,149509,13,3,0,Normal
Loan2825675,Client84543,Rubavu,2023-01-07,1724000,236794,112993,13,2,0,Normal
Loan2825724,Client134832,Nyagatare,2023-01-07,2400000,928054,143228,14,2,1,Written off
Loan2825816,Client313,Nyamagabe,2023-01-09,2000000,189239,266066,13,3,0,Normal
Loan2825881,Client52273,Rusizi,2023-01-09,1770000,736182,114589,13,3,0,Normal
Loan2825888,Client142155,Kicukiro,2023-01-09,2730000,557923,197794,13,2,0,Normal
Loan2825990,Client150918,Rusizi,2023-01-09,1590000,120910,97795,13,2,0,Normal
Loan2827358,Client109882,Nyanza,2023-01-09,1600000,220382,106401,13,2,0,Normal
Loan2827367,Client2266,Rubavu,2023-01-09,4485000,236904,339314,13,2,0,Normal
Loan2827521,Client163455,Ngororero,2023-01-09,1520000,193895,123444,13,3,0,Normal
Loan2827722,Client111285,Nyagatare,2023-01-09,1550000,342506,117246,13,2,0,Normal
Loan2827744,Client164676,Gasabo,2023-01-09,3210000,83409,203269,13,3,0,Normal
Loan2827756,Client157343,Nyagatare,2023-01-09,1530000,61666,98962,13,3,0,Normal
Loan2827823,Client142204,Nyagatare,2023-01-09,3400000,762716,226317,13,3,0,Normal
Loan2827829,Client57641,Nyarugenge,2023-01-09,1680000,175701,127628,13,2,0,Normal
Loan2827896,Client163923,Rubavu,2023-01-09,3440000,178727,243883,13,2,0,Normal
Loan2827952,Client28395,Nyamagabe,2023-01-09,1500000,122276,182065,13,3,0,Normal
Loan2828038,Client134945,Gasabo,2023-01-09,2300000,943183,200925,14,2,0,Normal
Loan2828690,Client64261,Rusizi,2023-01-10,1830000,937146,118776,13,3,0,Normal
Loan2829045,Client104634,Rutsiro,2023-01-10,1620000,54107,126330,13,2,0,Normal
Loan2829298,Client134207,Kicukiro,2023-01-10,3070000,778121,203018,13,3,0,Normal
Loan2829714,Client123449,Rutsiro,2023-01-10,1570000,94825,101543,13,2,0,Normal
Loan2829970,Client129383,Ngororero,2023-01-10,1550000,177422,113789,13,2,0,Normal
Loan2830059,Client94082,Kicukiro,2023-01-10,3500000,761483,306190,13,2,0,Normal
Loan2830245,Client140972,Nyarugenge,2023-01-10,1550000,181433,106409,13,3,0,Normal
Loan2830570,Client141258,Nyamagabe,2023-01-10,1480000,-11680,95765,13,3,0,Normal
Loan2830672,Client86846,Nyanza,2023-01-10,4060000,455276,306152,13,2,0,Normal
Loan2830757,Client158219,Ngororero,2023-01-10,1570000,227221,101120,13,3,0,Normal
Loan2830815,Client134056,Ngororero,2023-01-10,1100000,296766,101234,13,2,0,Normal
Loan2831067,Client110743,Nyagatare,2023-01-10,3740000,503052,247866,13,2,0,Normal
Loan2831173,Client171057,Nyagatare,2023-01-10,3320000,117911,249380,13,3,0,Normal
Loan2831300,Client142123,Nyagatare,2023-01-10,3420000,484310,209440,13,3,0,Normal
Loan2831394,Client133915,Nyagatare,2023-01-10,1450000,180897,110557,13,2,0,Normal
Loan2831518,Client157406,Gasabo,2023-01-10,1570000,170993,103063,13,3,0,Normal
Loan2831691,Client84552,Nyagatare,2023-01-10,1700000,79992,110730,13,2,0,Normal
Loan2831745,Client164197,Nyagatare,2023-01-10,2770000,271093,183291,13,3,0,Normal
Loan2831760,Client23362,Rubavu,2023-01-10,3800000,517197,278828,13,3,0,Normal
Loan2831779,Client91180,Rubavu,2023-01-10,3070000,1277197,202124,13,3,0,Normal
Loan2831850,Client171944,Nyagatare,2023-01-10,1530000,128795,175915,13,2,0,Normal
Loan2831890,Client140397,Rubavu,2023-01-10,2410000,84175,157905,13,3,0,Normal
Loan2831953,Client121127,Rusizi,2023-01-10,3500000,523782,287478,13,3,0,Normal
Loan2831995,Client147080,Nyagatare,2023-01-10,1530000,136408,98962,13,3,0,Normal
Loan2831997,Client92806,Rusizi,2023-01-10,1740000,334339,111264,13,2,0,Normal
Loan2832044,Client2246,Rubavu,2023-01-10,2360000,116514,176550,13,2,0,Normal
Loan2832166,Client146728,Rutsiro,2023-01-10,1490000,79778,131134,13,2,0,Normal
Loan2832303,Client155298,Nyagatare,2023-01-10,1530000,59499,98962,13,3,0,Normal
Loan2832347,Client143772,Rubavu,2023-01-10,1500000,173060,101163,13,2,0,Normal
Loan2832604,Client51080,Gasabo,2023-01-10,1740000,74125,137030,13,2,0,Normal
Loan2832672,Client79186,Gasabo,2023-01-10,3500000,317055,228865,14,2,0,Normal
Loan2832684,Client172440,Ngororero,2023-01-10,1420000,50918,92935,13,2,0,Normal
Loan2832692,Client150028,Nyanza,2023-01-10,1600000,349252,103063,13,2,0,Normal
Loan2832724,Client141973,Ngororero,2023-01-10,1400000,65802,102545,13,2,0,Normal
Loan2832729,Client99500,Rusizi,2023-01-10,3500000,447415,249265,13,2,0,Normal
Loan2832793,Client118043,Nyarugenge,2023-01-10,1430000,195587,92043,13,2,0,Normal
Loan2833093,Client8389,Ngororero,2023-01-10,3500000,2240142,280957,13,3,0,Normal
Loan2833103,Client130193,Gasabo,2023-01-10,3500000,145072,273761,13,3,0,Normal
Loan2833130,Client43394,Rusizi,2023-01-10,3500000,179531,250710,13,3,0,Normal
Loan2834888,Client88197,Nyanza,2023-01-11,4050000,1070855,266345,13,2,0,Normal
Loan2834912,Client150974,Rusizi,2023-01-11,1590000,197947,102541,13,2,0,Normal
Loan2834949,Client70670,Rubavu,2023-01-11,1675000,699328,108243,13,2,0,Normal
Loan2834979,Client147463,Rubavu,2023-01-11,3130000,684648,206567,13,3,0,Normal
Loan2835009,Client33489,Nyamagabe,2023-01-11,4490000,1844033,338667,13,3,0,Normal
Loan2835052,Client133807,Rusizi,2023-01-11,1575000,179055,101638,13,3,0,Normal
Loan2835093,Client96910,Rubavu,2023-01-11,1740000,636330,112993,13,2,0,Normal
Loan2835112,Client122954,Nyarugenge,2023-01-11,1570000,100977,162923,13,3,0,Normal
Loan2835130,Client70702,Nyamagabe,2023-01-11,4710000,268402,198549,13,3,0,Normal
Loan2835162,Client5604,Nyamagabe,2023-01-11,1770000,103653,134761,13,3,0,Normal
Loan2835441,Client71600,Rubavu,2023-01-11,1740000,424052,159852,13,2,0,Normal
Loan2835458,Client61977,Rusizi,2023-01-11,1590000,225165,266686,13,2,0,Normal
Loan2835480,Client61985,Nyamagabe,2023-01-11,3800000,1801174,145795,13,3,0,Normal
Loan2835483,Client171191,Nyagatare,2023-01-11,3420000,102494,238836,13,3,0,Normal
Loan2835498,Client87241,Kicukiro,2023-01-11,2000000,179637,138260,14,2,0,Normal
Loan2835522,Client146373,Nyanza,2023-01-11,1500000,311300,95291,13,2,0,Normal
Loan2835523,Client47252,Ngororero,2023-01-11,3500000,306718,303190,13,3,0,Normal
Loan2835524,Client155464,Nyagatare,2023-01-11,1530000,31047,98962,13,3,0,Normal
Loan2835551,Client172500,Ngororero,2023-01-11,1580000,33788,114424,13,3,0,Normal
Loan2835558,Client171226,Nyagatare,2023-01-11,3420000,217338,220365,13,3,0,Normal
Loan2835564,Client101743,Nyagatare,2023-01-11,3740000,618024,247866,13,3,0,Normal
Loan2835571,Client167550,Kicukiro,2023-01-11,1550000,115430,122387,13,3,0,Normal
Loan2835587,Client23054,Nyarugenge,2023-01-11,2170000,2199515,291983,13,2,0,Normal
Loan2835599,Client52399,Rusizi,2023-01-11,1745000,340958,137030,13,2,0,Normal
Loan2835620,Client178631,Kicukiro,2023-01-11,1500000,33386,228865,14,3,0,Normal
Loan2835629,Client48894,Nyagatare,2023-01-11,2600000,828104,197541,13,3,0,Normal
Loan2835650,Client129344,Nyagatare,2023-01-11,1530000,167973,114513,13,3,0,Normal
Loan2835651,Client61786,Rusizi,2023-01-11,1740000,107778,136040,13,2,0,Normal
Loan2835668,Client169693,Nyagatare,2023-01-11,3350000,181669,201300,13,3,0,Normal
Loan2835671,Client81856,Gasabo,2023-01-11,1740000,104992,136135,13,2,0,Normal
Loan2835676,Client111610,Rusizi,2023-01-11,4270000,629614,228865,14,2,0,Normal
Loan2835682,Client5555,Rusizi,2023-01-11,1700000,899674,192042,13,2,0,Normal
Loan2835687,Client4909,Gasabo,2023-01-11,2800000,1518227,215954,13,3,0,Normal
Loan2835695,Client126207,Rusizi,2023-01-11,1570000,365789,122389,13,2,0,Normal
Loan2835710,Client157690,Gasabo,2023-01-11,1570000,57603,101543,13,3,0,Normal
Loan2835739,Client62987,Gasabo,2023-01-11,2700000,155600,198348,14,2,0,Normal
Loan2835740,Client171726,Rusizi,2023-01-11,4070000,116300,287461,13,3,0,Normal
Loan2838915,Client170355,Nyagatare,2023-01-25,1530000,357060,98962,13,3,0,Normal
Loan2838945,Client133599,Nyamagabe,2023-01-25,1500000,62446,115100,13,2,0,Normal
Loan2839166,Client86093,Nyagatare,2023-01-25,3420000,697057,110050,13,2,0,Normal
Loan2839172,Client141010,Nyamagabe,2023-01-25,3030000,87924,199672,13,3,0,Normal
Loan2839199,Client100995,Nyagatare,2023-01-25,3670000,182930,282508,13,2,0,Normal
Loan2839232,Client128898,Nyagatare,2023-01-25,3400000,162531,223864,14,3,0,Normal
Loan2839268,Client131690,Nyamagabe,2023-01-25,2440000,68089,176288,14,3,0,Normal
Loan2839334,Client170498,Nyagatare,2023-01-25,1380000,54621,114832,13,3,0,Normal
Loan2839582,Client166062,Nyamagabe,2023-01-25,2480000,657744,230370,13,2,0,Normal
Loan2840493,Client157958,Nyagatare,2023-01-26,1450000,54630,98962,13,2,0,Normal
Loan2840608,Client49926,Nyagatare,2023-01-26,3570000,762218,251011,13,3,0,Normal
Loan2842908,Client28766,Rusizi,2023-01-27,2510000,714795,194081,13,3,0,Normal
Loan2842968,Client97345,Nyagatare,2023-01-27,1600000,96400,136135,13,3,0,Normal
Loan2843455,Client68866,Rusizi,2023-01-27,3840000,203805,254628,13,2,0,Normal
Loan2848805,Client31902,Gasabo,2023-02-02,6630000,959867,948858,14,3,0,Normal
Loan2849453,Client86985,HQ,2023-02-03,10000000,173858,255659,11,1,0,Normal
Loan2849768,Client86152,Nyagatare,2023-02-03,3490000,297938,427121,14,3,0,Normal
Loan2850294,Client120822,Nyagatare,2023-02-04,1530000,626763,89115,13,3,0,Normal
Loan2851307,Client132684,Rusizi,2023-02-06,1920000,388033,124019,13,3,0,Normal
Loan2852019,Client48112,Nyagatare,2023-02-07,1500000,64996,114832,13,3,0,Normal
Loan2852492,Client169255,Nyamagabe,2023-02-08,3440000,122467,168593,13,3,1,Written off
Loan2855598,Client43182,Kicukiro,2023-02-15,2550000,-66621,246842,14,2,0,Normal
Loan2855612,Client161170,Rusizi,2023-02-15,3500000,538077,250805,13,2,0,Normal
Loan2855646,Client188481,Gasabo,2023-02-15,3500000,432042,142922,14,3,1,Written off
Loan2855734,Client82168,Gasabo,2023-02-15,520000,138911,249833,14,2,0,Normal
Loan2855736,Client140626,Rubavu,2023-02-15,3500000,156099,238836,13,2,0,Normal
Loan2855741,Client188338,Gasabo,2023-02-15,2770000,379315,308414,13,3,0,Normal
Loan2855745,Client29839,Kicukiro,2023-02-15,2240000,1143784,146425,13,2,0,Normal
Loan2855746,Client58555,Nyagatare,2023-02-15,3400000,133673,226317,13,3,0,Normal
Loan2855750,Client117974,Rubavu,2023-02-15,1573000,194305,123494,13,3,0,Normal
Loan2855752,Client157979,Nyagatare,2023-02-15,1530000,58587,114832,13,3,0,Normal
Loan2855756,Client108111,HQ,2023-02-15,5250000,975956,287270,13,1,0,Normal
Loan2855800,Client51493,Nyagatare,2023-02-15,2600000,116968,247955,14,3,0,Normal
Loan2855810,Client82371,Gasabo,2023-02-15,3500000,380377,228865,14,2,0,Normal
Loan2855823,Client170336,Nyagatare,2023-02-15,1460000,234652,109763,13,3,0,Normal
Loan2855827,Client170822,Nyagatare,2023-02-15,3420000,122864,244108,13,2,0,Normal
Loan2855829,Client100811,Gasabo,2023-02-15,2000000,451820,704275,14,3,0,Normal
Loan2855937,Client47209,Rutsiro,2023-02-16,1848000,121028,143432,13,3,0,Normal
Loan2855951,Client64365,Rutsiro,2023-02-16,1750000,551136,113648,13,2,0,Normal
Loan2855998,Client143799,Kicukiro,2023-02-16,1550000,47214,120889,13,2,0,Normal
Loan2856009,Client99534,Rutsiro,2023-02-16,2920000,767847,215165,13,2,0,Normal
Loan2856061,Client121069,Nyamagabe,2023-02-16,3360000,226765,248106,13,3,0,Normal
Loan2856064,Client135527,Rutsiro,2023-02-16,3500000,198861,295308,13,3,0,Normal
Loan2856096,Client158096,Ngororero,2023-02-16,1500000,155216,96370,13,2,0,Normal
Loan2856101,Client132446,Nyarugenge,2023-02-16,1600000,228005,103063,13,2,0,Normal
Loan2856111,Client157786,Ngororero,2023-02-16,1450000,173387,127531,13,2,0,Normal
Loan2856122,Client157229,Nyagatare,2023-02-16,1530000,75569,98962,13,3,0,Normal
Loan2856147,Client158139,Ngororero,2023-02-16,1200000,84153,107232,13,2,0,Normal
Loan2856156,Client158145,Ngororero,2023-02-16,1500000,115578,109082,13,2,0,Normal
Loan2856166,Client81134,Gasabo,2023-02-16,1740000,72894,113648,13,3,0,Normal
Loan2856174,Client106565,Nyamagabe,2023-02-16,3500000,1187761,322227,13,2,0,Normal
Loan2856175,Client66176,Ngororero,2023-02-16,2700000,686886,178287,13,3,0,Normal
Loan2856178,Client140911,Gasabo,2023-02-16,3500000,377429,378133,14,3,0,Normal
Loan2856184,Client110510,Kicukiro,2023-02-16,1550000,55696,101120,13,2,0,Normal
Loan2856188,Client149800,Nyanza,2023-02-16,1370000,124115,87691,13,2,0,Normal
Loan2856197,Client59647,Ngororero,2023-02-16,3000000,647139,203115,13,3,0,Normal
Loan2856209,Client149112,Rutsiro,2023-02-16,3350000,113428,271185,13,2,0,Normal
Loan2856232,Client65220,Rusizi,2023-02-16,3500000,1404042,255238,13,1,0,Normal
Loan2856237,Client137077,Kicukiro,2023-02-16,1550000,35647,109314,13,2,0,Normal
Loan2856244,Client10131,Nyamagabe,2023-02-16,1800000,143216,158557,14,3,0,Normal
Loan2856256,Client108158,Nyamagabe,2023-02-16,1610000,60831,127081,13,2,0,Normal
Loan2856272,Client131370,Nyarugenge,2023-02-16,1130000,136231,122147,13,2,0,Normal
Loan2856284,Client123541,Kicukiro,2023-02-16,1550000,282500,101543,13,2,0,Normal
Loan2856287,Client52495,Rutsiro,2023-02-16,3500000,1223834,303973,13,3,0,Normal
Loan2856313,Client156768,Gasabo,2023-02-16,1570000,264982,116754,13,2,0,Normal
Loan2856319,Client188620,Kicukiro,2023-02-16,1370000,148515,162063,14,3,0,Normal
Loan2856333,Client135583,Gasabo,2023-02-16,1570000,341301,101543,13,3,0,Normal
Loan2856341,Client129301,Ngororero,2023-02-16,1460000,69351,43284,13,2,0,Normal
Loan2856364,Client158021,Ngororero,2023-02-16,1500000,57694,97795,13,2,0,Normal
Loan2856371,Client150876,Nyagatare,2023-02-16,1530000,89537,98962,13,3,0,Normal
Loan2856376,Client125272,Kicukiro,2023-02-16,1550000,73658,101163,13,2,0,Normal
Loan2856389,Client126107,Kicukiro,2023-02-16,2800000,417215,228865,14,1,0,Normal
Loan2856395,Client97221,Rusizi,2023-02-16,3500000,858102,253520,13,3,0,Normal
Loan2856421,Client39593,Rubavu,2023-02-16,1870000,295189,139612,13,3,0,Normal
Loan2856430,Client120899,Rusizi,2023-02-16,2200000,314451,173195,13,3,0,Normal
Loan2856454,Client30032,Nyarugenge,2023-02-16,2500000,654677,164892,13,3,0,Normal
Loan2856476,Client9081,Gasabo,2023-02-16,2650000,834257,175000,13,3,0,Normal
Loan2856479,Client9522,Gasabo,2023-02-16,2980000,1333224,197458,13,3,0,Normal
Loan2856604,Client120931,Kicukiro,2023-02-17,1550000,95218,117639,13,3,0,Normal
Loan2856627,Client121168,Rubavu,2023-02-17,3500000,80543,285561,13,3,0,Normal
Loan2856663,Client10873,Rubavu,2023-02-17,2270000,108867,172458,13,2,0,Normal
Loan2856677,Client110720,Rusizi,2023-02-17,3430000,878889,231464,13,2,0,Normal
Loan2856712,Client4846,Gasabo,2023-02-17,2880000,312214,197526,14,3,0,Normal
Loan2856735,Client131885,Nyanza,2023-02-17,1480000,257493,95291,13,3,0,Normal
Loan2856739,Client145609,Rutsiro,2023-02-17,1600000,178545,103063,13,2,0,Normal
Loan2856747,Client148603,Nyanza,2023-02-17,1550000,272772,100041,13,3,0,Normal
Loan2856771,Client187627,Gasabo,2023-02-17,3500000,545863,228865,14,3,0,Normal
Loan2856773,Client132712,Nyanza,2023-02-17,1480000,326884,95291,13,3,0,Normal
Loan2856789,Client87681,Rutsiro,2023-02-17,1640000,98144,129234,13,2,0,Normal
Loan2856799,Client30459,Nyanza,2023-02-17,1640000,83532,128981,13,3,0,Normal
Loan2856812,Client94092,Rubavu,2023-02-17,3220000,627874,208774,13,3,0,Normal
Loan2856826,Client134398,Nyarugenge,2023-02-17,3000000,803608,155958,14,3,0,Normal
Loan2856839,Client108943,Nyarugenge,2023-02-17,3500000,1497429,285296,13,2,0,Normal
Loan2856840,Client123127,Nyanza,2023-02-17,1550000,75792,100041,13,3,0,Normal
Loan2856851,Client20159,Gasabo,2023-02-17,1720000,281324,119766,13,2,0,Normal
Loan2856872,Client129469,Ngororero,2023-02-17,1550000,309741,99809,13,3,0,Normal
Loan2856883,Client10986,Nyamagabe,2023-02-17,2080000,251303,164339,13,2,0,Normal
Loan2856928,Client157679,Gasabo,2023-02-17,1570000,61745,101543,13,2,0,Normal
Loan2856972,Client133938,Rubavu,2023-02-17,1600000,130912,101163,13,3,0,Normal
Loan2856978,Client118429,Rubavu,2023-02-17,1200000,90743,128981,13,3,0,Normal
Loan2856979,Client84443,Rutsiro,2023-02-17,2500000,132056,180366,13,3,0,Normal
Loan2857007,Client140948,Nyamagabe,2023-02-17,1550000,86911,100515,13,2,0,Normal
Loan2857031,Client66182,Ngororero,2023-02-17,1700000,64807,107515,13,2,0,Normal
Loan2857046,Client54637,Nyamagabe,2023-02-17,1800000,177790,142508,13,3,0,Normal
Loan2857054,Client109270,Ngororero,2023-02-17,3000000,1447519,227352,13,3,0,Normal
Loan2857056,Client158954,Kicukiro,2023-02-17,1200000,455225,121982,14,3,0,Normal
Loan2857086,Client91909,Ngororero,2023-02-17,1600000,261962,124484,13,3,0,Normal
Loan2857091,Client145994,Rusizi,2023-02-17,3320000,118577,263361,13,3,0,Normal
Loan2857120,Client164729,Kicukiro,2023-02-17,1570000,84849,114832,13,3,0,Normal
Loan2857134,Client23228,Kicukiro,2023-02-17,3500000,573386,233525,14,2,0,Normal
Loan2857139,Client40750,Nyamagabe,2023-02-17,1780000,296742,140608,13,2,0,Normal
Loan2857144,Client142004,Ngororero,2023-02-17,1550000,121679,101120,13,3,0,Normal
Loan2857152,Client45705,Rusizi,2023-02-17,1835000,778856,119251,13,3,0,Normal
Loan2857154,Client78239,Nyamagabe,2023-02-17,3370000,1025068,265736,13,2,0,Normal
Loan2857209,Client142075,Ngororero,2023-02-17,3400000,536744,274185,13,2,0,Normal
Loan2857242,Client40397,Nyarugenge,2023-02-17,2020000,634291,131949,13,2,0,Normal
Loan2857267,Client133970,Ngororero,2023-02-17,1550000,328155,100046,13,3,0,Normal
Loan2857270,Client16580,Nyanza,2023-02-17,3440000,1049738,276855,13,2,0,Normal
Loan2857275,Client16942,Ngororero,2023-02-17,1800000,1108860,147903,13,3,0,Normal
Loan2857277,Client18454,Gasabo,2023-02-17,3500000,1941302,493961,14,2,0,Normal
Loan2857296,Client169157,Nyagatare,2023-02-17,3500000,681549,225539,13,2,0,Normal
Loan2857323,Client102039,Gasabo,2023-02-17,1660000,238134,108009,13,2,0,Normal
Loan2857331,Client160445,Gasabo,2023-02-17,1570000,220151,115938,13,2,0,Normal
Loan2857336,Client178990,Gasabo,2023-02-17,1170000,183390,170000,14,2,0,Normal
Loan2857344,Client166779,Gasabo,2023-02-17,1600000,184420,107000,13,3,0,Normal
Loan2857345,Client168912,Gasabo,2023-02-17,1600000,70750,111775,13,3,0,Normal
Loan2857355,Client34446,Gasabo,2023-02-17,2730000,106531,215894,13,3,0,Normal
Loan2857358,Client156035,Gasabo,2023-02-17,1570000,60479,116257,13,3,0,Normal
Loan2857440,Client91971,Kicukiro,2023-02-18,3500000,406857,271436,13,2,0,Normal
Loan2857546,Client118155,Nyamagabe,2023-02-18,2700000,607425,182519,13,2,0,Normal
Loan2857902,Client139068,Rusizi,2023-02-20,3500000,793614,232889,13,3,0,Normal
Loan2857908,Client158069,Nyagatare,2023-02-20,1530000,320848,98962,13,3,0,Normal
Loan2857926,Client155412,Nyagatare,2023-02-20,1530000,253064,98962,13,3,0,Normal
Loan2857928,Client164746,Rubavu,2023-02-20,1600000,127467,101163,13,2,0,Normal
Loan2857988,Client119843,Gasabo,2023-02-20,2200000,571230,227060,14,3,0,Normal
Loan2858011,Client116924,Nyanza,2023-02-20,3500000,990071,250218,13,2,0,Normal
Loan2858021,Client30225,Gasabo,2023-02-20,2380000,1142185,138966,13,2,0,Normal
Loan2858030,Client163931,Rutsiro,2023-02-20,2770000,99080,165905,13,2,0,Normal
Loan2858035,Client148944,Kicukiro,2023-02-20,1500000,325327,122389,13,3,0,Normal
Loan2858064,Client155319,Nyagatare,2023-02-20,1530000,36245,98962,13,3,0,Normal
Loan2858076,Client141417,Nyagatare,2023-02-20,2350000,148361,175915,13,3,0,Normal
Loan2858079,Client141153,Rubavu,2023-02-20,1522500,99167,245306,13,3,0,Normal
Loan2858087,Client34708,Rubavu,2023-02-20,1600000,52350,122318,13,3,0,Normal
Loan2858093,Client47958,Ngororero,2023-02-20,2600000,159204,212261,13,1,0,Normal
Loan2858095,Client165070,Kicukiro,2023-02-20,1500000,49852,108657,13,3,0,Normal
Loan2858117,Client125303,Nyarugenge,2023-02-20,1500000,254849,243941,13,2,0,Normal
Loan2858136,Client120853,Ngororero,2023-02-20,1550000,219589,99809,13,2,0,Normal
Loan2858145,Client99269,Nyarugenge,2023-02-20,1690000,61905,124335,13,3,0,Normal
Loan2858184,Client158374,Ngororero,2023-02-20,1000000,324825,101120,13,3,0,Normal
Loan2858186,Client100799,Gasabo,2023-02-20,2980000,183438,240880,13,3,0,Normal
Loan2858196,Client23353,Rubavu,2023-02-20,1870000,662319,111486,13,2,0,Normal
Loan2858202,Client122138,Nyamagabe,2023-02-20,3440000,333553,227719,13,3,0,Normal
Loan2858217,Client3145,Nyanza,2023-02-20,2000000,631677,153177,13,2,0,Normal
Loan2858223,Client157938,Ngororero,2023-02-20,1570000,42293,113082,13,3,0,Normal
Loan2858237,Client128988,Gasabo,2023-02-20,2400000,139673,180700,13,3,0,Normal
Loan2858240,Client172441,Ngororero,2023-02-20,1570000,78724,103063,13,2,0,Normal
Loan2858241,Client142056,Nyamagabe,2023-02-20,2390000,457519,156722,13,2,0,Normal
Loan2858256,Client164650,Rusizi,2023-02-20,3470000,59746,247320,13,2,0,Normal
Loan2858262,Client163288,Nyamagabe,2023-02-20,1420000,73583,108667,13,2,0,Normal
Loan2858266,Client163392,Ngororero,2023-02-20,2740000,156510,198549,13,2,0,Normal
Loan2858278,Client161701,Rutsiro,2023-02-20,1570000,87236,117639,13,2,0,Normal
Loan2858294,Client123339,Ngororero,2023-02-20,1130000,270155,99809,13,3,0,Normal
Loan2858313,Client150863,Rusizi,2023-02-20,1555000,99609,100645,13,2,0,Normal
Loan2858319,Client144846,Rubavu,2023-02-20,1600000,150593,96413,13,3,0,Normal
Loan2858323,Client47268,Ngororero,2023-02-20,1720000,277367,111571,13,3,0,Normal
Loan2858326,Client11455,Gasabo,2023-02-20,3500000,834371,253807,13,3,0,Normal
Loan2858327,Client168418,Nyanza,2023-02-20,1550000,288677,132810,13,2,0,Normal
Loan2858333,Client155745,Gasabo,2023-02-20,1570000,62773,101543,13,3,0,Normal
Loan2858337,Client41630,Nyarugenge,2023-02-20,2370000,191213,242145,13,2,0,Normal
Loan2858345,Client61485,Kicukiro,2023-02-20,2550000,403598,281500,14,3,1,Written off
Loan2858347,Client98796,Gasabo,2023-02-20,3500000,602537,264875,13,3,0,Normal
Loan2858349,Client147473,Rubavu,2023-02-20,1600000,38459,122544,13,3,0,Normal
Loan2858359,Client149265,Nyanza,2023-02-20,1550000,192927,100041,13,3,0,Normal
Loan2858367,Client158291,Ngororero,2023-02-20,1550000,122786,102545,13,3,0,Normal
Loan2858380,Client159065,Rutsiro,2023-02-20,1570000,34716,108338,13,2,0,Normal
Loan2858388,Client139140,Gasabo,2023-02-20,2500000,653785,271381,13,3,0,Normal
Loan2858390,Client117896,Nyarugenge,2023-02-20,1690000,249196,114206,13,2,0,Normal
Loan2858393,Client124151,Nyanza,2023-02-20,1550000,73490,100041,13,3,0,Normal
Loan2858397,Client110549,Rubavu,2023-02-20,3000000,181929,263260,13,3,0,Normal
Loan2858411,Client165818,Kicukiro,2023-02-20,1570000,38452,114832,13,3,0,Normal
Loan2858415,Client65136,Rusizi,2023-02-20,3450000,976782,244515,13,3,0,Normal
Loan2858416,Client157148,Nyagatare,2023-02-20,1460000,142865,94212,13,2,0,Normal
Loan2858433,Client127465,Rubavu,2023-02-20,1573000,208851,101543,13,2,0,Normal
Loan2858438,Client62520,Nyarugenge,2023-02-20,3500000,1158623,281031,13,2,0,Normal
Loan2858443,Client100670,Rubavu,2023-02-20,3220000,1226756,204499,13,3,0,Normal
Loan2858446,Client155326,Nyagatare,2023-02-20,1530000,75076,98962,13,3,0,Normal
Loan2858455,Client110736,Ngororero,2023-02-20,1600000,185704,127981,13,2,0,Normal
Loan2858465,Client171304,Nyagatare,2023-02-20,1530000,65435,114513,13,3,0,Normal
Loan2858479,Client143506,Rubavu,2023-02-20,1600000,3393,123710,13,3,0,Normal
Loan2858482,Client158509,Ngororero,2023-02-20,1550000,327192,101120,13,3,0,Normal
Loan2858489,Client91140,Rubavu,2023-02-20,3500000,537366,305470,13,2,0,Normal
Loan2858491,Client72696,Gasabo,2023-02-20,3360000,1248951,223053,13,3,0,Normal
Loan2858510,Client132049,Rusizi,2023-02-20,2740000,241502,185092,13,2,0,Normal
Loan2858542,Client173050,Rusizi,2023-02-20,1500000,680157,229132,14,2,0,Normal
Loan2858545,Client65296,Rusizi,2023-02-20,1570000,53635,102545,13,3,0,Normal
Loan2858682,Client109415,Rubavu,2023-02-21,3345000,745417,221153,13,3,0,Normal
Loan2858718,Client147120,Rubavu,2023-02-21,1600000,57579,112046,13,3,0,Normal
Loan2858723,Client154437,Gasabo,2023-02-21,1500000,32769,101395,13,2,0,Normal
Loan2858736,Client80684,Nyarugenge,2023-02-21,3200000,1929379,944400,14,2,0,Normal
Loan2858751,Client170612,Nyagatare,2023-02-21,1450000,270627,94212,13,3,0,Normal
Loan2858758,Client140160,Nyanza,2023-02-21,1480000,60757,117639,13,2,0,Normal
Loan2858784,Client3313,Ngororero,2023-02-21,1970000,166802,151570,13,3,0,Normal
Loan2858799,Client164711,Nyarugenge,2023-02-21,3060000,48881,228865,14,3,0,Normal
Loan2858815,Client138832,Gasabo,2023-02-21,1100000,122675,101395,13,3,0,Normal
Loan2858828,Client103733,Nyagatare,2023-02-21,3420000,123097,249380,13,2,0,Normal
Loan2858833,Client165720,Rutsiro,2023-02-21,1570000,83821,114038,13,2,0,Normal
Loan2858842,Client50772,Gasabo,2023-02-21,1920000,542017,150712,13,4,0,Normal
Loan2858864,Client142297,Nyamagabe,2023-02-21,2620000,528770,172013,13,2,0,Normal
Loan2858865,Client118009,Rusizi,2023-02-21,1620000,121311,123186,13,3,0,Normal
Loan2858868,Client163695,Gasabo,2023-02-21,1360000,226947,93615,14,2,0,Normal
Loan2858895,Client157688,Gasabo,2023-02-21,1570000,73613,115938,13,3,0,Normal
Loan2858900,Client145897,Rubavu,2023-02-21,1600000,220362,122621,13,2,0,Normal
Loan2858908,Client1819,Rubavu,2023-02-21,2345000,313410,228865,14,2,0,Normal
Loan2858912,Client160868,Nyanza,2023-02-21,1550000,94904,100041,13,3,0,Normal
Loan2858929,Client60998,Nyagatare,2023-02-21,1800000,384413,142199,13,2,0,Normal
Loan2858965,Client28305,Nyamagabe,2023-02-21,2250000,347289,157574,13,3,0,Normal
Loan2858974,Client165282,Kicukiro,2023-02-21,700000,376166,105863,13,3,0,Normal
Loan2858976,Client148608,Nyanza,2023-02-21,1550000,63201,114513,13,2,0,Normal
Loan2858999,Client157614,Gasabo,2023-02-21,1500000,224209,96793,13,2,0,Normal
Loan2859005,Client16220,Kicukiro,2023-02-21,2350000,247434,204883,14,3,0,Normal
Loan2859018,Client101024,Nyanza,2023-02-21,1500000,271850,99276,13,2,0,Normal
Loan2859043,Client26119,Gasabo,2023-02-21,2120000,295650,165421,13,2,0,Normal
Loan2859046,Client146901,Rubavu,2023-02-21,1600000,29866,122544,13,2,0,Normal
Loan2859049,Client76732,Nyanza,2023-02-21,1260000,262509,164614,14,3,0,Normal
Loan2859073,Client80038,Nyamagabe,2023-02-21,1400000,344232,134235,13,2,0,Normal
Loan2859085,Client137094,Kicukiro,2023-02-21,1570000,214163,101638,13,3,0,Normal
Loan2859087,Client91775,Nyanza,2023-02-21,1730000,77518,111947,13,2,0,Normal
Loan2859095,Client16771,Rubavu,2023-02-21,2000000,976605,107377,13,3,0,Normal
Loan2859113,Client162587,Rutsiro,2023-02-21,1550000,313783,101543,13,2,0,Normal
Loan2859126,Client42998,Rutsiro,2023-02-21,1900000,374867,125730,13,3,0,Normal
Loan2859131,Client166273,Rusizi,2023-02-21,1560000,110283,114832,13,3,0,Normal
Loan2859135,Client122197,Gasabo,2023-02-21,2640000,653582,191841,13,3,0,Normal
Loan2859153,Client359,Rusizi,2023-02-21,3480000,190242,231464,13,3,0,Normal
Loan2859162,Client38740,Kicukiro,2023-02-21,1660000,544542,102329,13,2,0,Normal
Loan2859167,Client146672,Rutsiro,2023-02-21,1570000,154784,116844,13,2,0,Normal
Loan2859376,Client147590,Rubavu,2023-02-22,1600000,28539,117396,13,3,0,Normal
Loan2859380,Client2035,Rubavu,2023-02-22,3500000,1641014,276161,13,2,0,Normal
Loan2859416,Client120460,Rutsiro,2023-02-22,1500000,482558,101543,13,2,0,Normal
Loan2859426,Client99434,Nyamagabe,2023-02-22,1720000,276168,110462,13,2,0,Normal
Loan2859486,Client40425,Ngororero,2023-02-22,1800000,834320,117514,13,3,0,Normal
Loan2859564,Client163670,Gasabo,2023-02-22,2100000,561920,388628,14,3,0,Normal
Loan2859580,Client87598,Rusizi,2023-02-22,1740000,203418,112689,13,2,0,Normal
Loan2859616,Client163403,Ngororero,2023-02-22,1570000,127299,114424,13,2,0,Normal
Loan2859617,Client8938,Rubavu,2023-02-22,2530000,144180,187311,13,2,0,Normal
Loan2859627,Client161716,Rusizi,2023-02-22,1455000,55687,93520,13,2,0,Normal
Loan2859651,Client132326,Nyagatare,2023-02-22,1530000,52555,114513,13,3,0,Normal
Loan2859692,Client119610,Rubavu,2023-02-22,1690000,508471,128917,13,2,0,Normal
Loan2859694,Client108488,Nyagatare,2023-02-22,2600000,469690,184969,13,2,0,Normal
Loan2859705,Client155503,Nyagatare,2023-02-22,1530000,145415,98962,13,3,0,Normal
Loan2859714,Client97218,Nyanza,2023-02-22,1730000,101753,128522,13,3,0,Normal
Loan2859737,Client160862,Nyanza,2023-02-22,1550000,312334,135605,13,2,0,Normal
Loan2859741,Client132364,Nyagatare,2023-02-22,1530000,326018,98962,13,2,0,Normal
Loan2859746,Client143670,Rubavu,2023-02-22,1600000,50963,101163,13,2,0,Normal
Loan2859818,Client188291,Gasabo,2023-02-22,1370000,99516,91154,13,3,0,Normal
Loan2859838,Client33036,Ngororero,2023-02-22,3500000,3044978,325834,13,2,0,Normal
Loan2859841,Client12072,Nyanza,2023-02-22,1830000,166213,144537,13,2,0,Normal
Loan2859881,Client50501,Rubavu,2023-02-22,1750000,173887,135548,13,3,0,Normal
Loan2859898,Client134170,Ngororero,2023-02-22,2250000,290943,147697,13,2,0,Normal
Loan2859907,Client164923,Rusizi,2023-02-22,3400000,119332,230380,13,3,0,Normal
Loan2859923,Client165424,Kicukiro,2023-02-22,1420000,148390,122389,13,3,0,Normal
Loan2859926,Client16636,Rusizi,2023-02-22,2460000,737175,188941,13,3,0,Normal
Loan2859928,Client171220,Nyagatare,2023-02-22,1530000,100698,113885,13,3,0,Normal
Loan2859979,Client16774,Ngororero,2023-02-22,1840000,96997,147903,13,2,0,Normal
Loan2859987,Client161846,Rutsiro,2023-02-22,2600000,223892,193044,13,4,0,Normal
Loan2860004,Client42859,Rutsiro,2023-02-22,1750000,526569,113648,13,2,0,Normal
Loan2860027,Client166744,Rutsiro,2023-02-22,1570000,75148,110307,13,3,0,Normal
Loan2860036,Client5372,Rusizi,2023-02-22,2120000,892265,163442,13,2,0,Normal
Loan2860050,Client163055,Gasabo,2023-02-22,1570000,96706,105013,13,2,0,Normal
Loan2860070,Client170593,Nyagatare,2023-02-22,3420000,71579,218940,13,3,0,Normal
Loan2860088,Client123346,Nyarugenge,2023-02-22,1790000,605679,194922,14,2,0,Normal
Loan2860101,Client82973,Rusizi,2023-02-22,1740000,209536,136164,13,3,0,Normal
Loan2860122,Client166835,Rusizi,2023-02-22,1590000,46455,121914,13,2,0,Normal
Loan2860155,Client166049,Rusizi,2023-02-22,1555000,54472,115938,13,2,0,Normal
Loan2860310,Client88902,Rutsiro,2023-02-23,1610000,79790,239765,13,2,0,Normal
Loan2860312,Client18455,Rubavu,2023-02-23,2770000,104855,209299,13,3,0,Normal
Loan2860344,Client166946,Gasabo,2023-02-23,3500000,830415,312110,14,2,0,Normal
Loan2860378,Client59709,Nyanza,2023-02-23,3340000,520582,223700,13,2,0,Normal
Loan2860440,Client169859,Nyagatare,2023-02-23,1460000,54657,98897,13,3,0,Normal
Loan2860511,Client170713,Nyagatare,2023-02-23,3100000,1274580,199219,13,2,0,Normal
Loan2860526,Client15569,Rutsiro,2023-02-23,1870000,174876,147199,13,2,0,Normal
Loan2860548,Client158299,Ngororero,2023-02-23,1490000,155202,97795,13,2,0,Normal
Loan2860556,Client54868,Rubavu,2023-02-23,1770000,242542,112993,13,2,0,Normal
Loan2860601,Client142325,Nyamagabe,2023-02-23,3500000,740305,229845,13,3,0,Normal
Loan2860626,Client57577,Rusizi,2023-02-23,2825000,229153,228865,14,3,0,Normal
Loan2860635,Client67144,Ngororero,2023-02-23,3500000,524026,276058,13,2,0,Normal
Loan2860644,Client167274,Rubavu,2023-02-23,1600000,46203,114949,13,3,0,Normal
Loan2860651,Client172754,Ngororero,2023-02-23,1570000,60237,106409,13,2,0,Normal
Loan2860683,Client142292,Nyagatare,2023-02-23,3490000,549065,237637,13,2,0,Normal
Loan2860692,Client119671,Nyagatare,2023-02-23,2680000,192391,239781,13,2,0,Normal
Loan2860698,Client46506,Rubavu,2023-02-23,1055000,329273,119086,13,2,0,Normal
Loan2860699,Client143547,Ngororero,2023-02-23,1570000,52699,116164,13,2,0,Normal
Loan2860716,Client163388,Ngororero,2023-02-23,2750000,368542,182220,13,3,0,Normal
Loan2860726,Client51150,Nyagatare,2023-02-23,1700000,423691,110730,13,2,0,Normal
Loan2860730,Client69295,Rutsiro,2023-02-23,1650000,148259,106523,13,3,0,Normal
Loan2860757,Client188251,Kicukiro,2023-02-23,1800000,63259,228865,14,3,0,Normal
Loan2860776,Client125799,Nyagatare,2023-02-23,1500000,69235,115739,13,3,0,Normal
Loan2860785,Client150389,Rusizi,2023-02-23,1435000,44243,100539,13,3,0,Normal
Loan2860786,Client62054,Kicukiro,2023-02-23,1740000,589420,135605,13,1,0,Normal
Loan2860791,Client76931,Gasabo,2023-02-23,2500000,406334,1095144,14,3,0,Normal
Loan2860817,Client141764,Gasabo,2023-02-23,3500000,998587,345850,14,2,0,Normal
Loan2860820,Client20559,Nyagatare,2023-02-23,3280000,1222902,216817,13,3,0,Normal
Loan2860846,Client101742,Nyagatare,2023-02-23,1200000,273502,105248,13,2,0,Normal
Loan2860855,Client143752,Rubavu,2023-02-23,1600000,58137,96413,13,3,0,Normal
Loan2860897,Client105466,Nyagatare,2023-02-23,2600000,785843,244630,13,2,0,Normal
Loan2860925,Client142280,Rubavu,2023-02-23,3028000,777706,228865,14,2,0,Normal
Loan2860932,Client126442,Nyamagabe,2023-02-23,1460000,101854,101711,13,2,0,Normal
Loan2860933,Client147444,Rubavu,2023-02-23,1500000,56754,123019,13,3,0,Normal
Loan2860934,Client84619,Nyarugenge,2023-02-23,2730000,457784,197541,13,2,0,Normal
Loan2860940,Client119661,Nyagatare,2023-02-23,1630000,60226,128522,13,2,0,Normal
Loan2860947,Client123213,Nyamagabe,2023-02-23,1520000,81964,270486,13,3,0,Normal
Loan2860970,Client11260,Rutsiro,2023-02-23,2100000,544438,138871,13,2,0,Normal
Loan2860991,Client172029,Nyagatare,2023-02-23,1530000,51198,113885,13,3,0,Normal
Loan2861027,Client147132,Rubavu,2023-02-23,1500000,137544,94513,13,2,0,Normal
Loan2861035,Client172576,Nyagatare,2023-02-23,1530000,45860,109265,13,2,0,Normal
Loan2861046,Client59764,Rutsiro,2023-02-23,1840000,573254,136298,13,2,0,Normal
Loan2861061,Client127204,Rutsiro,2023-02-23,1200000,493398,106314,13,3,0,Normal
Loan2861064,Client79282,Gasabo,2023-02-23,2060000,348105,228865,14,3,0,Normal
Loan2861080,Client151198,Rusizi,2023-02-23,1555000,123332,105863,13,2,0,Normal
Loan2861102,Client63037,Nyamagabe,2023-02-23,1600000,-132777,130435,13,2,0,Normal
Loan2861112,Client63018,Nyamagabe,2023-02-23,1700000,261864,135185,13,2,0,Normal
Loan2861136,Client7796,Rusizi,2023-02-23,1750000,561699,141444,13,2,0,Normal
Loan2861177,Client124110,Nyamagabe,2023-02-23,1500000,443961,99997,13,2,0,Normal
Loan2861179,Client51582,Nyamagabe,2023-02-23,3500000,190738,239365,13,3,0,Normal
Loan2861185,Client73960,Rusizi,2023-02-23,3500000,1869790,264603,13,3,0,Normal
Loan2861211,Client125522,Rusizi,2023-02-23,1455000,164825,114314,13,3,0,Normal
Loan2861217,Client150983,Rusizi,2023-02-23,1455000,307907,93520,13,2,0,Normal
Loan2861226,Client7792,Rusizi,2023-02-23,1500000,776090,271381,13,2,0,Normal
Loan2861452,Client108316,Rutsiro,2023-02-24,1650000,261463,129169,13,2,0,Normal
Loan2861472,Client109481,Gasabo,2023-02-24,1660000,572101,107831,13,2,0,Normal
Loan2861474,Client140322,Rubavu,2023-02-24,1600000,107102,122544,13,3,0,Normal
Loan2861476,Client124534,Nyamagabe,2023-02-24,1320000,79995,103623,13,2,0,Normal
Loan2861501,Client171562,Rutsiro,2023-02-24,1570000,65492,115424,13,3,0,Normal
Loan2861547,Client100793,Gasabo,2023-02-24,1660000,64500,124231,13,3,0,Normal
Loan2861554,Client129110,Rubavu,2023-02-24,600000,88461,98087,13,3,0,Normal
Loan2861636,Client103732,Kicukiro,2023-02-24,1660000,314605,160276,13,2,0,Normal
Loan2861695,Client59912,Ngororero,2023-02-24,2680000,304804,176763,13,3,0,Normal
Loan2861713,Client13244,Rubavu,2023-02-24,1959000,916468,146967,13,3,0,Normal
Loan2861721,Client170909,Nyagatare,2023-02-24,1530000,65202,113882,13,3,0,Normal
Loan2861765,Client118366,Rusizi,2023-02-24,3500000,437359,228139,13,3,0,Normal
Loan2861808,Client139549,Nyamagabe,2023-02-24,3350000,132944,263260,13,2,0,Normal
Loan2861833,Client64415,Ngororero,2023-02-24,1940000,817436,196800,13,2,0,Normal
Loan2861852,Client10776,Ngororero,2023-02-24,1200000,905109,76572,14,3,0,Normal
Loan2861862,Client157173,Nyagatare,2023-02-24,1530000,290496,98962,13,3,0,Normal
Loan2861865,Client164404,Ngororero,2023-02-24,2300000,332857,174385,13,3,0,Normal
Loan2861868,Client135204,Gasabo,2023-02-24,1650000,466543,111100,14,3,0,Normal
Loan2861903,Client164403,Ngororero,2023-02-24,2400000,483061,163627,13,3,0,Normal
Loan2861921,Client138488,Kicukiro,2023-02-24,3050000,114201,195716,13,2,0,Normal
Loan2861923,Client88964,Rutsiro,2023-02-24,1550000,120568,105098,13,2,0,Normal
Loan2861924,Client134009,Ngororero,2023-02-24,1550000,113864,101234,13,2,0,Normal
Loan2861941,Client144195,Rutsiro,2023-02-24,1580000,53106,103063,13,2,0,Normal
Loan2861972,Client158384,Ngororero,2023-02-24,1570000,324832,102545,13,3,0,Normal
Loan2861987,Client77764,Rubavu,2023-02-24,1770000,177872,136739,13,3,0,Normal
Loan2862020,Client104093,Nyarugenge,2023-02-24,3380000,378408,223053,13,2,0,Normal
Loan2862073,Client128504,Nyanza,2023-02-24,1550000,241931,114513,13,2,0,Normal
Loan2862115,Client164853,Kicukiro,2023-02-24,1570000,56129,122389,13,3,0,Normal
Loan2862131,Client77374,Rutsiro,2023-02-24,3500000,226073,301440,13,2,0,Normal
Loan2862139,Client176398,Rubavu,2023-02-24,3350000,54856,241305,13,3,0,Normal
Loan2862152,Client180028,Gasabo,2023-02-24,2310000,162927,281500,14,3,1,Written off
Loan2862187,Client130550,Rusizi,2023-02-24,1500000,75799,112993,13,2,0,Normal
Loan2862188,Client109631,Gasabo,2023-02-24,1670000,85724,124046,13,3,0,Normal
Loan2862189,Client167179,Rubavu,2023-02-24,1600000,87217,101163,13,3,0,Normal
Loan2862196,Client167389,Rubavu,2023-02-24,1500000,51060,107834,13,3,0,Normal
Loan2862200,Client125490,Nyagatare,2023-02-24,2600000,90369,172252,13,3,0,Normal
Loan2862241,Client108724,Rusizi,2023-02-24,3500000,172323,266211,13,2,0,Normal
Loan2862245,Client113041,Nyagatare,2023-02-24,1630000,110494,105248,13,2,0,Normal
Loan2862249,Client43567,Gasabo,2023-02-24,1740000,391712,250690,13,2,0,Normal
Loan2862258,Client157204,Nyagatare,2023-02-24,1530000,35185,98962,13,3,0,Normal
Loan2862261,Client109626,Rusizi,2023-02-24,2830000,72488,194377,14,2,0,Normal
Loan2862875,Client125046,Nyanza,2023-02-27,1480000,68581,118673,13,2,0,Normal
Loan2862931,Client171448,Rutsiro,2023-02-27,1570000,81600,107288,13,2,0,Normal
Loan2862995,Client139042,Nyamagabe,2023-02-27,1540000,333481,100515,13,3,0,Normal
Loan2863021,Client141879,Nyanza,2023-02-27,3060000,710512,204141,13,3,0,Normal
Loan2863022,Client23906,Nyamagabe,2023-02-27,3140000,1056210,230430,13,2,0,Normal
Loan2863045,Client157800,Ngororero,2023-02-27,1000000,146008,94945,13,2,0,Normal
Loan2863086,Client12428,Kicukiro,2023-02-27,1920000,698305,148903,13,2,0,Normal
Loan2863087,Client118796,Nyanza,2023-02-27,3500000,290550,245943,13,2,0,Normal
Loan2863097,Client157162,Nyagatare,2023-02-27,1530000,65519,98962,13,3,0,Normal
Loan2863099,Client118321,Rusizi,2023-02-27,1610000,131230,103754,13,3,0,Normal
Loan2863111,Client64966,Ngororero,2023-02-27,1720000,551590,112996,13,2,0,Normal
Loan2863149,Client165330,Rutsiro,2023-02-27,1570000,123976,105000,13,2,0,Normal
Loan2863150,Client57523,Nyarugenge,2023-02-27,3500000,1470039,270626,13,3,0,Normal
Loan2863154,Client2810,Nyagatare,2023-02-27,3500000,428392,315970,13,2,0,Normal
Loan2863198,Client70894,Nyagatare,2023-02-27,2330000,790222,158815,13,2,0,Normal
Loan2863234,Client146518,Rubavu,2023-02-27,1600000,323356,122624,13,2,0,Normal
Loan2863238,Client166099,Kicukiro,2023-02-27,1450000,93763,95463,13,3,0,Normal
Loan2863283,Client138018,Kicukiro,2023-02-27,3070000,699302,203892,13,2,0,Normal
Loan2863313,Client139065,Gasabo,2023-02-27,2610000,310265,228957,13,2,0,Normal
Loan2863329,Client174327,Rutsiro,2023-02-27,1570000,59275,115424,13,2,0,Normal
Loan2863335,Client113656,Nyanza,2023-02-27,3000000,296414,160077,14,2,0,Normal
Loan2863339,Client139127,Gasabo,2023-02-27,1570000,59686,235015,13,3,0,Normal
Loan2863341,Client118433,Rusizi,2023-02-27,2185000,82803,161990,13,2,0,Normal
Loan2863349,Client137046,Rutsiro,2023-02-27,1570000,113874,101638,13,2,0,Normal
Loan2863366,Client44213,Nyagatare,2023-02-27,2000000,288208,158746,13,3,0,Normal
Loan2863447,Client182530,Kicukiro,2023-02-27,1500000,78655,117877,13,3,0,Normal
Loan2863466,Client152560,Gasabo,2023-02-27,1570000,61066,101543,13,2,0,Normal
Loan2863478,Client144343,Rutsiro,2023-02-27,1580000,292477,103063,13,2,0,Normal
Loan2863487,Client24273,Nyagatare,2023-02-27,1460000,325527,94212,13,2,0,Normal
Loan2863491,Client91906,Ngororero,2023-02-27,1720000,129909,111571,13,2,0,Normal
Loan2863502,Client134279,Nyagatare,2023-02-27,1530000,186915,98962,13,2,0,Normal
Loan2863537,Client171193,Nyagatare,2023-02-27,3200000,216256,234180,13,3,0,Normal
Loan2863545,Client171183,Nyagatare,2023-02-27,3400000,171805,420144,13,3,0,Normal
Loan2863556,Client166533,Rusizi,2023-02-27,1590000,280086,107288,13,3,0,Normal
Loan2863560,Client143426,Nyagatare,2023-02-27,3350000,639616,221567,13,3,0,Normal
Loan2863572,Client119058,Nyagatare,2023-02-27,1490000,83016,96112,13,3,0,Normal
Loan2863578,Client160015,Gasabo,2023-02-27,1570000,193576,123814,13,3,0,Normal
Loan2863585,Client126611,Nyagatare,2023-02-27,1530000,321981,98962,13,3,0,Normal
Loan2863591,Client150885,Rusizi,2023-02-27,1555000,245420,101120,13,2,0,Normal
Loan2863616,Client158232,Rubavu,2023-02-27,1600000,188026,96370,13,2,0,Normal
Loan2863619,Client144586,Rubavu,2023-02-27,3490000,192252,234065,13,3,0,Normal
Loan2863641,Client57847,Rubavu,2023-02-27,1870000,570605,142462,13,3,0,Normal
Loan2863666,Client12696,Rubavu,2023-02-27,2020000,419817,157082,13,3,0,Normal
Loan2863669,Client124720,Rubavu,2023-02-27,1600000,78870,116938,13,2,0,Normal
Loan2863671,Client147172,Rubavu,2023-02-27,1600000,66439,122146,13,3,0,Normal
Loan2863673,Client133015,Rubavu,2023-02-27,3500000,181854,215086,13,3,0,Normal
Loan2863677,Client142279,Rubavu,2023-02-27,3028000,605733,234730,14,2,0,Normal
Loan2863687,Client132502,Rubavu,2023-02-27,1600000,218538,101163,13,2,0,Normal
Loan2863690,Client146932,Rubavu,2023-02-27,1600000,60863,115424,13,2,0,Normal
Loan2863793,Client149355,Rubavu,2023-02-28,1600000,407380,105934,13,3,0,Normal
Loan2863810,Client45972,Nyanza,2023-02-28,1800000,724724,149287,13,2,0,Normal
Loan2863985,Client55334,Rusizi,2023-02-28,3500000,857111,274365,13,2,0,Normal
Loan2863996,Client126417,Nyarugenge,2023-02-28,3500000,2279643,259909,14,2,0,Normal
Loan2864044,Client134951,Gasabo,2023-02-28,3500000,327754,350723,14,2,0,Normal
Loan2864056,Client143526,Rutsiro,2023-02-28,1500000,53210,110238,13,3,0,Normal
Loan2864058,Client9423,Nyanza,2023-02-28,2730000,253559,197794,13,3,0,Normal
Loan2864066,Client118808,Nyanza,2023-02-28,1640000,530128,106401,13,3,0,Normal
Loan2864103,Client72371,Gasabo,2023-02-28,3470000,170966,263361,13,2,0,Normal
Loan2864137,Client125800,Nyamagabe,2023-02-28,1520000,51894,103013,13,2,0,Normal
Loan2864143,Client132741,Rutsiro,2023-02-28,1200000,636906,157810,13,3,0,Normal
Loan2864151,Client150482,Rusizi,2023-02-28,1555000,82172,123814,13,2,0,Normal
Loan2864159,Client53129,Nyamagabe,2023-02-28,1690000,746838,115045,13,2,0,Normal
Loan2864165,Client48750,Nyagatare,2023-02-28,2630000,665822,173065,13,2,0,Normal
Loan2864187,Client150387,Rusizi,2023-02-28,1570000,46747,101595,13,3,0,Normal
Loan2864201,Client171185,Nyagatare,2023-02-28,3000000,104818,220365,13,2,0,Normal
Loan2864215,Client65606,Rubavu,2023-02-28,950000,422240,112993,13,3,0,Normal
Loan2864226,Client59780,Rubavu,2023-02-28,2770000,647721,214782,13,3,0,Normal
Loan2864251,Client118492,Ngororero,2023-02-28,1520000,461388,98490,13,3,0,Normal
Loan2864271,Client135043,Gasabo,2023-02-28,1450000,294569,102557,14,2,0,Normal
Loan2864289,Client131574,Ngororero,2023-02-28,1450000,384169,99809,13,3,0,Normal
Loan2864292,Client148632,Rubavu,2023-02-28,1600000,96169,142462,13,2,0,Normal
Loan2864336,Client10736,Ngororero,2023-02-28,1000000,432821,124572,13,3,0,Normal
Loan2864337,Client171733,Rutsiro,2023-02-28,1508000,130432,109875,13,2,0,Normal
Loan2864354,Client158772,Nyarugenge,2023-02-28,3500000,806983,228865,14,2,0,Normal
Loan2864368,Client168253,Rubavu,2023-02-28,1600000,284050,218411,13,2,0,Normal
Loan2864378,Client26642,Rubavu,2023-02-28,2270000,207512,164763,13,2,0,Normal
Loan2864384,Client171316,Nyagatare,2023-02-28,1500000,290677,114332,13,3,0,Normal
Loan2864386,Client188329,Kicukiro,2023-02-28,1500000,412057,205317,14,2,0,Normal
Loan2864391,Client150108,Rusizi,2023-02-28,3055000,424766,113164,14,2,0,Normal
Loan2864425,Client87812,HQ,2023-02-28,2810000,315256,446227,14,3,0,Normal
Loan2864445,Client187746,Gasabo,2023-02-28,1730000,323016,128935,14,3,0,Normal
Loan2864451,Client167312,Rubavu,2023-02-28,1600000,57964,114949,13,3,0,Normal
Loan2864469,Client358,Gasabo,2023-02-28,2600000,338680,192791,13,2,0,Normal
Loan2864479,Client16797,Gasabo,2023-02-28,3500000,391107,352737,14,3,0,Normal
Loan2864493,Client117996,Rusizi,2023-02-28,1665000,106592,229318,13,3,0,Normal
Loan2864509,Client1713,Rubavu,2023-02-28,1800000,33167,117516,13,2,0,Normal
Loan2864535,Client171574,Rubavu,2023-02-28,1600000,52342,105934,13,3,0,Normal
Loan2864541,Client129133,Rubavu,2023-02-28,1600000,385094,96187,13,3,0,Normal
Loan2864542,Client55231,Rubavu,2023-02-28,3500000,519750,277526,13,2,0,Normal
Loan2865008,Client133226,Kicukiro,2023-03-01,3400000,635791,281500,14,4,1,Written off
Loan2865167,Client110605,Kicukiro,2023-03-01,3500000,794121,184260,13,3,0,Normal
Loan2865193,Client45758,Rusizi,2023-03-01,1590000,101579,246055,13,2,0,Normal
Loan2865206,Client132244,Kicukiro,2023-03-01,1560000,218450,117639,13,2,0,Normal
Loan2865273,Client145299,Rubavu,2023-03-01,600000,59719,95500,13,3,0,Normal
Loan2865300,Client116948,Nyanza,2023-03-01,3500000,1222670,202721,13,2,0,Normal
Loan2865324,Client41646,Nyarugenge,2023-03-01,3500000,853479,398362,13,2,0,Normal
Loan2865340,Client172496,Ngororero,2023-03-01,1570000,128949,154334,13,3,0,Normal
Loan2865350,Client154567,Rusizi,2023-03-01,3235000,174893,232640,13,2,0,Normal
Loan2865419,Client108121,Nyamagabe,2023-03-01,1550000,144597,127572,13,3,0,Normal
Loan2865435,Client145538,Rusizi,2023-03-01,1420000,75907,124444,13,3,0,Normal
Loan2865478,Client79056,Rusizi,2023-03-01,1700000,678700,110314,13,2,0,Normal
Loan2865509,Client155429,Nyagatare,2023-03-01,3400000,203582,248765,13,3,0,Normal
Loan2865515,Client141252,Nyamagabe,2023-03-01,2800000,386897,186847,13,3,0,Normal
Loan2865521,Client172565,Ngororero,2023-03-01,1570000,276146,105409,13,3,0,Normal
Loan2865558,Client166667,Rutsiro,2023-03-01,1570000,51729,110674,13,3,0,Normal
Loan2865560,Client130185,Ngororero,2023-03-01,1480000,82330,114863,13,3,0,Normal
Loan2865597,Client31748,Ngororero,2023-03-01,1390000,73596,102750,13,3,0,Normal
Loan2865606,Client47650,Nyamagabe,2023-03-01,2100000,233634,139189,13,2,0,Normal
Loan2865623,Client5487,Gasabo,2023-03-01,2120000,290779,165764,13,2,0,Normal
Loan2865645,Client151118,Gasabo,2023-03-01,2340000,471181,172529,13,2,0,Normal
Loan2865672,Client137130,Gasabo,2023-03-01,1570000,311099,101395,13,3,0,Normal
Loan2865682,Client163408,Ngororero,2023-03-01,1500000,51428,100174,13,3,0,Normal
Loan2865688,Client11945,Nyamagabe,2023-03-01,2500000,161868,175847,13,2,0,Normal
Loan2865724,Client188233,Kicukiro,2023-03-01,1390000,60702,119323,14,3,0,Normal
Loan2865736,Client178808,Rubavu,2023-03-01,1800000,777706,281500,14,3,1,Written off
Loan2865747,Client176799,Ngororero,2023-03-01,1750000,68779,120825,14,3,0,Normal
Loan2865795,Client124224,Rusizi,2023-03-01,2290000,191535,180721,13,3,0,Normal
Loan2865839,Client39847,Nyarugenge,2023-03-01,1500000,740108,200775,14,2,0,Normal
Loan2865860,Client157722,Ngororero,2023-03-01,1485000,86022,95420,13,2,0,Normal
Loan2865887,Client180837,Nyarugenge,2023-03-01,1570000,72692,115100,13,3,0,Normal
Loan2865956,Client133981,Rubavu,2023-03-01,1600000,291324,96413,13,3,0,Normal
Loan2865963,Client126908,Nyamagabe,2023-03-01,1400000,212714,98140,13,2,0,Normal
Loan2865983,Client164409,Ngororero,2023-03-01,2400000,105968,174385,13,3,0,Normal
Loan2865989,Client166562,Rutsiro,2023-03-01,1500000,161520,112748,13,2,0,Normal
Loan2865995,Client171198,Nyagatare,2023-03-01,2350000,84143,197794,13,3,0,Normal
Loan2866001,Client146725,Rutsiro,2023-03-01,1570000,59811,112889,13,2,0,Normal
Loan2866017,Client144798,Rubavu,2023-03-01,1570000,23810,122544,13,3,0,Normal
Loan2866072,Client158464,Nyagatare,2023-03-01,1420000,54480,98962,13,3,0,Normal
Loan2866076,Client129375,Gasabo,2023-03-01,1570000,76392,101543,13,2,0,Normal
Loan2866084,Client172954,Nyarugenge,2023-03-01,750000,206086,228865,14,3,0,Normal
Loan2866087,Client172280,Nyanza,2023-03-01,3500000,1119330,2103272,14,2,0,Normal
Loan2866091,Client52974,Gasabo,2023-03-01,1760000,385648,115016,13,2,0,Normal
Loan2866104,Client162223,Rusizi,2023-03-01,1570000,310141,160276,13,2,0,Normal
Loan2866106,Client65622,Rubavu,2023-03-01,1755000,62522,113648,13,2,0,Normal
Loan2866132,Client187982,Kicukiro,2023-03-01,3070000,261170,168608,13,2,0,Normal
Loan2866139,Client166537,Rusizi,2023-03-01,3420000,545792,246055,13,3,0,Normal
Loan2866154,Client5735,Rusizi,2023-03-01,3330000,1621851,219776,13,3,0,Normal
Loan2866201,Client166688,Rusizi,2023-03-01,1500000,275487,107388,13,2,0,Normal
Loan2866214,Client166828,Rusizi,2023-03-01,1570000,107329,105332,13,2,0,Normal
Loan2866231,Client166319,Rusizi,2023-03-01,3300000,464910,234065,13,3,0,Normal
Loan2866245,Client167597,Rusizi,2023-03-01,1555000,48485,107288,13,3,0,Normal
Loan2866562,Client18470,Rutsiro,2023-03-02,1750000,79591,137723,13,3,0,Normal
Loan2866567,Client158482,Rubavu,2023-03-02,1600000,123316,107834,13,2,0,Normal
Loan2866590,Client8003,Nyarugenge,2023-03-02,3250000,390454,270542,14,2,0,Normal
Loan2866606,Client85498,Gasabo,2023-03-02,3500000,1815632,270626,13,2,0,Normal
Loan2866671,Client149289,Nyanza,2023-03-02,1550000,60898,100041,13,2,0,Normal
Loan2866701,Client162190,Rutsiro,2023-03-02,1600000,57213,103084,13,2,0,Normal
Loan2866708,Client188110,Kicukiro,2023-03-02,430000,31159,235900,14,2,0,Normal
Loan2866762,Client44418,Nyamagabe,2023-03-02,2560000,90305,185975,13,2,0,Normal
Loan2866779,Client149875,Rusizi,2023-03-02,3070000,480502,204141,13,3,0,Normal
Loan2866847,Client121129,Rubavu,2023-03-02,3500000,528563,271335,13,2,0,Normal
Loan2866851,Client79297,Gasabo,2023-03-02,1350000,433912,113441,13,2,0,Normal
Loan2866859,Client147817,Rusizi,2023-03-02,1570000,66111,102545,13,2,0,Normal
Loan2866870,Client144577,Rutsiro,2023-03-02,1600000,68278,122389,13,2,0,Normal
Loan2866878,Client42861,Ngororero,2023-03-02,1850000,122635,260424,14,3,0,Normal
Loan2866936,Client78680,Nyagatare,2023-03-02,1490000,562220,224663,13,2,0,Normal
Loan2866957,Client149229,Nyanza,2023-03-02,1580000,61184,105332,13,3,0,Normal
Loan2866959,Client132132,Nyarugenge,2023-03-02,1540000,52058,103063,13,2,0,Normal
Loan2866980,Client99662,Gasabo,2023-03-02,1660000,197699,107831,13,3,0,Normal
Loan2866993,Client40690,Nyamagabe,2023-03-02,3500000,342652,327014,13,3,0,Normal
Loan2866998,Client74063,Nyarugenge,2023-03-02,3500000,1858143,238324,13,2,0,Normal
Loan2867005,Client129704,Gasabo,2023-03-02,1660000,166284,108009,13,2,0,Normal
Loan2867017,Client168784,Rusizi,2023-03-02,1455000,153712,108657,13,2,0,Normal
Loan2867022,Client160744,Gasabo,2023-03-02,1570000,133910,107739,13,3,0,Normal
Loan2867054,Client75427,Nyagatare,2023-03-02,3300000,461718,223444,13,2,0,Normal
Loan2867057,Client158163,Ngororero,2023-03-02,1570000,140731,101357,13,3,0,Normal
Loan2867082,Client74557,Ngororero,2023-03-02,1700000,112795,136157,13,2,0,Normal
Loan2867087,Client133904,Rubavu,2023-03-02,1485000,73141,96413,13,3,0,Normal
Loan2867107,Client166900,Gasabo,2023-03-02,2400000,1094195,269995,14,2,0,Normal
Loan2867165,Client142029,Ngororero,2023-03-02,1570000,173025,102545,13,3,0,Normal
Loan2867204,Client89263,Nyarugenge,2023-03-02,2000000,746524,275374,13,2,0,Normal
Loan2867238,Client3833,Ngororero,2023-03-02,1990000,448663,127483,13,3,0,Normal
Loan2867244,Client155977,Gasabo,2023-03-02,1420000,165247,91895,13,3,0,Normal
Loan2867297,Client19446,Ngororero,2023-03-02,3480000,1462833,283783,13,3,0,Normal
Loan2867336,Client157360,Nyagatare,2023-03-02,1530000,319153,98962,13,3,0,Normal
Loan2867348,Client119008,Kicukiro,2023-03-02,3100000,246159,242558,14,2,0,Normal
Loan2867373,Client100171,Nyanza,2023-03-02,3500000,1509731,259220,13,3,0,Normal
Loan2867388,Client165622,Kicukiro,2023-03-02,1550000,292426,105863,13,2,0,Normal
Loan2867410,Client149346,Rusizi,2023-03-02,700000,139782,96895,13,3,0,Normal
Loan2867449,Client131962,Rusizi,2023-03-02,1490000,107122,117164,13,3,0,Normal
Loan2867459,Client57814,Rubavu,2023-03-02,1835000,409113,119086,13,3,0,Normal
Loan2867477,Client101897,Kicukiro,2023-03-02,2760000,1055789,379100,14,2,0,Normal
Loan2867506,Client25417,Gasabo,2023-03-02,2330000,639406,166300,14,3,1,Written off
Loan2867534,Client98136,Rusizi,2023-03-02,1745000,640981,113164,13,2,0,Normal
Loan2867623,Client45774,Rubavu,2023-03-02,2200000,165532,117850,14,2,0,Normal
Loan2868000,Client163828,Kicukiro,2023-03-03,650000,201738,281500,14,2,1,Written off
Loan2868008,Client188377,Rubavu,2023-03-03,2280000,405830,234730,14,3,0,Normal
Loan2868031,Client132453,Gasabo,2023-03-03,3500000,609521,285536,13,3,0,Normal
Loan2868058,Client148684,Rubavu,2023-03-03,3500000,775935,241155,13,3,0,Normal
Loan2868099,Client156669,Gasabo,2023-03-03,1570000,30639,101543,13,2,0,Normal
Loan2868211,Client57520,Nyarugenge,2023-03-03,3500000,291656,282650,13,2,0,Normal
Loan2868225,Client133043,Rusizi,2023-03-03,2730000,170338,179405,13,3,0,Normal
Loan2868270,Client100257,Rubavu,2023-03-03,2710000,118501,177847,13,2,0,Normal
Loan2868274,Client46383,Gasabo,2023-03-03,1840000,455043,119766,13,2,0,Normal
Loan2868281,Client137360,Rutsiro,2023-03-03,1550000,321765,101638,13,3,0,Normal
Loan2868312,Client138413,Kicukiro,2023-03-03,1500000,100279,103063,13,3,0,Normal
Loan2868335,Client174173,Rubavu,2023-03-03,3500000,58355,235986,13,2,0,Normal
Loan2868343,Client158216,Ngororero,2023-03-03,1200000,148287,96370,13,2,0,Normal
Loan2868378,Client158977,Nyamagabe,2023-03-03,500000,74964,103935,13,3,0,Normal
Loan2868381,Client124626,Rubavu,2023-03-03,1570000,59469,122544,13,2,0,Normal
Loan2868420,Client77741,Rutsiro,2023-03-03,1550000,78023,105594,13,3,0,Normal
Loan2868429,Client158379,Ngororero,2023-03-03,1500000,314792,97795,13,3,0,Normal
Loan2868448,Client172341,Ngororero,2023-03-03,1570000,1347,105409,13,3,0,Normal
Loan2868468,Client16713,Gasabo,2023-03-03,1200000,946661,125730,13,2,0,Normal
Loan2868476,Client61499,Ngororero,2023-03-03,1800000,83581,123632,14,3,0,Normal
Loan2868485,Client188250,Kicukiro,2023-03-03,1630000,46453,125957,14,3,0,Normal
Loan2868508,Client19325,Nyanza,2023-03-03,2140000,286559,165764,13,2,0,Normal
Loan2868609,Client162738,Nyamagabe,2023-03-03,1570000,188394,100515,13,2,0,Normal
Loan2868611,Client43698,Gasabo,2023-03-03,2480000,259702,188681,14,2,0,Normal
Loan2868617,Client188235,Kicukiro,2023-03-03,1890000,245112,143878,14,3,0,Normal
Loan2868648,Client82780,Kicukiro,2023-03-03,2750000,127594,235900,14,2,0,Normal
Loan2868661,Client6340,Rusizi,2023-03-03,2235000,253185,172788,13,2,0,Normal
Loan2868686,Client1213,Nyagatare,2023-03-03,2270000,397383,179218,13,2,0,Normal
Loan2868688,Client29562,HQ,2023-03-03,3400000,2656993,516180,14,2,0,Normal
Loan2868695,Client139164,Ngororero,2023-03-03,3500000,213332,236365,13,2,0,Normal
Loan2868732,Client132014,Rubavu,2023-03-03,3040000,125276,202467,13,3,0,Normal
Loan2868737,Client110354,Nyagatare,2023-03-03,1500000,486251,97648,13,3,0,Normal
Loan2868757,Client159953,Nyarugenge,2023-03-03,3500000,378471,190848,13,3,0,Normal
Loan2868765,Client34249,Gasabo,2023-03-03,1840000,80262,144124,13,3,0,Normal
Loan2868766,Client45782,Rusizi,2023-03-03,3170000,364821,240405,13,2,0,Normal
Loan2868769,Client127282,Nyanza,2023-03-03,1120000,240443,100041,13,2,0,Normal
Loan2868791,Client68115,Gasabo,2023-03-03,3500000,1871013,309170,13,2,0,Normal
Loan2868819,Client21100,Kicukiro,2023-03-03,1680000,309131,281500,14,3,1,Written off
Loan2868879,Client33558,Gasabo,2023-03-03,2120000,996119,138530,13,2,0,Normal
Loan2868923,Client150451,Rusizi,2023-03-03,1350000,188741,96370,13,3,0,Normal
Loan2868943,Client144801,Rubavu,2023-03-03,1430000,35807,113044,13,4,0,Normal
Loan2868964,Client144370,Rubavu,2023-03-03,1500000,74436,96888,13,3,0,Normal
Loan2868971,Client100858,Rusizi,2023-03-03,1550000,105491,129454,13,2,0,Normal
Loan2868988,Client691,Rubavu,2023-03-03,2000000,246574,148068,13,3,0,Normal
Loan2869024,Client140640,Rubavu,2023-03-03,1350000,101072,86285,13,2,0,Normal
Loan2869030,Client160120,Rubavu,2023-03-03,1570000,268978,107863,13,2,0,Normal
Loan2869230,Client103877,Nyarugenge,2023-03-04,1600000,445660,228865,14,2,0,Normal
Loan2869369,Client147785,Rubavu,2023-03-04,1570000,71690,101163,13,2,0,Normal
Loan2869518,Client73693,Rusizi,2023-03-04,3500000,353608,179695,13,2,0,Normal
Loan2869522,Client21819,Rubavu,2023-03-04,3500000,172951,305470,13,2,0,Normal
Loan2870166,Client155593,Nyagatare,2023-03-06,1530000,320679,114832,13,2,0,Normal
Loan2870178,Client155386,Kicukiro,2023-03-06,1550000,370479,102545,13,3,1,Written off
Loan2870222,Client157268,Nyagatare,2023-03-06,3355000,722356,221567,13,3,0,Normal
Loan2870233,Client158992,Rutsiro,2023-03-06,1570000,82744,115424,13,2,0,Normal
Loan2870239,Client161498,Nyagatare,2023-03-06,3420000,727797,264953,13,3,0,Normal
Loan2870243,Client105344,Rubavu,2023-03-06,1600000,65898,128917,13,2,0,Normal
Loan2870251,Client69387,Nyagatare,2023-03-06,3500000,439096,307577,13,2,0,Normal
Loan2870257,Client163991,Rutsiro,2023-03-06,3500000,80843,166480,13,2,0,Normal
Loan2870286,Client154770,Rusizi,2023-03-06,1570000,280804,114737,13,3,0,Normal
Loan2870290,Client122433,Ngororero,2023-03-06,1660000,48845,99809,13,3,0,Normal
Loan2870302,Client161067,Rutsiro,2023-03-06,1500000,34435,101659,13,2,0,Normal
Loan2870339,Client145215,Nyamagabe,2023-03-06,1570000,229152,100515,13,2,0,Normal
Loan2870348,Client157230,Nyagatare,2023-03-06,1530000,153267,98962,13,2,0,Normal
Loan2870360,Client76362,Ngororero,2023-03-06,3500000,400629,301440,13,3,0,Normal
Loan2870398,Client56151,Rubavu,2023-03-06,1750000,735874,113648,13,3,0,Normal
Loan2870400,Client7694,Rubavu,2023-03-06,2120000,1013662,138871,13,3,0,Normal
Loan2870429,Client4949,Nyamagabe,2023-03-06,3500000,740895,230000,13,2,0,Normal
Loan2870433,Client170605,Gasabo,2023-03-06,1400000,162001,93494,14,3,0,Normal
Loan2870439,Client166486,Rusizi,2023-03-06,3070000,57532,220290,13,3,0,Normal
Loan2870494,Client128435,Nyarugenge,2023-03-06,1480000,124684,122526,13,2,0,Normal
Loan2870504,Client125925,Nyagatare,2023-03-06,3400000,712693,237985,13,3,0,Normal
Loan2870507,Client8189,Nyarugenge,2023-03-06,2000000,961975,131374,13,3,0,Normal
Loan2870512,Client23087,Nyagatare,2023-03-06,1700000,204514,127224,13,3,0,Normal
Loan2870530,Client54314,Nyanza,2023-03-06,1730000,89533,136135,13,2,0,Normal
Loan2870559,Client77799,Rutsiro,2023-03-06,1750000,208781,137309,13,3,0,Normal
Loan2870568,Client61153,Ngororero,2023-03-06,3500000,429715,303190,13,2,0,Normal
Loan2870581,Client99913,Kicukiro,2023-03-06,3360000,232276,226707,13,2,0,Normal
Loan2870592,Client41532,Nyarugenge,2023-03-06,2000000,418717,328577,13,3,0,Normal
Loan2870600,Client171059,Nyagatare,2023-03-06,3420000,647957,226317,13,3,0,Normal
Loan2870606,Client118437,Rusizi,2023-03-06,1665000,179832,128981,13,3,0,Normal
Loan2870611,Client146273,Rubavu,2023-03-06,1570000,128482,101163,13,2,0,Normal
Loan2870618,Client48758,Nyagatare,2023-03-06,3500000,623769,247866,13,3,0,Normal
Loan2870653,Client157945,Ngororero,2023-03-06,1500000,108518,101120,13,3,0,Normal
Loan2870661,Client132737,Rutsiro,2023-03-06,2500000,111649,165500,13,2,0,Normal
Loan2870663,Client42353,Nyarugenge,2023-03-06,1840000,447652,119766,13,2,0,Normal
Loan2870701,Client45869,Rusizi,2023-03-06,3500000,677025,217214,13,2,0,Normal
Loan2870706,Client156810,Nyagatare,2023-03-06,1530000,303173,98962,13,2,0,Normal
Loan2870709,Client158341,Ngororero,2023-03-06,1570000,209910,102545,13,2,0,Normal
Loan2870714,Client144141,Rubavu,2023-03-06,3500000,388711,237411,13,3,0,Normal
Loan2870724,Client142025,Ngororero,2023-03-06,1570000,51462,122389,13,3,0,Normal
Loan2870728,Client142892,Rubavu,2023-03-06,1110000,177242,101163,13,2,0,Normal
Loan2870740,Client158171,Ngororero,2023-03-06,1500000,105339,96370,13,2,0,Normal
Loan2870753,Client68448,Nyarugenge,2023-03-06,1720000,287123,134066,13,2,0,Normal
Loan2870755,Client64845,Rusizi,2023-03-06,1040000,180100,114003,14,2,0,Normal
Loan2870770,Client143442,Rubavu,2023-03-06,1570000,312223,105934,13,3,0,Normal
Loan2870800,Client163722,Ngororero,2023-03-06,3500000,138253,203300,13,3,0,Normal
Loan2870802,Client97318,Rubavu,2023-03-06,1500000,111098,214402,13,4,0,Normal
Loan2870872,Client150426,Rusizi,2023-03-06,1520000,71227,98270,13,2,0,Normal
Loan2870901,Client188197,Rusizi,2023-03-06,1300000,219926,251214,13,2,0,Normal
Loan2870912,Client130724,Rusizi,2023-03-06,1555000,59526,101120,13,2,0,Normal
Loan2870929,Client146521,Rubavu,2023-03-06,1570000,327873,122544,13,3,0,Normal
Loan2870935,Client30925,Rubavu,2023-03-06,2330000,93313,136579,13,3,0,Normal
Loan2870951,Client14463,Rubavu,2023-03-06,2000000,127519,131216,13,2,0,Normal
Loan2870954,Client2029,Rubavu,2023-03-06,2100000,157651,164318,13,2,0,Normal
Loan2870955,Client168487,Rubavu,2023-03-06,1570000,148283,114949,13,2,0,Normal
Loan2870974,Client166818,Rubavu,2023-03-06,1200000,36243,110199,13,3,0,Normal
Loan2871131,Client13115,Nyamagabe,2023-03-07,2000000,62153,156175,13,2,0,Normal
Loan2871164,Client160691,Gasabo,2023-03-07,1540000,97941,104045,13,2,0,Normal
Loan2871221,Client77865,Kicukiro,2023-03-07,1530000,382030,117784,14,3,1,Written off
Loan2871238,Client133182,Kicukiro,2023-03-07,3070000,526168,237988,13,3,0,Normal
Loan2871301,Client5137,Gasabo,2023-03-07,1940000,153272,152850,13,3,0,Normal
Loan2871306,Client17409,Nyamagabe,2023-03-07,1900000,610723,148337,13,3,0,Normal
Loan2871319,Client67543,Ngororero,2023-03-07,1740000,76112,135130,13,2,0,Normal
Loan2871320,Client42595,Kicukiro,2023-03-07,1540000,122970,110039,13,2,0,Normal
Loan2871351,Client189730,Gasabo,2023-03-07,3430000,88382,281500,14,3,1,Written off
Loan2871353,Client166412,Nyanza,2023-03-07,1580000,55791,107288,13,2,0,Normal
Loan2871361,Client165325,Nyanza,2023-03-07,1590000,57122,100641,13,3,0,Normal
Loan2871364,Client144046,Rubavu,2023-03-07,1600000,135698,107834,13,2,0,Normal
Loan2871373,Client47695,Ngororero,2023-03-07,1400000,514432,132885,13,2,0,Normal
Loan2871386,Client99825,Rubavu,2023-03-07,1740000,66427,135548,13,2,0,Normal
Loan2871390,Client49763,Nyamagabe,2023-03-07,3150000,830304,240067,13,2,0,Normal
Loan2871397,Client14349,Gasabo,2023-03-07,3500000,1309826,298077,13,3,0,Normal
Loan2871425,Client167869,Rubavu,2023-03-07,1570000,210009,114949,13,3,0,Normal
Loan2871429,Client158146,Ngororero,2023-03-07,1000000,90581,102545,13,2,0,Normal
Loan2871456,Client79873,Nyagatare,2023-03-07,3500000,301388,306152,13,3,0,Normal
Loan2871457,Client11777,Rutsiro,2023-03-07,2080000,931728,136021,13,3,0,Normal
Loan2871483,Client170939,Rubavu,2023-03-07,1537000,52372,102609,13,2,0,Normal
Loan2871488,Client64945,Rubavu,2023-03-07,1845000,770989,119766,13,2,0,Normal
Loan2871498,Client143099,Rubavu,2023-03-07,3205000,293725,217514,13,3,0,Normal
Loan2871524,Client129240,Rusizi,2023-03-07,1555000,75445,122389,13,3,0,Normal
Loan2871525,Client143398,Rutsiro,2023-03-07,1540000,73663,106409,13,3,0,Normal
Loan2871529,Client101741,Nyagatare,2023-03-07,3500000,266475,278686,13,2,0,Normal
Loan2871544,Client49054,Nyagatare,2023-03-07,1680000,90046,107880,13,3,0,Normal
Loan2871560,Client143687,Rutsiro,2023-03-07,1055000,196437,98313,13,2,0,Normal
Loan2871596,Client66753,Rubavu,2023-03-07,3500000,1043410,249013,13,2,0,Normal
Loan2871600,Client129061,Nyagatare,2023-03-07,3000000,290719,271436,13,3,0,Normal
Loan2871637,Client143552,Rutsiro,2023-03-07,1570000,175775,101638,13,3,0,Normal
Loan2871644,Client147264,Nyamagabe,2023-03-07,1500000,331759,100515,13,2,0,Normal
Loan2871665,Client155396,Nyagatare,2023-03-07,1530000,195147,98962,13,2,0,Normal
Loan2871693,Client163293,Nyamagabe,2023-03-07,1450000,190888,250645,13,3,0,Normal
Loan2871717,Client175223,Gasabo,2023-03-07,1460000,242842,122705,14,3,0,Normal
Loan2871723,Client142853,Rubavu,2023-03-07,1570000,104195,101163,13,2,0,Normal
Loan2871726,Client37732,Nyagatare,2023-03-07,1530000,63973,128981,13,3,0,Normal
Loan2871727,Client45975,Nyanza,2023-03-07,1850000,285788,135574,13,3,0,Normal
Loan2871735,Client188745,Gasabo,2023-03-07,947000,50935,169964,14,3,0,Normal
Loan2871737,Client171680,Rubavu,2023-03-07,1440000,267350,160276,13,3,0,Normal
Loan2871767,Client166037,Rubavu,2023-03-07,1500000,61208,107359,13,2,0,Normal
Loan2871802,Client162168,Nyarugenge,2023-03-07,2590000,101825,228865,14,2,0,Normal
Loan2871808,Client33648,Gasabo,2023-03-07,2310000,299630,179690,13,2,0,Normal
Loan2871943,Client148619,Nyamagabe,2023-03-08,1350000,51914,100515,13,2,0,Normal
Loan2871979,Client188151,Gasabo,2023-03-08,3500000,486831,345850,14,2,0,Normal
Loan2871992,Client123323,Rusizi,2023-03-08,1570000,448732,102545,13,3,0,Normal
Loan2872027,Client66438,Rutsiro,2023-03-08,1570000,693598,110798,13,3,0,Normal
Loan2872034,Client151507,Nyanza,2023-03-08,1590000,29050,92441,13,3,0,Normal
Loan2872069,Client113324,Gasabo,2023-03-08,3500000,1332846,415934,14,3,0,Normal
Loan2872081,Client34276,Gasabo,2023-03-08,3500000,1080008,294882,14,3,0,Normal
Loan2872096,Client88761,Kicukiro,2023-03-08,2790000,305450,240880,13,2,0,Normal
Loan2872106,Client125129,Gasabo,2023-03-08,3000000,512898,234660,13,3,0,Normal
Loan2872108,Client64446,Rubavu,2023-03-08,1570000,63888,122544,13,2,0,Normal
Loan2872117,Client59399,Nyanza,2023-03-08,1760000,240833,135605,13,2,0,Normal
Loan2872131,Client52306,Kicukiro,2023-03-08,2770000,565615,228865,14,2,0,Normal
Loan2872132,Client77722,Rutsiro,2023-03-08,1750000,706951,113648,13,3,0,Normal
Loan2872186,Client161166,Rusizi,2023-03-08,3380000,661230,223389,13,2,0,Normal
Loan2872202,Client29605,Gasabo,2023-03-08,2320000,397247,180345,13,3,0,Normal
Loan2872204,Client170975,Nyagatare,2023-03-08,3420000,644527,218940,13,3,0,Normal
Loan2872215,Client73552,Rubavu,2023-03-08,2450000,63777,224025,14,2,0,Normal
Loan2872221,Client81839,Gasabo,2023-03-08,1740000,647110,113648,13,2,0,Normal
Loan2872225,Client33276,Kicukiro,2023-03-08,2700000,368818,192900,14,2,0,Normal
Loan2872264,Client164822,Rusizi,2023-03-08,3110000,92581,210088,13,3,0,Normal
Loan2872273,Client158150,Ngororero,2023-03-08,1500000,43570,96370,13,2,0,Normal
Loan2872293,Client88829,Kicukiro,2023-03-08,3500000,1812542,306190,13,3,0,Normal
Loan2872326,Client133254,Gasabo,2023-03-08,2930000,687125,196128,13,2,0,Normal
Loan2872375,Client171266,Nyagatare,2023-03-08,1530000,80552,107288,13,3,0,Normal
Loan2872394,Client33717,Nyarugenge,2023-03-08,2250000,424686,151849,13,3,0,Normal
Loan2872424,Client146424,Rusizi,2023-03-08,1555000,126313,102545,13,3,0,Normal
Loan2872447,Client157041,Nyagatare,2023-03-08,1580000,52537,114513,13,3,0,Normal
Loan2872457,Client167174,Nyanza,2023-03-08,1400000,55559,98838,13,3,0,Normal
Loan2872466,Client126420,Nyamagabe,2023-03-08,1540000,207600,120964,13,2,0,Normal
Loan2872473,Client70169,Rubavu,2023-03-08,3060000,548978,201649,13,2,0,Normal
Loan2872480,Client189920,Kicukiro,2023-03-08,3500000,364747,119251,14,2,1,Written off
Loan2872483,Client26171,Rusizi,2023-03-08,1330000,926176,115834,13,2,0,Normal
Loan2872486,Client147056,Rubavu,2023-03-08,1500000,92563,96413,13,3,0,Normal
Loan2872493,Client23357,Rubavu,2023-03-08,1830000,539131,119086,13,3,0,Normal
Loan2872496,Client49164,Nyarugenge,2023-03-08,1570000,688601,79373,13,3,0,Normal
Loan2872513,Client164692,Nyagatare,2023-03-08,580000,323064,228865,14,3,0,Normal
Loan2872514,Client167386,Rubavu,2023-03-08,1570000,59345,110199,13,3,0,Normal
Loan2872526,Client97631,Nyagatare,2023-03-08,3430000,1688343,238366,13,2,0,Normal
Loan2872544,Client155616,Nyagatare,2023-03-08,1530000,57947,98962,13,3,0,Normal
Loan2872546,Client130097,Ngororero,2023-03-08,1400000,67936,103799,13,2,0,Normal
Loan2872550,Client99592,Rubavu,2023-03-08,3400000,1387315,224631,13,2,0,Normal
Loan2872551,Client71506,Rusizi,2023-03-08,800000,299691,136935,13,2,0,Normal
Loan2872558,Client128103,Nyamagabe,2023-03-08,620000,401561,98097,13,2,0,Normal
Loan2872570,Client124225,Nyagatare,2023-03-08,1500000,427742,96112,13,3,0,Normal
Loan2872574,Client60416,Nyagatare,2023-03-08,3420000,127329,270881,13,2,0,Normal
Loan2872582,Client76883,Nyagatare,2023-03-08,3380000,106550,223467,13,2,0,Normal
Loan2872593,Client157359,Nyagatare,2023-03-08,1350000,102808,91362,13,3,0,Normal
Loan2872606,Client165729,Rusizi,2023-03-08,3185000,214879,214832,13,3,0,Normal
Loan2872623,Client150539,Rusizi,2023-03-08,1570000,151128,101120,13,2,0,Normal
Loan2872643,Client64695,Rubavu,2023-03-08,1550000,280561,100013,13,3,0,Normal
Loan2872652,Client154744,Rusizi,2023-03-08,1577000,195190,101638,13,3,0,Normal
Loan2872657,Client91135,Rubavu,2023-03-08,3500000,1387298,285390,13,2,0,Normal
Loan2872664,Client169513,Rubavu,2023-03-08,1570000,48202,105934,13,2,0,Normal
Loan2872810,Client60298,Rutsiro,2023-03-09,1750000,224094,137309,13,3,0,Normal
Loan2872828,Client134960,Gasabo,2023-03-09,1360000,38501,102857,14,3,0,Normal
Loan2872843,Client159234,Kicukiro,2023-03-09,3500000,145207,271381,13,3,0,Normal
Loan2872875,Client142738,Nyamagabe,2023-03-09,2500000,117095,162988,13,3,0,Normal
Loan2872905,Client127108,Rutsiro,2023-03-09,1570000,146827,101543,13,3,0,Normal
Loan2872918,Client45372,Ngororero,2023-03-09,2620000,110527,198219,13,3,0,Normal
Loan2872919,Client18922,Rusizi,2023-03-09,1700000,586628,125185,13,2,0,Normal
Loan2872924,Client170147,Rutsiro,2023-03-09,1570000,58947,101638,13,2,0,Normal
Loan2872925,Client158438,Nyagatare,2023-03-09,1460000,122687,94212,13,2,0,Normal
Loan2872935,Client112989,Nyamagabe,2023-03-09,1650000,182010,128522,13,3,0,Normal
Loan2872961,Client171893,Gasabo,2023-03-09,1930000,-84325,188425,14,3,0,Normal
Loan2872983,Client44216,Kicukiro,2023-03-09,1970000,226080,110000,14,2,0,Normal
Loan2872985,Client12826,Rutsiro,2023-03-09,3000000,1142033,225895,13,2,0,Normal
Loan2873024,Client150853,Rusizi,2023-03-09,1555000,72778,101120,13,3,0,Normal
Loan2873027,Client25257,Nyagatare,2023-03-09,3180000,365481,98962,13,2,0,Normal
Loan2873043,Client150914,Nyanza,2023-03-09,3500000,129074,228890,13,3,0,Normal
Loan2873046,Client171255,Nyagatare,2023-03-09,1530000,76616,116257,13,2,0,Normal
Loan2873066,Client117546,Gasabo,2023-03-09,2600000,432735,233751,14,2,0,Normal
Loan2873078,Client125958,Rubavu,2023-03-09,1570000,194958,101068,13,3,0,Normal
Loan2873082,Client14722,Rubavu,2023-03-09,2560000,509231,168005,13,2,0,Normal
Loan2873086,Client128313,Nyamagabe,2023-03-09,1380000,174317,88149,13,2,0,Normal
Loan2873095,Client167418,Rubavu,2023-03-09,1570000,51766,107834,13,3,0,Normal
Loan2873156,Client14922,Rusizi,2023-03-09,1905000,320975,148114,13,3,0,Normal
Loan2873211,Client131801,Nyamagabe,2023-03-09,2400000,89592,156722,13,2,0,Normal
Loan2873223,Client164408,Ngororero,2023-03-09,2000000,488134,163627,13,2,0,Normal
Loan2873227,Client76012,Rubavu,2023-03-09,2730000,669933,185504,13,3,0,Normal
Loan2873242,Client148615,Nyanza,2023-03-09,1590000,73330,114513,13,3,0,Normal
Loan2873262,Client131923,Nyanza,2023-03-09,1590000,74636,95291,13,3,0,Normal
Loan2873274,Client165323,Rutsiro,2023-03-09,3480000,106715,247005,13,3,0,Normal
Loan2873279,Client160613,Gasabo,2023-03-09,1570000,52642,101395,13,2,0,Normal
Loan2873309,Client154198,Rubavu,2023-03-09,1570000,107571,122544,13,3,0,Normal
Loan2873329,Client166351,Rubavu,2023-03-09,1570000,58179,109875,13,3,0,Normal
Loan2873353,Client170025,Nyagatare,2023-03-09,1530000,174663,113885,13,3,0,Normal
Loan2873358,Client108167,Nyamagabe,2023-03-09,3500000,1561262,249492,13,2,0,Normal
Loan2873377,Client151137,Rubavu,2023-03-09,1570000,127684,122544,13,3,0,Normal
Loan2873387,Client161786,Nyanza,2023-03-09,3060000,108437,228890,13,2,0,Normal
Loan2873388,Client147773,Nyamagabe,2023-03-09,1550000,328152,100515,13,2,0,Normal
Loan2873418,Client86922,Nyarugenge,2023-03-09,3500000,483334,289603,13,2,0,Normal
Loan2873425,Client19118,Nyanza,2023-03-09,1940000,888306,116231,13,2,0,Normal
Loan2873435,Client126154,Rusizi,2023-03-09,795000,125903,241145,13,3,0,Normal
Loan2873476,Client167208,Rusizi,2023-03-09,1350000,98917,101213,13,2,0,Normal
Loan2873648,Client82597,Gasabo,2023-03-10,2790000,317393,208435,14,3,0,Normal
Loan2873709,Client170512,Nyagatare,2023-03-10,1500000,130874,114513,13,3,0,Normal
Loan2873714,Client41238,Nyanza,2023-03-10,3500000,356432,349957,13,3,0,Normal
Loan2873739,Client117876,Nyagatare,2023-03-10,3060000,626139,257186,13,2,0,Normal
Loan2873760,Client164219,Nyagatare,2023-03-10,2700000,307878,160276,13,3,0,Normal
Loan2873776,Client87568,Rusizi,2023-03-10,1590000,634536,102714,13,2,0,Normal
Loan2873777,Client163994,Rutsiro,2023-03-10,2750000,47221,184550,13,2,0,Normal
Loan2873786,Client143716,Rutsiro,2023-03-10,1570000,62937,122389,13,2,0,Normal
Loan2873802,Client18044,Gasabo,2023-03-10,1920000,142300,150328,13,2,0,Normal
Loan2873810,Client61363,Nyagatare,2023-03-10,1000000,62081,108338,13,3,0,Normal
Loan2873814,Client67120,Nyamagabe,2023-03-10,3500000,998303,341384,13,2,0,Normal
Loan2873827,Client168570,Nyanza,2023-03-10,1500000,54244,100041,13,2,0,Normal
Loan2873889,Client171843,Kicukiro,2023-03-10,3500000,653996,249380,13,2,0,Normal
Loan2873924,Client189717,Kicukiro,2023-03-10,2050000,375284,237580,14,2,0,Normal
Loan2873960,Client171303,Nyagatare,2023-03-10,1580000,125174,115938,13,3,0,Normal
Loan2873962,Client121081,Nyamagabe,2023-03-10,1500000,118997,121996,13,3,0,Normal
Loan2873971,Client155527,Nyagatare,2023-03-10,3000000,134473,250805,13,3,0,Normal
Loan2873974,Client100230,Ngororero,2023-03-10,2730000,717954,176763,13,3,0,Normal
Loan2873995,Client158173,Ngororero,2023-03-10,1570000,107930,101120,13,3,0,Normal
Loan2874001,Client97207,Kicukiro,2023-03-10,2850000,321647,205204,14,3,0,Normal
Loan2874003,Client3985,Gasabo,2023-03-10,3500000,473747,258163,13,3,0,Normal
Loan2874030,Client62658,Gasabo,2023-03-10,1920000,417198,125462,13,2,0,Normal
Loan2874042,Client70260,Ngororero,2023-03-10,1700000,146770,108721,13,3,0,Normal
Loan2874051,Client3637,Nyanza,2023-03-10,3500000,389563,328692,13,2,0,Normal
Loan2874060,Client147626,Rubavu,2023-03-10,1570000,326861,101163,13,3,0,Normal
Loan2874081,Client188285,Nyamagabe,2023-03-10,1400000,157735,278417,14,3,0,Normal
Loan2874085,Client95372,Rusizi,2023-03-10,965000,275785,125210,13,2,0,Normal
Loan2874134,Client165707,Rubavu,2023-03-10,1500000,274792,160276,13,2,0,Normal
Loan2874144,Client185801,Nyamagabe,2023-03-10,3500000,571516,195020,14,3,0,Normal
Loan2874148,Client40158,Ngororero,2023-03-10,1830000,731875,141699,13,2,0,Normal
Loan2874153,Client40523,Rubavu,2023-03-10,2010000,214767,155779,13,3,0,Normal
Loan2874185,Client154395,Rubavu,2023-03-10,1570000,129272,101163,13,2,0,Normal
Loan2874196,Client54893,Ngororero,2023-03-10,1740000,122731,160517,13,3,0,Normal
Loan2874203,Client155582,Nyagatare,2023-03-10,3500000,816745,226317,13,2,0,Normal
Loan2874204,Client109312,Gasabo,2023-03-10,3410000,976261,281500,14,2,1,Written off
Loan2874221,Client55569,Rubavu,2023-03-10,1670000,205167,130859,13,2,0,Normal
Loan2874230,Client79005,Rusizi,2023-03-10,3500000,1858428,235605,13,3,0,Normal
Loan2874231,Client170894,Nyagatare,2023-03-10,1530000,82163,99486,13,3,0,Normal
Loan2874249,Client150188,Kicukiro,2023-03-10,2400000,327407,153189,13,3,0,Normal
Loan2874255,Client187762,Nyarugenge,2023-03-10,2460000,380377,228865,14,2,0,Normal
Loan2874258,Client171192,Nyagatare,2023-03-10,3500000,170631,226317,13,3,0,Normal
Loan2874260,Client150166,Nyanza,2023-03-10,1500000,56215,114832,13,2,0,Normal
Loan2874268,Client170835,Nyagatare,2023-03-10,1500000,46688,114832,13,3,0,Normal
Loan2874277,Client188387,Gasabo,2023-03-10,2840000,88382,281500,14,3,1,Written off
Loan2874285,Client91767,Nyanza,2023-03-10,1600000,111299,127530,13,3,0,Normal
Loan2874292,Client49942,Nyagatare,2023-03-10,1700000,120408,140103,13,2,0,Normal
Loan2874318,Client109314,Rusizi,2023-03-10,3500000,238507,250195,13,2,0,Normal
Loan2874325,Client172329,Ngororero,2023-03-10,3500000,667625,160276,13,3,0,Normal
Loan2874331,Client129027,Nyanza,2023-03-10,3050000,126106,237985,13,3,0,Normal
Loan2874341,Client150483,Rusizi,2023-03-10,1455000,34419,93520,13,3,0,Normal
Loan2874348,Client54706,Rusizi,2023-03-10,3500000,455818,275521,13,2,0,Normal
Loan2874376,Client167449,Rusizi,2023-03-10,1590000,54187,106438,13,3,0,Normal
Loan2874393,Client127358,Rusizi,2023-03-10,1520000,180950,119539,13,2,0,Normal
Loan2874478,Client30692,Nyanza,2023-03-11,2140000,1051635,164339,13,2,0,Normal
Loan2874483,Client112890,Nyanza,2023-03-11,3500000,221869,262656,13,2,0,Normal
Loan2874583,Client167190,Nyanza,2023-03-11,2800000,149465,203791,13,3,0,Normal
Loan2874601,Client100051,Nyanza,2023-03-11,3500000,1509731,259220,13,3,0,Normal
Loan2874618,Client27426,Rubavu,2023-03-11,2238000,2306564,308133,13,2,0,Normal
Loan2874978,Client127015,Rutsiro,2023-03-13,3480000,1007915,234065,13,2,0,Normal
Loan2875009,Client134276,Gasabo,2023-03-13,3000000,540503,250805,13,2,0,Normal
Loan2875013,Client7717,Rubavu,2023-03-13,2120000,175937,155637,13,2,0,Normal
Loan2875064,Client18813,Gasabo,2023-03-13,1920000,171206,143379,13,3,0,Normal
Loan2875070,Client131941,Kicukiro,2023-03-13,2750000,221282,228865,14,3,0,Normal
Loan2875075,Client18840,Kicukiro,2023-03-13,1780000,317958,139878,13,2,0,Normal
Loan2875081,Client159403,Kicukiro,2023-03-13,2000000,654957,121996,13,3,0,Normal
Loan2875082,Client62852,Gasabo,2023-03-13,1840000,44503,143933,13,3,0,Normal
Loan2875102,Client11768,Kicukiro,2023-03-13,2120000,1042507,139685,13,2,0,Normal
Loan2875105,Client131869,Rutsiro,2023-03-13,1570000,77637,101543,13,3,0,Normal
Loan2875137,Client158519,Gasabo,2023-03-13,3070000,679744,208884,13,3,0,Normal
Loan2875142,Client49664,Ngororero,2023-03-13,1550000,40187,109556,14,2,0,Normal
Loan2875151,Client75310,Nyamagabe,2023-03-13,3500000,350921,235986,13,2,0,Normal
Loan2875169,Client188252,Kicukiro,2023-03-13,2120000,259180,145400,14,2,0,Normal
Loan2875212,Client188913,Gasabo,2023-03-13,2000000,465052,285536,13,2,0,Normal
Loan2875217,Client25246,Nyagatare,2023-03-13,2680000,590695,197541,13,3,0,Normal
Loan2875227,Client125238,Nyagatare,2023-03-13,2680000,75511,175915,13,2,0,Normal
Loan2875228,Client88915,Rutsiro,2023-03-13,3500000,1883364,295227,13,3,0,Normal
Loan2875233,Client121872,Kicukiro,2023-03-13,1485000,595731,96112,13,3,0,Normal
Loan2875237,Client130,Nyagatare,2023-03-13,2970000,936091,206000,13,3,0,Normal
Loan2875249,Client12766,Nyamagabe,2023-03-13,1900000,160774,147953,13,2,0,Normal
Loan2875272,Client166354,Rubavu,2023-03-13,1430000,272219,96413,13,3,0,Normal
Loan2875294,Client124493,Rutsiro,2023-03-13,1500000,211304,96793,13,3,0,Normal
Loan2875307,Client188358,Nyarugenge,2023-03-13,3500000,201277,281500,14,3,1,Written off
Loan2875318,Client143522,Rutsiro,2023-03-13,1430000,300745,96888,13,3,0,Normal
Loan2875320,Client28496,Nyamagabe,2023-03-13,2100000,110526,159962,13,3,0,Normal
Loan2875351,Client37208,Gasabo,2023-03-13,2790000,1124111,200864,13,3,0,Normal
Loan2875373,Client166125,Nyamagabe,2023-03-13,2650000,273181,192374,13,2,0,Normal
Loan2875392,Client133499,Nyamagabe,2023-03-13,1520000,79560,97665,13,2,0,Normal
Loan2875419,Client64259,Nyarugenge,2023-03-13,3500000,1167274,375196,13,2,0,Normal
Loan2875431,Client189714,Kicukiro,2023-03-13,1370000,91792,133433,14,3,0,Normal
Loan2875456,Client65595,Rubavu,2023-03-13,1995000,218159,180476,13,2,0,Normal
Loan2875511,Client175244,Kicukiro,2023-03-14,1300000,1274240,234065,14,3,1,Written off
Loan2875534,Client147485,Rubavu,2023-03-14,800000,108628,122544,13,3,0,Normal
Loan2875604,Client110392,Nyagatare,2023-03-14,1630000,160851,114832,13,3,0,Normal
Loan2875608,Client41600,Nyarugenge,2023-03-14,1700000,185999,133837,13,2,0,Normal
Loan2875660,Client125047,Nyagatare,2023-03-14,1560000,287990,100881,13,3,0,Normal
Loan2875701,Client104157,Nyarugenge,2023-03-14,3120000,217752,235826,13,2,0,Normal
Loan2875729,Client133532,Nyamagabe,2023-03-14,1550000,184653,121196,13,3,0,Normal
Loan2875736,Client148109,Rubavu,2023-03-14,1500000,28622,101184,13,2,0,Normal
Loan2875744,Client75272,Kicukiro,2023-03-14,3500000,475813,277005,14,3,0,Normal
Loan2875748,Client38589,Rutsiro,2023-03-14,3500000,1665445,234978,13,2,0,Normal
Loan2875749,Client188827,Gasabo,2023-03-14,3500000,764970,151849,14,3,1,Written off
Loan2875755,Client21056,Nyarugenge,2023-03-14,2150000,217552,21056,14,2,0,Normal
Loan2875759,Client68681,Gasabo,2023-03-14,3500000,374624,448537,14,3,0,Normal
Loan2875774,Client2296,Rubavu,2023-03-14,2010000,116042,155779,13,2,0,Normal
Loan2875786,Client89116,Nyamagabe,2023-03-14,3500000,1244787,267439,13,3,0,Normal
Loan2875791,Client133511,Nyamagabe,2023-03-14,800000,198060,100040,13,2,0,Normal
Loan2875796,Client125515,Kicukiro,2023-03-14,2680000,139976,251833,14,2,0,Normal
Loan2875798,Client1564,Nyanza,2023-03-14,2020000,171395,153325,13,3,0,Normal
Loan2875872,Client43630,Kicukiro,2023-03-14,2700000,505384,204759,14,3,0,Normal
Loan2875887,Client24399,Nyanza,2023-03-14,1850000,444828,328345,13,2,0,Normal
Loan2875941,Client189778,Gasabo,2023-03-14,800000,266019,228865,14,3,0,Normal
Loan2875944,Client144397,Rubavu,2023-03-14,1570000,97098,123019,13,3,0,Normal
Loan2875953,Client143609,Rubavu,2023-03-14,1500000,104086,196557,13,3,0,Normal
Loan2875960,Client107745,Kicukiro,2023-03-14,3500000,545337,360100,14,2,1,Written off
Loan2876042,Client36879,Ngororero,2023-03-15,2740000,155440,194469,13,2,0,Normal
Loan2876069,Client60811,Ngororero,2023-03-15,3500000,341333,224609,13,2,0,Normal
Loan2876073,Client109192,Kicukiro,2023-03-15,3500000,634197,197966,13,2,0,Normal
Loan2876077,Client140261,Nyamagabe,2023-03-15,1280000,255998,80565,13,3,0,Normal
Loan2876091,Client133659,Nyagatare,2023-03-15,3400000,150374,237985,13,3,0,Normal
Loan2876112,Client156985,Nyagatare,2023-03-15,1600000,53037,108338,13,3,0,Normal
Loan2876120,Client135287,Ngororero,2023-03-15,500000,52293,103844,13,2,0,Normal
Loan2876149,Client147174,Rubavu,2023-03-15,1570000,327090,101163,13,3,0,Normal
Loan2876177,Client34298,Nyarugenge,2023-03-15,2620000,312110,209059,14,2,0,Normal
Loan2876191,Client65704,Rutsiro,2023-03-15,3500000,1356290,263203,13,2,0,Normal
Loan2876221,Client160145,Rutsiro,2023-03-15,1400000,45923,107000,13,3,0,Normal
Loan2876224,Client133682,Nyagatare,2023-03-15,3500000,87411,268111,13,3,0,Normal
Loan2876231,Client120240,Kicukiro,2023-03-15,3500000,2772931,228865,14,3,0,Normal
Loan2876232,Client169370,Nyagatare,2023-03-15,1580000,34195,113885,13,3,0,Normal
Loan2876252,Client157326,Nyagatare,2023-03-15,1580000,137748,98962,13,3,0,Normal
Loan2876275,Client146951,Rutsiro,2023-03-15,1570000,137906,101638,13,3,0,Normal
Loan2876282,Client78683,Nyagatare,2023-03-15,2970000,1131364,231517,13,2,0,Normal
Loan2876305,Client58945,Nyanza,2023-03-15,1860000,214384,149287,13,2,0,Normal
Loan2876310,Client170772,Rubavu,2023-03-15,1500000,123613,95513,13,2,0,Normal
Loan2876315,Client122748,Nyagatare,2023-03-15,1580000,74307,160307,13,3,0,Normal
Loan2876317,Client147398,Rubavu,2023-03-15,1460000,56685,123019,13,3,0,Normal
Loan2876318,Client33432,Nyarugenge,2023-03-15,1840000,534534,119766,13,2,0,Normal
Loan2876319,Client66265,Nyanza,2023-03-15,1750000,146239,135605,13,2,0,Normal
Loan2876320,Client88103,Kicukiro,2023-03-15,3300000,1429463,292510,13,2,0,Normal
Loan2876336,Client155307,Nyagatare,2023-03-15,1580000,99371,98962,13,3,0,Normal
Loan2876340,Client24356,Ngororero,2023-03-15,3000000,8095,212261,13,3,0,Normal
Loan2876343,Client131921,Nyanza,2023-03-15,1590000,116322,100041,13,3,0,Normal
Loan2876349,Client121011,Nyamagabe,2023-03-15,1650000,513612,106349,13,3,0,Normal
Loan2876356,Client47013,Ngororero,2023-03-15,3500000,426804,362152,13,3,0,Normal
Loan2876368,Client160305,Rutsiro,2023-03-15,1600000,84499,103063,13,2,0,Normal
Loan2876370,Client67103,Nyamagabe,2023-03-15,1740000,236422,249380,13,2,0,Normal
Loan2876407,Client64182,Rusizi,2023-03-15,1830000,738083,119251,13,2,0,Normal
Loan2876412,Client132730,Rutsiro,2023-03-15,3270000,17,131178,13,3,1,Written off
Loan2876417,Client188240,Kicukiro,2023-03-15,2010000,173267,285561,14,3,0,Normal
Loan2876418,Client171441,Rusizi,2023-03-15,3500000,84625,249265,13,3,0,Normal
Loan2876429,Client61678,Gasabo,2023-03-15,2690000,825852,196369,13,3,0,Normal
Loan2876443,Client61668,Nyagatare,2023-03-15,2630000,950687,197781,13,2,0,Normal
Loan2876445,Client188244,Kicukiro,2023-03-15,1670000,59878,143878,14,3,0,Normal
Loan2876488,Client159292,Nyarugenge,2023-03-15,1650000,201277,228865,14,3,0,Normal
Loan2876496,Client23127,Nyanza,2023-03-15,1940000,605065,123831,13,3,0,Normal
Loan2876515,Client165703,Nyanza,2023-03-15,1590000,274917,104339,13,3,0,Normal
Loan2876527,Client59456,Ngororero,2023-03-15,3070000,236746,240255,13,3,0,Normal
Loan2876539,Client159030,Kicukiro,2023-03-15,1420000,183731,103063,13,3,0,Normal
Loan2876544,Client163454,Ngororero,2023-03-15,1570000,114500,101234,13,3,0,Normal
Loan2876556,Client12404,Rusizi,2023-03-15,2015000,186184,157600,13,2,0,Normal
Loan2876561,Client169168,Nyagatare,2023-03-15,1500000,260318,107288,13,3,0,Normal
Loan2876591,Client10931,Ngororero,2023-03-15,2120000,883391,136033,13,2,0,Normal
Loan2876593,Client18747,Rubavu,2023-03-15,2600000,323652,195714,13,3,0,Normal
Loan2876609,Client145202,Rubavu,2023-03-15,1570000,35167,101163,13,3,0,Normal
Loan2876625,Client128154,Nyamagabe,2023-03-15,1560000,178056,99997,13,3,0,Normal
Loan2876635,Client91112,Rubavu,2023-03-15,1500000,162713,120494,13,2,0,Normal
Loan2876640,Client27870,Nyagatare,2023-03-15,2670000,711184,129715,13,3,0,Normal
Loan2876647,Client105487,Nyagatare,2023-03-15,1860000,335133,115222,13,2,0,Normal
Loan2876648,Client143213,Rubavu,2023-03-15,1570000,51858,101163,13,2,0,Normal
Loan2876654,Client112873,Rusizi,2023-03-15,1180000,345600,107554,13,2,0,Normal
Loan2876655,Client171343,Nyagatare,2023-03-15,3280000,149912,229336,13,3,0,Normal
Loan2876683,Client151133,Rusizi,2023-03-15,2700000,113046,214297,13,3,0,Normal
Loan2876688,Client178941,Rusizi,2023-03-15,2230000,65051,150327,13,2,0,Normal
Loan2876734,Client170798,Nyagatare,2023-03-16,1580000,116552,113885,13,3,0,Normal
Loan2876775,Client127096,Rubavu,2023-03-16,1575000,69614,123019,13,2,0,Normal
Loan2876785,Client71480,Rubavu,2023-03-16,3410000,199703,225420,13,3,0,Normal
Loan2876797,Client96014,Nyagatare,2023-03-16,3500000,280675,316317,14,3,0,Normal
Loan2876849,Client2849,Rutsiro,2023-03-16,2750000,851400,316272,13,3,0,Normal
Loan2876869,Client22739,Ngororero,2023-03-16,3420000,829665,287040,13,2,0,Normal
Loan2876877,Client62888,Kicukiro,2023-03-16,2690000,21283,244990,13,2,0,Normal
Loan2876884,Client167610,Rubavu,2023-03-16,1570000,132049,95513,13,2,0,Normal
Loan2876925,Client80880,Rutsiro,2023-03-16,3270000,478376,234180,13,3,0,Normal
Loan2876951,Client154245,Gasabo,2023-03-16,1450000,102171,93943,13,2,0,Normal
Loan2876959,Client22278,Nyamagabe,2023-03-16,2700000,837889,177109,13,3,0,Normal
Loan2876974,Client7560,Ngororero,2023-03-16,2060000,1013516,133183,13,3,0,Normal
Loan2876991,Client141958,Ngororero,2023-03-16,1450000,208041,118539,13,2,0,Normal
Loan2877011,Client143565,Rutsiro,2023-03-16,1570000,75165,103063,13,3,0,Normal
Loan2877017,Client161905,Nyanza,2023-03-16,3500000,195056,249380,13,2,0,Normal
Loan2877026,Client164044,Nyanza,2023-03-16,3080000,272970,166480,13,2,0,Normal
Loan2877033,Client125093,Nyanza,2023-03-16,1590000,107837,100041,13,2,0,Normal
Loan2877041,Client118266,Rubavu,2023-03-16,3500000,652444,252603,13,2,0,Normal
Loan2877043,Client59756,Rutsiro,2023-03-16,1750000,77926,136834,13,2,0,Normal
Loan2877056,Client87008,Rubavu,2023-03-16,1605000,90657,122997,13,3,0,Normal
Loan2877067,Client53897,Rubavu,2023-03-16,1605000,153950,126048,13,3,0,Normal
Loan2877070,Client1657,Rubavu,2023-03-16,2400000,59728,97877,13,1,0,Normal
Loan2877074,Client52533,Rubavu,2023-03-16,1700000,311713,110323,13,2,0,Normal
Loan2877123,Client80011,Nyamagabe,2023-03-16,2650000,705326,197682,13,2,0,Normal
Loan2877138,Client169511,Rubavu,2023-03-16,1570000,232425,107359,13,3,0,Normal
Loan2877144,Client89874,Rusizi,2023-03-16,3500000,193252,231464,13,3,0,Normal
Loan2877147,Client86867,Nyanza,2023-03-16,3500000,991130,301172,13,2,0,Normal
Loan2877152,Client70229,Ngororero,2023-03-16,1630000,119046,129910,13,2,0,Normal
Loan2877154,Client167404,Kicukiro,2023-03-16,1500000,114198,108657,13,2,0,Normal
Loan2877188,Client171250,Nyagatare,2023-03-16,1530000,51773,99688,13,2,0,Normal
Loan2877192,Client154410,Rusizi,2023-03-16,1575000,110210,101638,13,2,0,Normal
Loan2877201,Client123861,Rusizi,2023-03-16,2740000,368502,180225,13,2,0,Normal
Loan2877211,Client48906,Nyanza,2023-03-16,1770000,551802,111947,13,3,0,Normal
Loan2877212,Client33577,Gasabo,2023-03-16,1790000,608364,125656,13,3,0,Normal
Loan2877215,Client145283,Nyamagabe,2023-03-16,1500000,230681,199962,13,3,0,Normal
Loan2877263,Client13026,Nyamagabe,2023-03-16,2170000,211275,149380,13,2,0,Normal
Loan2877266,Client85628,Nyanza,2023-03-16,1760000,219017,132755,13,3,0,Normal
Loan2877276,Client166117,Rusizi,2023-03-16,1200000,281099,160276,13,3,0,Normal
Loan2877278,Client158011,Ngororero,2023-03-16,1570000,222755,113832,13,2,0,Normal
Loan2877285,Client117204,Gasabo,2023-03-16,1660000,171093,108009,13,3,0,Normal
Loan2877291,Client48050,Nyamagabe,2023-03-16,1600000,189246,108087,13,2,0,Normal
Loan2877295,Client146700,Rubavu,2023-03-16,1570000,218085,101163,13,2,0,Normal
Loan2877298,Client47262,Gasabo,2023-03-16,1640000,111256,130435,13,2,0,Normal
Loan2877333,Client120600,Rubavu,2023-03-16,3420000,816487,226370,13,2,0,Normal
Loan2877347,Client167533,Rubavu,2023-03-16,1500000,104312,110000,13,3,0,Normal
Loan2877353,Client160269,Rubavu,2023-03-16,1575000,92452,115424,13,2,0,Normal
Loan2877496,Client69672,Rubavu,2023-03-17,1845000,183919,119766,13,4,0,Normal
Loan2877528,Client82927,Gasabo,2023-03-17,1600000,93731,137560,13,2,0,Normal
Loan2877553,Client124011,Nyagatare,2023-03-17,2760000,418818,175915,13,3,0,Normal
Loan2877554,Client143364,Rutsiro,2023-03-17,1390000,95117,103063,13,3,0,Normal
Loan2877557,Client80229,Rubavu,2023-03-17,3500000,667337,96828,14,3,0,Normal
Loan2877560,Client172142,Rutsiro,2023-03-17,2500000,481205,230740,13,2,0,Normal
Loan2877584,Client65890,Rubavu,2023-03-17,3500000,1518209,277371,13,2,0,Normal
Loan2877593,Client87638,Rusizi,2023-03-17,3500000,1001421,231464,13,3,0,Normal
Loan2877597,Client175219,Gasabo,2023-03-17,1380000,102652,104207,14,2,0,Normal
Loan2877610,Client108309,Rutsiro,2023-03-17,1650000,404646,108009,13,2,0,Normal
Loan2877615,Client127089,Rusizi,2023-03-17,1560000,70689,116214,13,3,0,Normal
Loan2877626,Client187664,Nyagatare,2023-03-17,1470000,217752,94153,14,3,0,Normal
Loan2877634,Client88849,Nyagatare,2023-03-17,3500000,1029614,268279,13,2,0,Normal
Loan2877644,Client125595,Nyagatare,2023-03-17,1530000,220923,98962,13,3,0,Normal
Loan2877674,Client69802,Rusizi,2023-03-17,3500000,344963,241170,13,3,0,Normal
Loan2877682,Client31499,Nyagatare,2023-03-17,950000,114085,168398,13,2,0,Normal
Loan2877695,Client112952,Nyamagabe,2023-03-17,2800000,963337,253812,13,3,0,Normal
Loan2877696,Client23350,Rubavu,2023-03-17,1850000,332497,144117,13,2,0,Normal
Loan2877703,Client11026,Rutsiro,2023-03-17,1950000,103542,149007,13,2,0,Normal
Loan2877704,Client121853,Rubavu,2023-03-17,3370000,309293,281500,14,2,1,Written off
Loan2877713,Client11426,Rubavu,2023-03-17,2200000,497703,213519,13,2,0,Normal
Loan2877730,Client121017,Nyamagabe,2023-03-17,3050000,1136861,199446,13,2,0,Normal
Loan2877738,Client143458,Rubavu,2023-03-17,1570000,326948,101163,13,2,0,Normal
Loan2877749,Client155318,Nyagatare,2023-03-17,1530000,195977,94212,13,2,0,Normal
Loan2877767,Client139913,Rubavu,2023-03-17,1570000,214767,155779,13,2,0,Normal
Loan2877775,Client140250,Nyamagabe,2023-03-17,1430000,39934,122621,13,3,0,Normal
Loan2877779,Client117945,Rusizi,2023-03-17,1665000,419456,107554,13,3,0,Normal
Loan2877848,Client73752,Nyamagabe,2023-03-17,3400000,1131991,230423,13,2,0,Normal
Loan2877850,Client45254,Rutsiro,2023-03-17,2500000,763769,165332,13,2,0,Normal
Loan2877863,Client148378,Nyanza,2023-03-17,1590000,108964,100041,13,3,0,Normal
Loan2877870,Client149760,Nyanza,2023-03-17,1500000,266762,114832,13,2,0,Normal
Loan2877872,Client149801,Nyanza,2023-03-17,1470000,81815,92441,13,2,0,Normal
Loan2877873,Client144476,Rutsiro,2023-03-17,1570000,30023,114038,13,3,0,Normal
Loan2877883,Client188425,Rutsiro,2023-03-17,3500000,83799,231170,13,2,0,Normal
Loan2877918,Client165845,Kicukiro,2023-03-17,1500000,53273,110082,13,3,0,Normal
Loan2877923,Client188697,Kicukiro,2023-03-17,1360000,88720,228865,14,3,0,Normal
Loan2877930,Client166538,Rusizi,2023-03-17,1500000,110825,96895,13,3,0,Normal
Loan2877949,Client170782,Rutsiro,2023-03-17,3450000,603952,211645,13,2,0,Normal
Loan2877950,Client140472,Rubavu,2023-03-17,1100000,195887,101163,13,3,0,Normal
Loan2877972,Client133811,Rubavu,2023-03-17,1790000,467040,122544,14,2,0,Normal
Loan2877979,Client64805,Rusizi,2023-03-17,3500000,485526,239170,13,2,0,Normal
Loan2877995,Client37166,Rusizi,2023-03-17,1800000,897137,153535,13,2,0,Normal
Loan2877997,Client149354,Rusizi,2023-03-17,1570000,325769,106714,13,3,0,Normal
Loan2878001,Client134157,Rusizi,2023-03-17,1575000,362823,101638,13,3,0,Normal
Loan2878002,Client79049,Rusizi,2023-03-17,2500000,607585,253045,14,3,0,Normal
Loan2878006,Client162038,Rusizi,2023-03-17,1570000,151018,100220,13,3,0,Normal
Loan2878395,Client63950,Rusizi,2023-03-20,735000,320194,113164,13,2,0,Normal
Loan2878404,Client126682,Rusizi,2023-03-20,3500000,461459,231464,13,3,0,Normal
Loan2878427,Client131852,Rubavu,2023-03-20,1500000,234297,114944,13,2,0,Normal
Loan2878436,Client132524,Gasabo,2023-03-20,3500000,786521,302908,14,2,0,Normal
Loan2878443,Client160152,Rutsiro,2023-03-20,2730000,215107,186992,13,3,0,Normal
Loan2878470,Client34831,Gasabo,2023-03-20,2310000,804661,201624,13,2,0,Normal
Loan2878503,Client166991,Rusizi,2023-03-20,1570000,108127,115938,13,2,0,Normal
Loan2878518,Client158302,Ngororero,2023-03-20,1570000,75714,102545,13,2,0,Normal
Loan2878520,Client17794,Rusizi,2023-03-20,1850000,233540,192839,13,3,0,Normal
Loan2878542,Client175124,Nyagatare,2023-03-20,3500000,268517,249000,13,2,0,Normal
Loan2878558,Client96662,Nyagatare,2023-03-20,1700000,648709,137030,13,3,0,Normal
Loan2878565,Client150000,Rusizi,2023-03-20,1500000,239259,102545,13,2,0,Normal
Loan2878567,Client41582,Nyarugenge,2023-03-20,1730000,568293,112166,13,2,0,Normal
Loan2878573,Client42423,Ngororero,2023-03-20,2000000,826301,224339,13,3,0,Normal
Loan2878577,Client42775,Gasabo,2023-03-20,3500000,289455,714716,14,3,0,Normal
Loan2878578,Client82332,Rusizi,2023-03-20,1595000,401647,102804,13,3,0,Normal
Loan2878584,Client172427,Ngororero,2023-03-20,1500000,190101,114100,13,3,0,Normal
Loan2878600,Client127474,Kicukiro,2023-03-20,2000000,491107,228865,14,3,0,Normal
Loan2878611,Client171345,Nyagatare,2023-03-20,1500000,31411,114513,13,3,0,Normal
Loan2878613,Client51438,Nyarugenge,2023-03-20,1580000,182416,107589,13,2,0,Normal
Loan2878619,Client123034,Kicukiro,2023-03-20,2660000,44181,215845,14,3,0,Normal
Loan2878626,Client121624,Nyanza,2023-03-20,3500000,1083715,229840,13,3,0,Normal
Loan2878638,Client109641,Rusizi,2023-03-20,1550000,433199,104704,13,3,0,Normal
Loan2878655,Client142855,Kicukiro,2023-03-20,2860000,516243,160276,13,2,0,Normal
Loan2878681,Client108141,Nyamagabe,2023-03-20,1660000,86721,114072,13,2,0,Normal
Loan2878694,Client104592,Nyagatare,2023-03-20,3500000,1758846,414135,14,3,0,Normal
Loan2878695,Client23119,Nyanza,2023-03-20,1810000,421679,141086,13,2,0,Normal
Loan2878716,Client165747,Rusizi,2023-03-20,1575000,113697,115437,13,2,0,Normal
Loan2878741,Client175849,Kicukiro,2023-03-20,900000,170450,228865,14,2,0,Normal
Loan2878747,Client186388,Rutsiro,2023-03-20,3400000,247993,229761,13,2,0,Normal
Loan2878758,Client82060,Gasabo,2023-03-20,1740000,175265,137560,13,3,0,Normal
Loan2878764,Client172536,Nyagatare,2023-03-20,1580000,54201,114513,13,3,0,Normal
Loan2878769,Client88388,Kicukiro,2023-03-20,1740000,568612,113743,13,3,0,Normal
Loan2878785,Client28441,Nyamagabe,2023-03-20,1970000,100318,137281,13,2,0,Normal
Loan2878797,Client165634,Nyanza,2023-03-20,1590000,41473,114513,13,2,0,Normal
Loan2878811,Client96815,Nyanza,2023-03-20,1760000,180932,124815,13,3,0,Normal
Loan2878814,Client15559,Rubavu,2023-03-20,1920000,97423,126450,13,2,0,Normal
Loan2878827,Client149044,Rusizi,2023-03-20,1500000,147728,138260,13,3,0,Normal
Loan2878843,Client132099,Kicukiro,2023-03-20,3060000,391315,237035,13,3,0,Normal
Loan2878861,Client121795,Rusizi,2023-03-20,3425000,236918,226239,13,3,0,Normal
Loan2878874,Client187068,Gasabo,2023-03-20,2020000,380377,228865,14,2,0,Normal
Loan2878889,Client172307,Nyagatare,2023-03-20,1580000,55804,106900,13,3,0,Normal
Loan2878896,Client50971,Nyagatare,2023-03-20,1720000,724583,107405,13,2,0,Normal
Loan2878900,Client25392,Rusizi,2023-03-20,1830000,512999,119251,13,2,0,Normal
Loan2878905,Client122112,Gasabo,2023-03-20,2240000,380377,228865,14,2,0,Normal
Loan2878916,Client4515,Nyanza,2023-03-20,2500000,1263436,192548,13,3,0,Normal
Loan2878929,Client154816,Rusizi,2023-03-20,3000000,272460,272760,13,2,0,Normal
Loan2878941,Client95389,Rusizi,2023-03-20,3500000,507800,294377,13,3,0,Normal
Loan2879073,Client27908,Nyagatare,2023-03-21,2800000,568940,218204,13,2,0,Normal
Loan2879084,Client25139,Rusizi,2023-03-21,3500000,743663,286850,13,2,0,Normal
Loan2879089,Client123087,Rutsiro,2023-03-21,1570000,633683,101543,13,2,0,Normal
Loan2879093,Client4538,Nyanza,2023-03-21,1500000,544412,133430,13,2,0,Normal
Loan2879099,Client54138,Rutsiro,2023-03-21,3480000,223315,250330,13,3,0,Normal
Loan2879115,Client51178,Nyamagabe,2023-03-21,2700000,573560,175847,13,2,0,Normal
Loan2879125,Client148460,Nyanza,2023-03-21,1590000,293625,115938,13,2,0,Normal
Loan2879127,Client63362,Rutsiro,2023-03-21,1750000,202580,135823,13,2,0,Normal
Loan2879151,Client150371,Rusizi,2023-03-21,1570000,325060,121914,13,2,0,Normal
Loan2879166,Client158276,Ngororero,2023-03-21,1500000,65524,96370,13,3,0,Normal
Loan2879176,Client110374,Nyagatare,2023-03-21,2540000,746777,245016,13,3,0,Normal
Loan2879177,Client119615,Rubavu,2023-03-21,1300000,96555,128917,13,3,0,Normal
Loan2879209,Client76791,Nyanza,2023-03-21,3200000,481722,240880,13,2,0,Normal
Loan2879220,Client167743,Rusizi,2023-03-21,1455000,68141,108338,13,3,0,Normal
Loan2879225,Client38888,Gasabo,2023-03-21,2730000,704563,180700,13,2,0,Normal
Loan2879244,Client172394,Ngororero,2023-03-21,1570000,75999,102163,13,3,0,Normal
Loan2879253,Client154534,Rusizi,2023-03-21,1570000,104749,122389,13,2,0,Normal
Loan2879263,Client157975,Ngororero,2023-03-21,1500000,88114,96370,13,2,0,Normal
Loan2879277,Client132861,Kicukiro,2023-03-21,3500000,901750,228270,13,3,0,Normal
Loan2879279,Client51280,Ngororero,2023-03-21,1740000,258344,130385,13,2,0,Normal
Loan2879281,Client88946,Rutsiro,2023-03-21,2700000,301852,196748,13,2,0,Normal
Loan2879284,Client92556,Nyagatare,2023-03-21,2720000,161401,249265,13,2,0,Normal
Loan2879286,Client166989,Rusizi,2023-03-21,1500000,70066,115938,13,3,0,Normal
Loan2879298,Client28242,Kicukiro,2023-03-21,2560000,363663,174388,13,2,0,Normal
Loan2879302,Client169829,Rutsiro,2023-03-21,1600000,285279,105000,13,2,0,Normal
Loan2879306,Client171990,Nyagatare,2023-03-21,1390000,263932,105013,13,2,0,Normal
Loan2879311,Client88755,Nyamagabe,2023-03-21,2640000,252069,213805,13,3,0,Normal
Loan2879328,Client144216,Rutsiro,2023-03-21,1570000,58272,123019,13,2,0,Normal
Loan2879330,Client172462,Ngororero,2023-03-21,650000,114735,114100,13,2,0,Normal
Loan2879338,Client124211,Gasabo,2023-03-21,2070000,20829,251958,14,3,0,Normal
Loan2879345,Client2456,Rubavu,2023-03-21,1890000,201126,184416,13,2,0,Normal
Loan2879353,Client110752,Nyagatare,2023-03-21,2680000,205610,214261,13,2,0,Normal
Loan2879368,Client25542,Nyamagabe,2023-03-21,3480000,332423,228194,13,2,0,Normal
Loan2879373,Client158022,Nyagatare,2023-03-21,1580000,24251,107389,13,3,0,Normal
Loan2879384,Client188238,Kicukiro,2023-03-21,1870000,59075,141867,14,2,0,Normal
Loan2879390,Client188678,Nyanza,2023-03-21,1000000,100702,134519,14,3,0,Normal
Loan2879398,Client151666,Nyanza,2023-03-21,1430000,104904,104063,13,3,0,Normal
Loan2879407,Client40711,Nyamagabe,2023-03-21,1800000,830751,141558,13,3,0,Normal
Loan2879424,Client108970,Nyanza,2023-03-21,1600000,184150,101497,13,2,0,Normal
Loan2879428,Client188241,Kicukiro,2023-03-21,2290000,85288,168698,14,3,0,Normal
Loan2879432,Client166954,Rusizi,2023-03-21,3500000,654452,250804,13,3,0,Normal
Loan2879438,Client78647,Nyagatare,2023-03-21,1700000,164717,135635,13,2,0,Normal
Loan2879455,Client23701,Kicukiro,2023-03-21,3500000,51020,129010,14,2,1,Written off
Loan2879478,Client158074,Nyagatare,2023-03-21,1440000,85755,107885,13,3,0,Normal
Loan2879490,Client12932,Rusizi,2023-03-21,1840000,479005,142699,13,3,0,Normal
Loan2879765,Client164783,Kicukiro,2023-03-22,3200000,67886,304334,13,3,0,Normal
Loan2879775,Client86516,Nyarugenge,2023-03-22,2650000,52100,198705,13,2,0,Normal
Loan2879815,Client3213,Rutsiro,2023-03-22,1930000,329494,125730,13,2,0,Normal
Loan2879818,Client67437,Nyanza,2023-03-22,3350000,1252216,239778,13,3,0,Normal
Loan2879828,Client105508,Nyagatare,2023-03-22,1680000,96837,133086,13,2,0,Normal
Loan2879834,Client18011,Nyagatare,2023-03-22,2140000,1043827,152977,13,3,0,Normal
Loan2879838,Client151749,Nyanza,2023-03-22,2430000,551789,113506,13,3,0,Normal
Loan2879849,Client148678,Nyanza,2023-03-22,1520000,143415,114750,13,3,0,Normal
Loan2879851,Client168322,Nyamagabe,2023-03-22,1560000,150698,100224,13,2,0,Normal
Loan2879876,Client172340,Ngororero,2023-03-22,2200000,645610,247645,13,3,0,Normal
Loan2879885,Client156654,Gasabo,2023-03-22,1570000,111994,101395,13,3,0,Normal
Loan2879890,Client135189,Gasabo,2023-03-22,3500000,257657,272806,13,2,0,Normal
Loan2879899,Client178489,Rutsiro,2023-03-22,2530000,217318,286036,14,3,0,Normal
Loan2879909,Client111198,Rusizi,2023-03-22,3500000,245910,288683,13,2,0,Normal
Loan2879916,Client138598,Kicukiro,2023-03-22,3070000,187606,205317,13,3,0,Normal
Loan2879931,Client18878,Nyanza,2023-03-22,1940000,457910,149287,13,2,0,Normal
Loan2879934,Client24494,Nyarugenge,2023-03-22,1845000,801387,119766,13,3,0,Normal
Loan2879937,Client144499,Rubavu,2023-03-22,1570000,127124,101163,13,2,0,Normal
Loan2879944,Client162008,Nyanza,2023-03-22,3380000,265463,219390,13,3,0,Normal
Loan2879952,Client2640,Rubavu,2023-03-22,3500000,1893144,259706,13,2,0,Normal
Loan2879955,Client150904,Nyanza,2023-03-22,2430000,584074,113506,13,2,0,Normal
Loan2879962,Client149057,Nyagatare,2023-03-22,1580000,285373,101120,13,2,0,Normal
Loan2879966,Client168185,Nyanza,2023-03-22,1510000,164189,111188,13,3,0,Normal
Loan2879980,Client97620,Rusizi,2023-03-22,1705000,119606,130605,13,2,0,Normal
Loan2879986,Client160456,Rutsiro,2023-03-22,1600000,149737,114513,13,3,0,Normal
Loan2879988,Client174006,Nyanza,2023-03-22,1520000,58364,94952,13,3,0,Normal
Loan2880017,Client171339,Nyagatare,2023-03-22,2690000,82862,191792,13,3,0,Normal
Loan2880040,Client52526,Nyagatare,2023-03-22,3380000,208709,264303,13,2,0,Normal
Loan2880044,Client155741,Rusizi,2023-03-22,1575000,98525,101638,13,3,0,Normal
Loan2880098,Client172387,Ngororero,2023-03-22,3000000,539666,234065,13,3,0,Normal
Loan2880106,Client8851,Ngororero,2023-03-22,1990000,943544,129383,13,2,0,Normal
Loan2880122,Client186357,Kicukiro,2023-03-22,1350000,88720,228865,14,3,0,Normal
Loan2880123,Client155002,Rusizi,2023-03-22,1455000,57281,101120,13,3,0,Normal
Loan2880146,Client134938,Gasabo,2023-03-22,3500000,997666,350723,14,2,0,Normal
Loan2880150,Client46829,Ngororero,2023-03-22,1830000,216460,117514,13,3,0,Normal
Loan2880164,Client128259,Nyagatare,2023-03-22,3500000,610510,226317,13,3,0,Normal
Loan2880172,Client69146,Rusizi,2023-03-22,1555000,68895,100645,13,2,0,Normal
Loan2880182,Client571,Rusizi,2023-03-22,2105000,424418,160671,13,2,0,Normal
Loan2880190,Client121113,Rusizi,2023-03-22,1570000,481321,102545,13,2,0,Normal
Loan2880239,Client161087,Rusizi,2023-03-22,3430000,234083,232889,13,3,0,Normal
Loan2880264,Client150410,Rusizi,2023-03-22,1570000,58942,121521,13,2,0,Normal
Loan2880278,Client97080,Rusizi,2023-03-22,1670000,101012,131385,13,2,0,Normal
Loan2880429,Client109643,Rusizi,2023-03-23,2620000,130181,199750,13,3,0,Normal
Loan2880544,Client190407,Kicukiro,2023-03-23,2450000,688985,143752,14,3,1,Written off
Loan2880564,Client77730,Rutsiro,2023-03-23,1750000,129165,136834,13,2,0,Normal
Loan2880605,Client166333,Rusizi,2023-03-23,1500000,78813,97795,13,3,0,Normal
Loan2880629,Client77380,Nyamagabe,2023-03-23,3500000,1968350,261321,13,3,0,Normal
Loan2880638,Client167821,Rutsiro,2023-03-23,1430000,105976,105013,13,2,0,Normal
Loan2880647,Client138182,Nyamagabe,2023-03-23,3080000,800295,133158,13,3,0,Normal
Loan2880669,Client150799,Nyanza,2023-03-23,1590000,94681,100041,13,2,0,Normal
Loan2880685,Client167058,Nyanza,2023-03-23,1470000,290812,122389,13,3,0,Normal
Loan2880698,Client158492,Ngororero,2023-03-23,1400000,45985,89810,13,3,0,Normal
Loan2880706,Client61887,Nyagatare,2023-03-23,3090000,251969,235430,13,3,0,Normal
Loan2880723,Client128236,Nyamagabe,2023-03-23,1560000,410053,99997,13,2,0,Normal
Loan2880739,Client34709,Rutsiro,2023-03-23,3500000,646832,422575,13,2,0,Normal
Loan2880772,Client158642,Nyagatare,2023-03-23,1000000,10340,128522,14,2,0,Normal
Loan2880773,Client51913,Nyamagabe,2023-03-23,1550000,198221,121381,13,2,0,Normal
Loan2880775,Client157818,Ngororero,2023-03-23,1570000,50661,114513,13,2,0,Normal
Loan2880785,Client141994,Ngororero,2023-03-23,1570000,98498,120789,13,3,0,Normal
Loan2880803,Client76881,Nyagatare,2023-03-23,3500000,127079,225842,13,3,0,Normal
Loan2880804,Client72937,Nyamagabe,2023-03-23,1450000,122467,92507,13,3,0,Normal
Loan2880820,Client20231,Ngororero,2023-03-23,3500000,350679,269192,13,2,0,Normal
Loan2880845,Client172325,Ngororero,2023-03-23,1570000,52003,112957,13,3,0,Normal
Loan2880864,Client25473,Rusizi,2023-03-23,1500000,276554,112689,13,3,0,Normal
Loan2880889,Client165790,Kicukiro,2023-03-23,1570000,54706,105866,13,2,0,Normal
Loan2880968,Client73537,Rutsiro,2023-03-23,1630000,221224,136135,13,2,0,Normal
Loan2881034,Client87294,Gasabo,2023-03-23,1740000,471892,113648,13,2,0,Normal
Loan2881047,Client42930,Rubavu,2023-03-23,2000000,1039489,226465,13,3,0,Normal
Loan2881118,Client134198,Ngororero,2023-03-23,1450000,101166,101234,13,2,0,Normal
Loan2881123,Client99645,Gasabo,2023-03-23,1700000,94013,127097,13,2,0,Normal
Loan2881153,Client127290,Rusizi,2023-03-23,3500000,63941,249265,13,3,0,Normal
Loan2881194,Client151138,Rubavu,2023-03-23,2770000,132334,257715,14,3,0,Normal
Loan2881196,Client151159,Rusizi,2023-03-23,1570000,75144,101120,13,2,0,Normal
Loan2881220,Client172937,Rubavu,2023-03-23,1520000,44962,109875,13,2,0,Normal
Loan2881224,Client150359,Rusizi,2023-03-23,1500000,121458,111188,13,2,0,Normal
Loan2881236,Client166294,Rusizi,2023-03-23,1455000,80086,94045,13,3,0,Normal
Loan2881550,Client162943,Nyanza,2023-03-24,3000000,172283,222057,13,3,0,Normal
Loan2881554,Client150762,Rusizi,2023-03-24,1500000,255856,97795,13,2,0,Normal
Loan2881582,Client78288,Nyamagabe,2023-03-24,1600000,323814,101937,13,3,0,Normal
Loan2881613,Client129241,Rusizi,2023-03-24,1570000,104553,101120,13,3,0,Normal
Loan2881657,Client19887,Gasabo,2023-03-24,1980000,1906809,228865,14,3,0,Normal
Loan2881670,Client142254,Nyarugenge,2023-03-24,1600000,140865,103063,13,3,0,Normal
Loan2881713,Client125928,Rubavu,2023-03-24,600000,209669,157368,13,3,0,Normal
Loan2881743,Client166583,Rutsiro,2023-03-24,1300000,23671,115424,13,3,0,Normal
Loan2881773,Client167835,Rubavu,2023-03-24,1600000,126360,110350,13,2,0,Normal
Loan2881835,Client151065,Rusizi,2023-03-24,1570000,320354,101120,13,3,0,Normal
Loan2881853,Client158358,Ngororero,2023-03-24,1500000,214236,113832,13,3,0,Normal
Loan2881899,Client149364,Rusizi,2023-03-24,1000000,49641,101120,13,3,0,Normal
Loan2881929,Client157996,Ngororero,2023-03-24,1450000,295791,93520,13,3,0,Normal
Loan2881930,Client167998,Nyanza,2023-03-24,1500000,34895,107288,13,3,0,Normal
Loan2881953,Client92870,Nyagatare,2023-03-24,1680000,589284,133586,13,2,0,Normal
Loan2881959,Client62749,Nyamagabe,2023-03-24,1800000,82651,117895,13,3,0,Normal
Loan2881971,Client99333,Gasabo,2023-03-24,690000,113457,174213,14,2,0,Normal
Loan2881980,Client68617,Nyagatare,2023-03-24,3500000,434176,289812,13,3,0,Normal
Loan2881981,Client108160,Nyamagabe,2023-03-24,1660000,112559,106349,13,3,0,Normal
Loan2882018,Client127400,Nyagatare,2023-03-24,1290000,33944,94153,14,2,0,Normal
Loan2882035,Client159553,Nyarugenge,2023-03-24,1800000,52633,281500,14,3,1,Written off
Loan2882040,Client168032,Rutsiro,2023-03-24,1600000,60050,114500,13,3,0,Normal
Loan2882044,Client108840,Nyamagabe,2023-03-24,3360000,549234,159800,13,2,0,Normal
Loan2882048,Client157336,Nyagatare,2023-03-24,1580000,78979,114513,13,3,0,Normal
Loan2882085,Client17467,Nyagatare,2023-03-24,1870000,223939,153887,13,2,0,Normal
Loan2882105,Client40588,Ngororero,2023-03-24,1830000,428108,117514,13,3,0,Normal
Loan2882150,Client155680,Rusizi,2023-03-24,1600000,201530,101638,13,2,0,Normal
Loan2882178,Client163407,Ngororero,2023-03-24,3300000,501277,233395,13,3,0,Normal
Loan2882188,Client139974,Rubavu,2023-03-24,3080000,737078,231215,13,3,0,Normal
Loan2882189,Client174425,Gasabo,2023-03-24,1670000,29123,121900,14,2,0,Normal
Loan2882192,Client103682,Rusizi,2023-03-24,1590000,87347,119022,13,3,0,Normal
Loan2882195,Client171323,Nyagatare,2023-03-24,1500000,58799,105013,13,3,0,Normal
Loan2882198,Client151337,Nyarugenge,2023-03-24,1400000,51291,92138,13,3,0,Normal
Loan2882199,Client160072,Rusizi,2023-03-24,1000000,125035,111188,13,3,0,Normal
Loan2882217,Client25593,Nyagatare,2023-03-24,1580000,633723,110976,13,3,0,Normal
Loan2882218,Client154082,Rusizi,2023-03-24,1600000,100220,101638,13,2,0,Normal
Loan2882229,Client165590,Rubavu,2023-03-24,1590000,140321,114949,13,2,0,Normal
Loan2882238,Client141331,Rusizi,2023-03-24,800000,29325,143730,13,3,0,Normal
Loan2882254,Client119562,Nyagatare,2023-03-24,2060000,382620,228865,14,2,0,Normal
Loan2882262,Client45685,Rusizi,2023-03-24,1830000,126922,143933,13,1,0,Normal
Loan2882266,Client61206,Rusizi,2023-03-24,1465000,133690,116660,13,2,0,Normal
Loan2882268,Client50053,Nyagatare,2023-03-24,3500000,735395,226317,13,3,0,Normal
Loan2882292,Client157221,Nyagatare,2023-03-24,1580000,81137,98962,13,3,0,Normal
Loan2882299,Client78567,Nyagatare,2023-03-24,3090000,771162,285770,13,3,0,Normal
Loan2882918,Client100285,Kicukiro,2023-03-27,1740000,389519,113268,13,2,0,Normal
Loan2882983,Client99508,Nyamagabe,2023-03-27,3320000,299517,286308,13,2,0,Normal
Loan2883019,Client88775,Nyamagabe,2023-03-27,3000000,170676,235792,13,3,0,Normal
Loan2883045,Client121245,Kicukiro,2023-03-27,1570000,77692,101120,13,2,0,Normal
Loan2883050,Client164205,Nyagatare,2023-03-27,1580000,92497,113885,13,3,0,Normal
Loan2883063,Client43012,Rutsiro,2023-03-27,1870000,251704,144062,13,2,0,Normal
Loan2883099,Client151658,Nyanza,2023-03-27,1360000,159722,84841,13,3,0,Normal
Loan2883142,Client104190,Nyamagabe,2023-03-27,3500000,177251,236192,13,3,0,Normal
Loan2883145,Client149339,Rusizi,2023-03-27,2840000,70886,223505,13,3,0,Normal
Loan2883190,Client154456,Kicukiro,2023-03-27,1500000,81206,122389,13,3,0,Normal
Loan2883192,Client26166,Rusizi,2023-03-27,2000000,433370,197963,13,3,0,Normal
Loan2883197,Client157665,Gasabo,2023-03-27,1590000,56373,103907,13,2,0,Normal
Loan2883208,Client150759,Rusizi,2023-03-27,1415000,303381,100645,13,2,0,Normal
Loan2883222,Client123217,Nyamagabe,2023-03-27,2230000,199624,160276,13,2,0,Normal
Loan2883224,Client40149,Rubavu,2023-03-27,1230000,24459,228865,14,3,0,Normal
Loan2883228,Client41068,Nyanza,2023-03-27,3500000,244157,261595,13,3,0,Normal
Loan2883254,Client165997,Kicukiro,2023-03-27,1570000,292302,113268,13,3,0,Normal
Loan2883260,Client171082,Nyagatare,2023-03-27,1580000,33083,104000,13,3,0,Normal
Loan2883274,Client78996,Rusizi,2023-03-27,3180000,258664,240880,13,3,0,Normal
Loan2883294,Client133972,Ngororero,2023-03-27,1500000,349695,96484,13,2,0,Normal
Loan2883340,Client176018,Gasabo,2023-03-27,2710000,21572,228865,14,3,0,Normal
Loan2883369,Client15948,Nyagatare,2023-03-27,3350000,476693,273685,13,2,0,Normal
Loan2883372,Client158313,Ngororero,2023-03-27,1570000,138237,102545,13,3,0,Normal
Loan2883386,Client142079,Nyagatare,2023-03-27,1520000,176594,98962,13,3,0,Normal
Loan2883395,Client135259,Ngororero,2023-03-27,3480000,141548,226984,13,3,0,Normal
Loan2883434,Client83605,Nyagatare,2023-03-27,3500000,563228,226317,13,2,0,Normal
Loan2883507,Client160637,Rutsiro,2023-03-27,900000,36452,114832,13,3,0,Normal
Loan2883519,Client157077,Nyagatare,2023-03-27,1580000,152667,98962,13,2,0,Normal
Loan2883521,Client6512,Nyagatare,2023-03-27,2260000,271732,161572,13,2,0,Normal
Loan2883535,Client171775,Rutsiro,2023-03-27,3420000,134466,225500,13,2,0,Normal
Loan2883569,Client73251,Nyagatare,2023-03-27,3340000,389226,236530,13,2,0,Normal
Loan2883666,Client41085,Nyanza,2023-03-27,1850000,733353,117964,13,2,0,Normal
Loan2883686,Client99812,Rubavu,2023-03-27,1740000,256141,112993,13,2,0,Normal
Loan2883712,Client168860,Rubavu,2023-03-27,3220000,1412787,230524,13,2,1,Written off
Loan2883716,Client164925,Nyanza,2023-03-27,1520000,246160,104538,13,2,0,Normal
Loan2883719,Client182866,Kicukiro,2023-03-27,890000,113209,161231,14,2,0,Normal
Loan2883755,Client141347,Rusizi,2023-03-27,1000000,307756,101638,13,2,0,Normal
Loan2883758,Client165344,Nyanza,2023-03-27,2820000,131732,203446,13,3,0,Normal
Loan2883784,Client150546,Rusizi,2023-03-27,1590000,208059,101638,13,2,0,Normal
Loan2883805,Client167878,Rusizi,2023-03-27,1450000,275343,97788,13,2,0,Normal
Loan2883821,Client165894,Rusizi,2023-03-27,1570000,39548,223638,13,2,0,Normal
Loan2883827,Client119892,Rusizi,2023-03-27,2980000,121861,197978,13,2,0,Normal
Loan2883830,Client123763,Rusizi,2023-03-27,1560000,192706,123814,13,3,0,Normal
Loan2883839,Client2278,Rusizi,2023-03-27,3500000,297010,231464,13,2,0,Normal
Loan2883957,Client147582,Ngororero,2023-03-28,1590000,64107,97702,13,2,0,Normal
Loan2884007,Client51276,Ngororero,2023-03-28,3500000,563108,287270,13,3,0,Normal
Loan2884088,Client110628,Nyamagabe,2023-03-28,1610000,309918,103024,13,2,0,Normal
Loan2884106,Client161833,Nyagatare,2023-03-28,3500000,503255,251092,13,2,0,Normal
Loan2884128,Client113070,Nyagatare,2023-03-28,1680000,495408,105248,13,2,0,Normal
Loan2884135,Client188243,Kicukiro,2023-03-28,1930000,74956,145667,14,3,0,Normal
Loan2884215,Client118372,Rusizi,2023-03-28,3380000,1343042,145973,13,2,0,Normal
Loan2884225,Client110359,Nyagatare,2023-03-28,3500000,150186,247866,13,2,0,Normal
Loan2884235,Client150363,Rusizi,2023-03-28,1570000,242477,101120,13,3,0,Normal
Loan2884242,Client34568,Nyamagabe,2023-03-28,1730000,119755,131385,13,2,0,Normal
Loan2884249,Client61323,Rusizi,2023-03-28,1090000,205244,116849,14,3,0,Normal
Loan2884258,Client104907,Kicukiro,2023-03-28,2500000,1255781,151100,14,2,0,Normal
Loan2884291,Client147071,Rubavu,2023-03-28,1450000,61934,108294,13,2,0,Normal
Loan2884313,Client145344,Rutsiro,2023-03-28,3500000,520330,298552,13,3,0,Normal
Loan2884320,Client62292,Rutsiro,2023-03-28,3500000,808878,260512,13,2,0,Normal
Loan2884322,Client125426,Rusizi,2023-03-28,3500000,727198,253064,13,3,0,Normal
Loan2884328,Client172348,Rutsiro,2023-03-28,3500000,146336,238836,13,3,0,Normal
Loan2884332,Client165811,Nyanza,2023-03-28,1590000,68962,107232,13,3,0,Normal
Loan2884342,Client188228,Kicukiro,2023-03-28,2050000,35902,155876,14,3,0,Normal
Loan2884362,Client154504,Kicukiro,2023-03-28,1500000,104155,127802,13,3,0,Normal
Loan2884381,Client68582,Gasabo,2023-03-28,1770000,350564,132810,13,3,0,Normal
Loan2884390,Client43423,Nyarugenge,2023-03-28,2000000,549341,131949,13,3,0,Normal
Loan2884411,Client9366,Rusizi,2023-03-28,2120000,401852,144432,13,2,0,Normal
Loan2884457,Client99852,Rubavu,2023-03-28,1760000,98843,136084,13,2,0,Normal
Loan2884504,Client160128,Rutsiro,2023-03-28,3500000,85704,235511,13,2,0,Normal
Loan2884547,Client53670,Nyanza,2023-03-28,1670000,247154,136135,13,2,0,Normal
Loan2884577,Client156252,Gasabo,2023-03-28,1520000,294330,96645,13,2,0,Normal
Loan2884586,Client101576,Nyarugenge,2023-03-28,3500000,1431446,256137,13,3,0,Normal
Loan2884588,Client111569,Gasabo,2023-03-28,1680000,450529,129947,13,4,0,Normal
Loan2884602,Client63774,Rusizi,2023-03-28,1750000,228653,113639,13,2,0,Normal
Loan2884639,Client106661,Kicukiro,2023-03-28,1580000,388357,284611,13,3,0,Normal
Loan2884655,Client151012,Rusizi,2023-03-28,1570000,247400,102545,13,2,0,Normal
Loan2884665,Client55807,Nyanza,2023-03-28,1690000,228380,121885,13,2,0,Normal
Loan2884671,Client108704,Gasabo,2023-03-28,3500000,178950,254712,13,2,0,Normal
Loan2884691,Client84703,Gasabo,2023-03-28,3500000,171394,138530,13,2,0,Normal
Loan2884716,Client189808,Gasabo,2023-03-28,3000000,261072,272332,14,3,0,Normal
Loan2884725,Client151178,Rusizi,2023-03-28,1455000,40648,101120,13,3,0,Normal
Loan2884744,Client19839,Rusizi,2023-03-28,3375000,713950,221240,13,3,0,Normal
Loan2884873,Client129182,Rubavu,2023-03-29,1500000,60748,98087,13,3,0,Normal
Loan2884977,Client107791,Kicukiro,2023-03-29,1570000,56860,114832,13,2,0,Normal
Loan2884981,Client57057,Nyagatare,2023-03-29,1300000,614932,120144,13,2,0,Normal
Loan2885019,Client171999,Nyagatare,2023-03-29,1100000,78713,98962,13,3,0,Normal
Loan2885036,Client13076,Nyarugenge,2023-03-29,1890000,270652,122880,13,2,0,Normal
Loan2885108,Client81389,Nyamagabe,2023-03-29,3500000,1560250,265121,13,3,0,Normal
Loan2885139,Client142252,Nyarugenge,2023-03-29,3000000,162730,198017,13,2,0,Normal
Loan2885140,Client5336,Rusizi,2023-03-29,2500000,196704,199012,13,2,0,Normal
Loan2885220,Client8201,Ngororero,2023-03-29,3500000,261768,301706,13,3,0,Normal
Loan2885223,Client52516,Gasabo,2023-03-29,3460000,431519,228865,14,3,0,Normal
Loan2885227,Client175719,Rubavu,2023-03-29,3500000,633676,459850,14,2,0,Normal
Loan2885229,Client159178,Rutsiro,2023-03-29,1480000,33197,106438,13,2,0,Normal
Loan2885283,Client26339,Nyamagabe,2023-03-29,1680000,249739,107612,13,2,0,Normal
Loan2885316,Client157319,Nyagatare,2023-03-29,1500000,58149,114832,13,3,0,Normal
Loan2885328,Client167749,Rusizi,2023-03-29,1500000,261882,118114,13,3,0,Normal
Loan2885364,Client166569,Gasabo,2023-03-29,2140000,198897,287478,14,3,0,Normal
Loan2885388,Client174139,Rutsiro,2023-03-29,3500000,624070,230740,13,3,0,Normal
Loan2885389,Client188229,Kicukiro,2023-03-29,2820000,417270,210250,14,2,0,Normal
Loan2885413,Client147483,Rubavu,2023-03-29,1600000,61919,107834,13,4,0,Normal
Loan2885421,Client164585,Nyarugenge,2023-03-29,2640000,380377,228865,14,2,0,Normal
Loan2885427,Client174710,Rubavu,2023-03-29,2760000,145399,197124,13,2,0,Normal
Loan2885430,Client151730,Nyanza,2023-03-29,1380000,67035,85791,13,3,0,Normal
Loan2885440,Client41092,Nyanza,2023-03-29,2350000,257523,180165,13,3,0,Normal
Loan2885512,Client158367,Ngororero,2023-03-29,600000,298010,102545,13,3,0,Normal
Loan2885576,Client188205,Nyarugenge,2023-03-29,1230000,201277,281500,14,2,1,Written off
Loan2885597,Client70053,Ngororero,2023-03-29,3500000,169966,303190,13,2,0,Normal
Loan2885598,Client150756,Rusizi,2023-03-29,1350000,599954,249380,13,3,0,Normal
Loan2885621,Client19660,Gasabo,2023-03-29,3420000,189935,243565,13,2,0,Normal
Loan2885622,Client157887,Ngororero,2023-03-29,1450000,40032,101120,13,2,0,Normal
Loan2885625,Client147197,Rubavu,2023-03-29,700000,105204,114949,13,3,0,Normal
Loan2885633,Client158419,Rubavu,2023-03-29,1590000,106223,101163,13,2,0,Normal
Loan2885653,Client160648,Nyanza,2023-03-29,3090000,56952,239365,13,3,0,Normal
Loan2885663,Client173324,Kicukiro,2023-03-29,1480000,211479,114513,13,3,0,Normal
Loan2885702,Client121969,Nyarugenge,2023-03-29,1490000,524041,90611,13,2,0,Normal
Loan2885722,Client51038,Gasabo,2023-03-29,1660000,74792,130406,13,2,0,Normal
Loan2885738,Client150254,Nyanza,2023-03-29,1470000,49744,116214,13,2,0,Normal
Loan2885759,Client118963,Rusizi,2023-03-29,1335000,115504,239290,13,3,0,Normal
Loan2885769,Client150420,Rusizi,2023-03-29,1500000,48598,109763,13,2,0,Normal
Loan2885798,Client168272,Kicukiro,2023-03-29,1570000,60086,105863,13,3,0,Normal
Loan2886034,Client40459,Rutsiro,2023-03-30,1760000,188406,135574,13,3,0,Normal
Loan2886067,Client77677,Rubavu,2023-03-30,2830000,1158340,242105,13,2,0,Normal
Loan2886078,Client14457,Rubavu,2023-03-30,3430000,178108,225289,13,3,0,Normal
Loan2886086,Client161570,Nyamagabe,2023-03-30,2570000,293708,166788,13,2,0,Normal
Loan2886094,Client160281,Rubavu,2023-03-30,1500000,275488,115424,13,2,0,Normal
Loan2886112,Client15956,Nyagatare,2023-03-30,1640000,258546,125631,13,3,0,Normal
Loan2886158,Client128241,Nyamagabe,2023-03-30,3500000,741330,228669,13,3,0,Normal
Loan2886164,Client157558,Gasabo,2023-03-30,1590000,35240,119064,13,3,0,Normal
Loan2886214,Client113058,Gasabo,2023-03-30,2150000,14651,228865,14,2,0,Normal
Loan2886226,Client157533,Gasabo,2023-03-30,1590000,35543,116257,13,3,0,Normal
Loan2886238,Client136750,Nyanza,2023-03-30,2430000,147248,222057,13,3,0,Normal
Loan2886239,Client131074,Gasabo,2023-03-30,1590000,379748,96793,13,2,0,Normal
Loan2886263,Client185749,Rubavu,2023-03-30,1485000,58614,107500,13,3,0,Normal
Loan2886264,Client104081,Nyagatare,2023-03-30,3500000,1786303,247866,13,2,0,Normal
Loan2886275,Client17582,Rubavu,2023-03-30,1940000,635580,125025,13,2,0,Normal
Loan2886294,Client41074,Nyanza,2023-03-30,1700000,825858,106731,13,2,0,Normal
Loan2886347,Client162113,Nyanza,2023-03-30,1590000,63987,114513,13,2,0,Normal
Loan2886359,Client145325,Nyamagabe,2023-03-30,1550000,157951,98615,13,2,0,Normal
Loan2886363,Client147122,Rubavu,2023-03-30,1590000,174868,101163,13,3,0,Normal
Loan2886374,Client100192,Rubavu,2023-03-30,3090000,97364,202372,13,3,0,Normal
Loan2886422,Client105150,Nyamagabe,2023-03-30,1180000,328793,128522,13,3,0,Normal
Loan2886455,Client133946,Rubavu,2023-03-30,1590000,370105,101163,13,3,0,Normal
Loan2886470,Client105116,Rusizi,2023-03-30,1660000,202574,108009,13,2,0,Normal
Loan2886474,Client161643,Rutsiro,2023-03-30,1600000,113969,109875,13,3,0,Normal
Loan2886527,Client42188,Rubavu,2023-03-30,1850000,212775,142462,13,2,0,Normal
Loan2886554,Client113035,Nyarugenge,2023-03-30,2500000,180733,160276,13,3,0,Normal
Loan2886570,Client104691,Nyagatare,2023-03-30,1460000,56648,106724,13,3,0,Normal
Loan2886572,Client166300,Rubavu,2023-03-30,1590000,245402,178930,13,2,0,Normal
Loan2886575,Client144008,Nyagatare,2023-03-30,1530000,299333,98962,13,3,0,Normal
Loan2886584,Client46831,Ngororero,2023-03-30,1520000,696003,96741,13,3,0,Normal
Loan2886599,Client108705,Gasabo,2023-03-30,3380000,1306739,223053,13,2,0,Normal
Loan2886600,Client112979,Nyanza,2023-03-30,2710000,101044,174572,13,2,0,Normal
Loan2886606,Client125122,Nyagatare,2023-03-30,3450000,126140,228485,13,2,0,Normal
Loan2886630,Client100615,Gasabo,2023-03-30,3060000,514232,529158,14,3,0,Normal
Loan2886653,Client159805,Nyagatare,2023-03-30,3030000,615209,206972,13,3,0,Normal
Loan2886657,Client165230,Nyanza,2023-03-30,1500000,291975,98838,13,3,0,Normal
Loan2886662,Client157190,Nyagatare,2023-03-30,1520000,126791,98962,13,3,0,Normal
Loan2886672,Client119141,Nyagatare,2023-03-30,1680000,444520,121996,13,3,0,Normal
Loan2886687,Client53037,Nyanza,2023-03-30,3500000,122967,246384,13,2,0,Normal
Loan2886881,Client25197,Rubavu,2023-03-31,1820000,213482,131257,13,3,0,Normal
Loan2886948,Client174875,Rutsiro,2023-03-31,1445000,94144,272337,13,3,0,Normal
Loan2886956,Client144489,Nyamagabe,2023-03-31,3500000,89750,250533,13,3,0,Normal
Loan2886974,Client99833,Rubavu,2023-03-31,3500000,1428512,232346,13,2,0,Normal
Loan2886986,Client118622,Kicukiro,2023-03-31,3063000,356524,232760,13,3,0,Normal
Loan2886990,Client142282,Rutsiro,2023-03-31,3500000,451558,287478,13,2,0,Normal
Loan2886993,Client168515,Rubavu,2023-03-31,1480000,207521,119086,13,3,0,Normal
Loan2887010,Client168896,Rutsiro,2023-03-31,1500000,52489,115899,13,2,0,Normal
Loan2887013,Client4207,Rubavu,2023-03-31,2150000,1032139,138871,13,3,0,Normal
Loan2887020,Client157273,Nyagatare,2023-03-31,1580000,56649,114513,13,2,0,Normal
Loan2887057,Client139254,Nyanza,2023-03-31,3070000,187082,221290,13,3,0,Normal
Loan2887094,Client103900,Nyamagabe,2023-03-31,1650000,227194,105474,13,2,0,Normal
Loan2887166,Client111656,Kicukiro,2023-03-31,2000000,364525,228865,14,2,0,Normal
Loan2887178,Client122781,Ngororero,2023-03-31,3260000,290980,215789,13,3,0,Normal
Loan2887190,Client155287,Nyagatare,2023-03-31,1580000,240849,110082,13,3,0,Normal
Loan2887198,Client142024,Ngororero,2023-03-31,1570000,186423,102545,13,3,0,Normal
Loan2887215,Client16727,Rubavu,2023-03-31,3390000,143769,230039,13,2,0,Normal
Loan2887225,Client168445,Rubavu,2023-03-31,1300000,54344,111300,13,3,0,Normal
Loan2887229,Client158275,Ngororero,2023-03-31,1500000,141668,101163,13,2,0,Normal
Loan2887237,Client150994,Rusizi,2023-03-31,3425000,440824,226239,13,3,0,Normal
Loan2887249,Client63009,Gasabo,2023-03-31,1700000,127426,135099,13,3,0,Normal
Loan2887277,Client117036,Nyagatare,2023-03-31,1200000,177281,92801,14,2,0,Normal
Loan2887333,Client161486,Nyagatare,2023-03-31,2680000,575543,175915,13,2,0,Normal
Loan2887339,Client151176,Rusizi,2023-03-31,3400000,434257,229000,13,2,0,Normal
Loan2887391,Client165155,Rutsiro,2023-03-31,1450000,82205,98000,13,3,0,Normal
Loan2887396,Client146090,Rubavu,2023-03-31,1590000,154274,115419,13,2,0,Normal
Loan2887429,Client173053,Ngororero,2023-03-31,1570000,61208,112957,13,2,0,Normal
Loan2887444,Client134819,Rusizi,2023-03-31,3480000,127438,230039,13,3,0,Normal
Loan2887450,Client34033,Kicukiro,2023-03-31,1780000,83954,139787,13,2,0,Normal
Loan2887506,Client155761,Rusizi,2023-03-31,1525000,77546,96888,13,3,0,Normal
Loan2887519,Client134228,Rusizi,2023-03-31,2335000,591134,138560,14,3,0,Normal
Loan2890241,Client163615,Nyagatare,2023-04-01,2200000,54025,160276,13,3,0,Normal
Loan2890264,Client172173,Nyagatare,2023-04-01,1580000,59102,113885,13,3,0,Normal
Loan2890290,Client113043,Nyagatare,2023-04-01,1560000,62928,100498,13,3,0,Normal
Loan2890526,Client170384,Nyagatare,2023-04-01,1500000,93081,250533,13,2,0,Normal
Loan2892674,Client189695,Kicukiro,2023-04-03,900000,44380,281500,14,2,1,Written off
Loan2892790,Client145292,Rubavu,2023-04-03,1120000,77747,113226,14,3,0,Normal
Loan2892803,Client188335,Gasabo,2023-04-03,3500000,167531,510631,14,2,0,Normal
Loan2892852,Client165389,Rubavu,2023-04-03,1590000,287424,178930,13,3,0,Normal
Loan2892907,Client118139,Nyanza,2023-04-03,3000000,356857,177897,13,3,0,Normal
Loan2892938,Client188267,Kicukiro,2023-04-03,2290000,70725,192900,14,2,0,Normal
Loan2893006,Client157923,Nyagatare,2023-04-03,1580000,104553,98962,13,2,0,Normal
Loan2893013,Client142022,Ngororero,2023-04-03,1580000,125069,102545,13,3,0,Normal
Loan2893027,Client138237,Kicukiro,2023-04-03,3000000,450103,200567,13,3,0,Normal
Loan2893028,Client170464,Nyagatare,2023-04-03,1580000,296771,93262,13,3,0,Normal
Loan2893069,Client118925,Nyagatare,2023-04-03,3500000,610155,243485,14,2,0,Normal
Loan2893093,Client162401,Nyagatare,2023-04-03,3500000,73056,263453,13,2,0,Normal
Loan2893124,Client8369,Rubavu,2023-04-03,2130000,553731,133357,13,2,0,Normal
Loan2893162,Client48183,Nyamagabe,2023-04-03,1750000,735458,113145,13,2,0,Normal
Loan2893165,Client172031,Nyagatare,2023-04-03,1530000,60943,113885,13,3,0,Normal
Loan2893182,Client112936,Rusizi,2023-04-03,1580000,86609,109839,13,2,0,Normal
Loan2893187,Client137581,Nyagatare,2023-04-03,2520000,597727,224663,14,3,0,Normal
Loan2893218,Client138772,Nyanza,2023-04-03,2930000,128933,219390,13,3,0,Normal
Loan2893259,Client33566,Gasabo,2023-04-03,2410000,1196863,121000,14,2,0,Normal
Loan2893290,Client126536,Kicukiro,2023-04-03,1570000,332786,244659,13,3,0,Normal
Loan2893356,Client99807,Nyagatare,2023-04-03,3500000,633650,345290,13,3,0,Normal
Loan2893402,Client14316,Nyarugenge,2023-04-03,1900000,99193,149572,13,2,0,Normal
Loan2893432,Client99808,Rubavu,2023-04-03,1850000,66922,123858,13,3,0,Normal
Loan2893451,Client119343,Gasabo,2023-04-03,1600000,947176,218775,13,3,0,Normal
Loan2893457,Client29481,Kicukiro,2023-04-03,1930000,1628117,179673,13,1,0,Normal
Loan2893464,Client157629,Gasabo,2023-04-03,1590000,107519,101395,13,3,0,Normal
Loan2893523,Client118999,Rusizi,2023-04-03,1665000,529974,107554,13,3,0,Normal
Loan2893538,Client156248,Gasabo,2023-04-03,1450000,272225,129456,13,3,0,Normal
Loan2893570,Client20124,Rubavu,2023-04-03,2500000,195952,199446,13,3,0,Normal
Loan2893586,Client38317,Gasabo,2023-04-03,1870000,191276,150328,13,2,0,Normal
Loan2893595,Client98422,Nyarugenge,2023-04-03,3200000,370719,243435,13,2,0,Normal
Loan2893676,Client65436,Rusizi,2023-04-03,2500000,1426647,241355,13,3,0,Normal
Loan2893678,Client155652,Gasabo,2023-04-03,1590000,112669,101543,13,2,0,Normal
Loan2893733,Client25146,Rubavu,2023-04-03,1850000,243367,137432,13,2,0,Normal
Loan2893735,Client145252,Rubavu,2023-04-03,1500000,39970,116446,13,2,0,Normal
Loan2894139,Client149004,Rubavu,2023-04-04,1590000,65692,106884,13,3,0,Normal
Loan2894243,Client119355,Gasabo,2023-04-04,1590000,78178,116257,13,2,0,Normal
Loan2894248,Client121711,Rusizi,2023-04-04,2735000,1045862,179631,13,3,0,Normal
Loan2894281,Client123052,Rutsiro,2023-04-04,1570000,81457,123019,13,3,0,Normal
Loan2894282,Client43873,Rusizi,2023-04-04,1540000,210712,105951,13,2,0,Normal
Loan2894290,Client159990,Gasabo,2023-04-04,1520000,57467,101163,13,3,0,Normal
Loan2894309,Client58926,Nyanza,2023-04-04,3200000,300070,240880,13,2,0,Normal
Loan2894332,Client164509,Rutsiro,2023-04-04,2730000,90976,198800,13,3,0,Normal
Loan2894379,Client86831,Nyanza,2023-04-04,3500000,284689,302827,13,3,0,Normal
Loan2894424,Client131797,Kicukiro,2023-04-04,3500000,430488,233297,13,2,0,Normal
Loan2894462,Client141588,Kicukiro,2023-04-04,3500000,1106215,217551,14,3,1,Written off
Loan2894483,Client162638,Nyagatare,2023-04-04,1580000,32439,106913,13,2,0,Normal
Loan2894520,Client171140,Nyagatare,2023-04-04,1580000,58037,115938,13,3,0,Normal
Loan2894540,Client154549,Kicukiro,2023-04-04,1570000,222630,100170,13,3,0,Normal
Loan2894541,Client162187,Nyamagabe,2023-04-04,3370000,297865,263260,13,2,0,Normal
Loan2894601,Client120247,Gasabo,2023-04-04,1570000,101245,101543,13,2,0,Normal
Loan2894613,Client130531,Gasabo,2023-04-04,1720000,71090,143828,14,3,0,Normal
Loan2894659,Client148235,Nyanza,2023-04-04,1590000,59690,110082,13,3,0,Normal
Loan2894715,Client146247,Rutsiro,2023-04-04,1450000,60504,115419,13,2,0,Normal
Loan2894745,Client14014,Rubavu,2023-04-04,3500000,798625,279746,13,2,0,Normal
Loan2894753,Client175113,Nyagatare,2023-04-04,1580000,61032,107288,13,3,0,Normal
Loan2894819,Client158817,Gasabo,2023-04-04,2210000,380457,228865,14,2,0,Normal
Loan2894842,Client172460,Ngororero,2023-04-04,1500000,284675,96370,13,3,0,Normal
Loan2894844,Client101005,Nyarugenge,2023-04-04,2440000,445413,236936,13,3,0,Normal
Loan2894868,Client164379,Nyanza,2023-04-04,2760000,523262,199219,13,3,0,Normal
Loan2894884,Client20578,Ngororero,2023-04-04,1960000,928214,126472,13,3,0,Normal
Loan2894902,Client141988,Ngororero,2023-04-04,1200000,287277,111545,13,2,0,Normal
Loan2894923,Client40571,Ngororero,2023-04-04,1830000,249860,141699,13,2,0,Normal
Loan2894926,Client54560,Nyagatare,2023-04-04,1530000,57973,98962,13,2,0,Normal
Loan2894939,Client109287,Ngororero,2023-04-04,1560000,62124,106090,13,2,0,Normal
Loan2894952,Client55430,Ngororero,2023-04-04,1630000,126914,108721,13,2,0,Normal
Loan2894955,Client99003,Rusizi,2023-04-04,2725000,332919,196369,13,2,0,Normal
Loan2894978,Client176439,Rutsiro,2023-04-04,3500000,28200,220208,13,3,1,Written off
Loan2894990,Client84292,Rubavu,2023-04-04,2110000,288585,222556,13,3,0,Normal
Loan2895023,Client14965,Rubavu,2023-04-04,3420000,134145,229716,13,2,0,Normal
Loan2895034,Client113676,Nyarugenge,2023-04-04,1600000,506444,124046,13,3,0,Normal
Loan2895067,Client118325,Rusizi,2023-04-04,1655000,532300,107079,13,3,0,Normal
Loan2895081,Client5472,Rubavu,2023-04-04,1500000,61062,100139,13,2,0,Normal
Loan2895468,Client143829,Kicukiro,2023-04-05,1500000,22051,102996,13,3,0,Normal
Loan2895519,Client101774,Kicukiro,2023-04-05,2070000,204533,130675,14,2,0,Normal
Loan2895550,Client80550,Gasabo,2023-04-05,1300000,416959,137030,13,3,0,Normal
Loan2895592,Client168170,Rubavu,2023-04-05,1520000,266750,96413,13,3,0,Normal
Loan2895637,Client161714,Nyamagabe,2023-04-05,800000,54785,113519,13,2,0,Normal
Loan2895686,Client85790,Nyanza,2023-04-05,3500000,2382591,289226,14,2,0,Normal
Loan2895689,Client174278,Rubavu,2023-04-05,3500000,106094,251120,13,3,0,Normal
Loan2895720,Client186148,Nyarugenge,2023-04-05,1640000,112302,126371,14,2,1,Written off
Loan2895730,Client28489,Nyamagabe,2023-04-05,2230000,257659,172467,13,3,0,Normal
Loan2895734,Client24256,Ngororero,2023-04-05,1800000,197109,134858,13,3,0,Normal
Loan2895757,Client158230,Ngororero,2023-04-05,1500000,132714,96370,13,2,0,Normal
Loan2895764,Client157250,Nyagatare,2023-04-05,1580000,74293,98962,13,3,0,Normal
Loan2895800,Client57858,Kicukiro,2023-04-05,1760000,273067,137758,13,2,0,Normal
Loan2895841,Client155708,Gasabo,2023-04-05,590000,61329,111188,13,3,0,Normal
Loan2895879,Client111274,Nyagatare,2023-04-05,2680000,122876,197752,13,3,0,Normal
Loan2895902,Client47795,Kicukiro,2023-04-05,2980000,1079748,201296,13,3,0,Normal
Loan2895950,Client122594,Rubavu,2023-04-05,3500000,131093,231645,13,3,0,Normal
Loan2895958,Client65205,Rusizi,2023-04-05,1500000,177152,123817,13,2,0,Normal
Loan2895978,Client33739,Nyarugenge,2023-04-05,3500000,1497494,284853,13,2,0,Normal
Loan2896052,Client14933,Rusizi,2023-04-05,1920000,322640,148903,13,3,0,Normal
Loan2896067,Client157528,Gasabo,2023-04-05,1590000,302692,101395,13,3,0,Normal
Loan2896069,Client165223,Rusizi,2023-04-05,1570000,110636,111939,13,2,0,Normal
Loan2896084,Client65166,Ngororero,2023-04-05,2780000,978567,57280,14,3,0,Normal
Loan2896129,Client128337,Ngororero,2023-04-05,1570000,48797,99809,13,2,0,Normal
Loan2896132,Client117941,Rusizi,2023-04-05,1665000,513553,129947,13,3,0,Normal
Loan2896134,Client64327,Rubavu,2023-04-05,1520000,697331,98268,13,2,0,Normal
Loan2896138,Client126504,Gasabo,2023-04-05,3000000,783452,228865,14,2,0,Normal
Loan2896164,Client109565,Kicukiro,2023-04-05,3500000,1424499,248803,13,2,0,Normal
Loan2896184,Client29680,Nyarugenge,2023-04-05,2200000,743620,189446,14,2,1,Written off
Loan2896198,Client63088,Nyarugenge,2023-04-05,3500000,1311742,132000,14,2,0,Normal
Loan2896199,Client15753,Ngororero,2023-04-05,1900000,693859,122197,13,2,0,Normal
Loan2896209,Client172176,Rusizi,2023-04-05,1595000,32829,116525,13,3,0,Normal
Loan2896215,Client59876,Rubavu,2023-04-05,1725000,88729,133234,13,2,0,Normal
Loan2896232,Client188606,Gasabo,2023-04-05,1250000,47103,86877,14,2,0,Normal
Loan2896241,Client149664,Nyanza,2023-04-05,1590000,322339,100041,13,3,0,Normal
Loan2896251,Client96801,Nyarugenge,2023-04-05,1660000,50152,122621,13,3,0,Normal
Loan2896259,Client151018,Nyanza,2023-04-05,1590000,204705,100788,13,2,1,Written off
Loan2896282,Client122818,Nyagatare,2023-04-05,3500000,588614,206072,13,2,0,Normal
Loan2896289,Client52594,Rubavu,2023-04-05,267000,270554,219970,13,2,0,Normal
Loan2896319,Client63465,Rusizi,2023-04-05,1500000,664441,128480,13,2,0,Normal
Loan2896320,Client170765,Rubavu,2023-04-05,1590000,51437,101163,13,3,0,Normal
Loan2896322,Client15034,Nyarugenge,2023-04-05,1660000,432488,115280,13,2,0,Normal
Loan2896348,Client99497,Nyanza,2023-04-05,3340000,234848,238455,13,2,0,Normal
Loan2896349,Client166067,Rusizi,2023-04-05,3500000,659854,102545,13,3,0,Normal
Loan2896350,Client157942,Nyagatare,2023-04-05,1530000,64759,100107,13,3,0,Normal
Loan2896368,Client134935,Kicukiro,2023-04-05,2000000,81384,108643,14,3,0,Normal
Loan2896394,Client172761,Rusizi,2023-04-05,3500000,501389,250805,13,2,0,Normal
Loan2896773,Client69091,Nyanza,2023-04-06,1740000,80262,136834,13,3,0,Normal
Loan2896778,Client162637,Nyagatare,2023-04-06,1520000,54557,110713,13,3,0,Normal
Loan2896821,Client157233,Nyagatare,2023-04-06,1580000,80214,110082,13,3,0,Normal
Loan2896827,Client16602,Nyarugenge,2023-04-06,2850000,197578,228256,13,2,0,Normal
Loan2896849,Client170785,Nyagatare,2023-04-06,1420000,355522,117987,13,3,0,Normal
Loan2896856,Client113564,Gasabo,2023-04-06,3000000,175734,226164,13,3,0,Normal
Loan2896864,Client128199,Nyamagabe,2023-04-06,1560000,397444,112889,13,2,0,Normal
Loan2896875,Client49057,Nyagatare,2023-04-06,1720000,114160,129405,13,3,0,Normal
Loan2896886,Client57684,Rubavu,2023-04-06,1850000,550266,142657,13,3,0,Normal
Loan2896891,Client149640,Nyanza,2023-04-06,1470000,128642,92441,13,3,0,Normal
Loan2896944,Client123254,Nyagatare,2023-04-06,1470000,65249,91362,13,2,0,Normal
Loan2896961,Client54360,Nyagatare,2023-04-06,2180000,263798,242442,13,3,0,Normal
Loan2896967,Client65288,Nyamagabe,2023-04-06,1500000,536806,135605,13,3,0,Normal
Loan2896993,Client129064,Rubavu,2023-04-06,1700000,136582,107121,13,3,0,Normal
Loan2897006,Client34737,Nyagatare,2023-04-06,2980000,503905,328345,13,3,0,Normal
Loan2897025,Client125699,Gasabo,2023-04-06,3500000,377429,378133,14,2,0,Normal
Loan2897043,Client162798,Nyagatare,2023-04-06,1580000,83211,103647,13,2,0,Normal
Loan2897050,Client157188,Nyagatare,2023-04-06,1580000,57154,98962,13,3,0,Normal
Loan2897067,Client51301,Nyarugenge,2023-04-06,2740000,1262418,290046,13,2,0,Normal
Loan2897069,Client157281,Nyagatare,2023-04-06,1500000,160435,93262,13,3,0,Normal
Loan2897071,Client159991,Gasabo,2023-04-06,1520000,51396,107349,13,3,0,Normal
Loan2897074,Client23085,Nyagatare,2023-04-06,2470000,133331,197136,13,2,0,Normal
Loan2897098,Client100249,Nyagatare,2023-04-06,3500000,1981543,284429,13,2,0,Normal
Loan2897115,Client23349,Rubavu,2023-04-06,1815000,490862,139612,13,3,0,Normal
Loan2897216,Client132285,Nyagatare,2023-04-06,1450000,70369,105332,13,2,0,Normal
Loan2897273,Client160339,Nyarugenge,2023-04-06,1570000,201319,115100,13,3,0,Normal
Loan2897359,Client56406,HQ,2023-04-06,3500000,317100,475975,14,3,0,Normal
Loan2897383,Client15990,Nyarugenge,2023-04-06,1930000,639372,125730,13,2,0,Normal
Loan2897407,Client122402,Rusizi,2023-04-06,2105000,718367,136276,13,2,0,Normal
Loan2897410,Client38367,Nyanza,2023-04-06,3500000,1234886,228890,13,3,0,Normal
Loan2897439,Client148025,Rubavu,2023-04-06,1590000,34232,101163,13,3,0,Normal
Loan2897448,Client143524,Rubavu,2023-04-06,1590000,452487,137907,13,3,0,Normal
Loan2897484,Client150150,Nyanza,2023-04-06,1590000,165024,100041,13,2,0,Normal
Loan2897515,Client95636,Nyanza,2023-04-06,3500000,258023,282402,13,2,0,Normal
Loan2897560,Client168917,Nyanza,2023-04-06,1440000,115645,97788,13,3,0,Normal
Loan2898311,Client156969,Nyagatare,2023-04-08,1580000,310975,98962,13,3,0,Normal
Loan2899753,Client170820,Nyagatare,2023-04-11,3500000,637908,257131,13,3,0,Normal
Loan2899792,Client24435,Kicukiro,2023-04-11,2500000,460465,330516,13,2,0,Normal
Loan2899799,Client163405,Ngororero,2023-04-11,1570000,35501,122019,13,2,0,Normal
Loan2899811,Client91437,Nyagatare,2023-04-11,3500000,557857,226317,13,2,0,Normal
Loan2899828,Client47894,Rusizi,2023-04-11,1500000,114723,135130,13,3,0,Normal
Loan2899833,Client165349,Nyanza,2023-04-11,1590000,291974,121914,13,3,0,Normal
Loan2899975,Client190318,Kicukiro,2023-04-11,1380000,112883,289925,14,3,0,Normal
Loan2899988,Client18504,Kicukiro,2023-04-11,3500000,775970,234065,13,2,0,Normal
Loan2900034,Client124941,Rusizi,2023-04-11,1525000,57215,120571,13,2,0,Normal
Loan2900046,Client27408,Nyarugenge,2023-04-11,2240000,733323,148502,13,2,0,Normal
Loan2900085,Client148689,Nyanza,2023-04-11,1590000,332463,100041,13,3,0,Normal
Loan2900089,Client189651,Kicukiro,2023-04-11,3450000,65731,235425,14,2,0,Normal
Loan2900106,Client168903,Rusizi,2023-04-11,1570000,9817,119064,13,2,0,Normal
Loan2900150,Client105149,Nyamagabe,2023-04-11,1500000,343128,96374,13,2,0,Normal
Loan2900161,Client23514,Nyamagabe,2023-04-11,3000000,501188,415309,13,3,0,Normal
Loan2900162,Client188317,Nyarugenge,2023-04-11,1230000,31190,281500,14,3,1,Written off
Loan2900217,Client111350,Rutsiro,2023-04-11,3100000,117002,208000,13,2,0,Normal
Loan2900234,Client163207,Nyamagabe,2023-04-11,1360000,59828,100850,13,3,0,Normal
Loan2900304,Client164754,Kicukiro,2023-04-11,1400000,173921,105863,13,3,0,Normal
Loan2900325,Client122934,Rusizi,2023-04-11,1520000,342070,96370,13,2,0,Normal
Loan2900327,Client85752,Rubavu,2023-04-11,3500000,399098,272760,13,3,0,Normal
Loan2900341,Client135303,Rubavu,2023-04-11,3500000,528051,231215,13,3,0,Normal
Loan2900347,Client167315,Rusizi,2023-04-11,1570000,294945,112689,13,2,0,Normal
Loan2900360,Client50868,Nyanza,2023-04-11,3500000,358619,251659,13,2,0,Normal
Loan2900628,Client64847,Rusizi,2023-04-11,2645000,169689,172280,13,2,0,Normal
Loan2900677,Client168700,Rusizi,2023-04-11,1425000,31234,107288,13,2,0,Normal
Loan2900684,Client46551,Gasabo,2023-04-11,1500000,216454,243205,13,3,0,Normal
Loan2900708,Client65235,Rusizi,2023-04-11,2735000,943859,179880,13,2,0,Normal
Loan2900972,Client117575,Kicukiro,2023-04-12,1660000,425411,107554,13,3,0,Normal
Loan2901144,Client42157,Rubavu,2023-04-12,3500000,356074,316767,13,3,0,Normal
Loan2901159,Client157609,Gasabo,2023-04-12,1590000,434733,101543,13,3,0,Normal
Loan2901170,Client102012,Nyamagabe,2023-04-12,1150000,138400,127556,13,3,0,Normal
Loan2901208,Client88611,Nyanza,2023-04-12,3380000,1652379,252097,13,3,0,Normal
Loan2901215,Client42742,Rutsiro,2023-04-12,2680000,968989,203581,13,3,0,Normal
Loan2901230,Client57822,Rubavu,2023-04-12,1770000,98620,135548,13,2,0,Normal
Loan2901246,Client61642,Rubavu,2023-04-12,1845000,365502,119766,13,3,0,Normal
Loan2901252,Client118533,Ngororero,2023-04-12,1660000,182255,106090,13,2,0,Normal
Loan2901280,Client69255,Rutsiro,2023-04-12,1750000,207939,136298,13,3,0,Normal
Loan2901288,Client104577,Nyanza,2023-04-12,1680000,97942,128522,13,2,0,Normal
Loan2901324,Client149728,Nyanza,2023-04-12,3000000,756151,228890,13,3,0,Normal
Loan2901352,Client145996,Rutsiro,2023-04-12,1580000,96798,103063,13,2,0,Normal
Loan2901358,Client56616,Nyanza,2023-04-12,2800000,65663,177897,13,3,0,Normal
Loan2901359,Client63023,Nyamagabe,2023-04-12,1820000,124224,142699,13,2,0,Normal
Loan2901373,Client2755,Ngororero,2023-04-12,2280000,120557,171467,13,3,0,Normal
Loan2901396,Client45710,Rusizi,2023-04-12,3500000,2244541,176458,13,2,0,Normal
Loan2901429,Client8994,Nyamagabe,2023-04-12,2000000,971347,160539,13,3,0,Normal
Loan2901432,Client54772,Nyarugenge,2023-04-12,3500000,325912,298093,14,2,0,Normal
Loan2901452,Client139404,Kicukiro,2023-04-12,3000000,687224,197966,13,3,0,Normal
Loan2901478,Client128140,Ngororero,2023-04-12,1500000,41539,109763,13,3,0,Normal
Loan2901479,Client43520,Rusizi,2023-04-12,1500000,114779,136713,13,2,0,Normal
Loan2901486,Client108815,Rubavu,2023-04-12,3070000,342404,200816,13,2,0,Normal
Loan2901522,Client63446,Rutsiro,2023-04-12,3500000,1891662,362846,13,2,0,Normal
Loan2901536,Client99558,Rutsiro,2023-04-12,1674000,214278,108104,13,2,0,Normal
Loan2901572,Client46748,Ngororero,2023-04-12,3420000,961166,222234,13,2,0,Normal
Loan2901574,Client164318,Gasabo,2023-04-12,1360000,-204403,228865,14,3,0,Normal
Loan2901594,Client137663,Nyagatare,2023-04-12,1580000,278971,98962,13,3,0,Normal
Loan2901595,Client189761,Nyanza,2023-04-12,1010000,148727,206382,14,2,0,Normal
Loan2901607,Client63408,Rubavu,2023-04-12,2060000,95942,159000,13,2,0,Normal
Loan2901630,Client175258,Kicukiro,2023-04-12,2760000,40122,281500,14,3,1,Written off
Loan2901658,Client171089,Nyagatare,2023-04-12,1580000,176325,115938,13,2,0,Normal
Loan2901672,Client128553,Nyagatare,2023-04-12,1540000,135685,96112,13,2,0,Normal
Loan2901685,Client14264,Nyagatare,2023-04-12,2690000,270966,191787,13,2,0,Normal
Loan2901699,Client150874,Rusizi,2023-04-12,1570000,273854,101120,13,3,0,Normal
Loan2901704,Client165150,Rubavu,2023-04-12,2880000,577985,240570,13,3,0,Normal
Loan2901711,Client159659,Kicukiro,2023-04-12,1200000,34717,105000,13,2,0,Normal
Loan2901719,Client104078,Nyagatare,2023-04-12,3500000,1000788,226317,13,2,0,Normal
Loan2901732,Client170483,Nyagatare,2023-04-12,3140000,212018,223881,13,3,0,Normal
Loan2901737,Client156222,Gasabo,2023-04-12,1590000,66753,123814,13,3,0,Normal
Loan2901743,Client157240,Nyagatare,2023-04-12,1580000,78105,115938,13,3,0,Normal
Loan2901745,Client27391,Kicukiro,2023-04-12,1300000,864903,137785,13,2,0,Normal
Loan2901771,Client130648,Nyanza,2023-04-12,1590000,394404,100084,13,3,0,Normal
Loan2901795,Client157554,Gasabo,2023-04-12,1590000,57935,101543,13,3,0,Normal
Loan2901796,Client45909,Rusizi,2023-04-12,1030000,836815,247248,13,3,0,Normal
Loan2901815,Client26094,Kicukiro,2023-04-12,2019000,435277,155809,13,2,0,Normal
Loan2902044,Client156733,Gasabo,2023-04-13,1500000,217502,101543,13,3,0,Normal
Loan2902118,Client72330,Gasabo,2023-04-13,1590000,593818,105863,13,3,0,Normal
Loan2902142,Client186917,Kicukiro,2023-04-13,2800000,194715,228865,14,2,0,Normal
Loan2902143,Client117970,Rusizi,2023-04-13,1685000,171370,101120,13,2,0,Normal
Loan2902156,Client142524,Gasabo,2023-04-13,3000000,659625,203797,13,3,0,Normal
Loan2902195,Client154799,Rusizi,2023-04-13,1600000,58750,109037,13,3,0,Normal
Loan2902230,Client57407,Gasabo,2023-04-13,2050000,515737,159963,13,3,0,Normal
Loan2902240,Client116940,Nyanza,2023-04-13,1670000,123819,120573,13,2,0,Normal
Loan2902266,Client156385,Gasabo,2023-04-13,1590000,54629,123814,13,2,0,Normal
Loan2902269,Client38510,Kicukiro,2023-04-13,1730000,86250,137758,13,2,0,Normal
Loan2902287,Client189744,Kicukiro,2023-04-13,2530000,40122,281500,14,3,1,Written off
Loan2902290,Client171261,Nyagatare,2023-04-13,1580000,55990,107288,13,3,0,Normal
Loan2902345,Client10083,Kicukiro,2023-04-13,2019000,262119,155809,13,3,0,Normal
Loan2902358,Client133931,Nyagatare,2023-04-13,3240000,502460,216817,13,3,0,Normal
Loan2902366,Client43000,Rutsiro,2023-04-13,3500000,1456781,230645,13,2,0,Normal
Loan2902367,Client178971,Kicukiro,2023-04-13,2720000,368818,192900,14,2,0,Normal
Loan2902412,Client101740,Nyagatare,2023-04-13,3500000,257106,279195,13,2,0,Normal
Loan2902763,Client110355,Nyagatare,2023-04-14,3500000,437758,283945,13,2,0,Normal
Loan2902794,Client25687,Nyagatare,2023-04-14,3500000,2405992,274929,13,2,0,Normal
Loan2902834,Client36877,Nyarugenge,2023-04-14,1420000,433616,328480,13,2,0,Normal
Loan2902929,Client189684,Gasabo,2023-04-14,720000,138897,270011,14,3,0,Normal
Loan2902943,Client87857,Rubavu,2023-04-14,2690000,895768,175486,13,2,0,Normal
Loan2902957,Client99774,Kicukiro,2023-04-14,3500000,1073492,269353,13,2,0,Normal
Loan2902968,Client121802,Nyagatare,2023-04-14,1580000,37894,98962,13,3,0,Normal
Loan2902982,Client170328,Nyagatare,2023-04-14,3230000,114531,211747,13,2,0,Normal
Loan2902995,Client157315,Nyagatare,2023-04-14,3500000,752903,226317,13,3,0,Normal
Loan2903000,Client162372,Rutsiro,2023-04-14,1600000,52797,115424,13,2,0,Normal
Loan2903016,Client113046,Nyagatare,2023-04-14,1680000,70946,105248,13,3,0,Normal
Loan2903018,Client178946,Kicukiro,2023-04-14,1000000,198001,43918,14,3,0,Normal
Loan2903025,Client81733,Rubavu,2023-04-14,3500000,1817503,233553,13,3,0,Normal
Loan2903062,Client24992,Gasabo,2023-04-14,1690000,684549,284591,13,2,0,Normal
Loan2903066,Client157067,Nyagatare,2023-04-14,1120000,62908,98962,13,3,0,Normal
Loan2903067,Client151752,Nyanza,2023-04-14,2410000,144369,200225,13,3,0,Normal
Loan2903075,Client38083,Gasabo,2023-04-14,2340000,101243,229250,14,3,0,Normal
Loan2903076,Client152292,Kicukiro,2023-04-14,1360000,453875,154224,14,2,1,Written off
Loan2903095,Client171327,Nyagatare,2023-04-14,1580000,51688,114832,13,3,0,Normal
Loan2903115,Client170318,Nyagatare,2023-04-14,1580000,194344,114832,13,3,0,Normal
Loan2903133,Client149253,Nyanza,2023-04-14,1470000,100304,92441,13,3,0,Normal
Loan2903160,Client161884,Rusizi,2023-04-14,3470000,653594,227890,13,3,0,Normal
Loan2903169,Client188302,Kicukiro,2023-04-14,2530000,40122,281500,14,3,1,Written off
Loan2903180,Client154711,Gasabo,2023-04-14,1590000,-162604,110082,13,2,0,Normal
Loan2903196,Client147302,Rubavu,2023-04-14,1300000,106493,96413,13,3,0,Normal
Loan2903203,Client108565,Rubavu,2023-04-14,1680000,66175,128917,13,3,0,Normal
Loan2903204,Client125370,Kicukiro,2023-04-14,3070000,901646,203417,13,2,0,Normal
Loan2903235,Client138243,Nyanza,2023-04-14,3400000,284127,221290,13,3,0,Normal
Loan2903261,Client26178,Rusizi,2023-04-14,2000000,167010,151171,13,2,0,Normal
Loan2903278,Client61281,Nyagatare,2023-04-14,3500000,1607036,289179,13,3,0,Normal
Loan2903285,Client47110,Nyamagabe,2023-04-14,1670000,68745,131385,13,2,0,Normal
Loan2903300,Client166087,Nyamagabe,2023-04-14,1450000,57361,100375,13,2,0,Normal
Loan2903315,Client18852,Nyagatare,2023-04-14,1940000,754027,142162,13,2,0,Normal
Loan2903332,Client113668,Ngororero,2023-04-14,3500000,554348,276370,14,3,0,Normal
Loan2903347,Client163456,Ngororero,2023-04-14,2880000,384491,226282,13,2,0,Normal
Loan2903349,Client134672,Nyamagabe,2023-04-14,2820000,55702,163980,13,2,0,Normal
Loan2903351,Client151081,Nyarugenge,2023-04-14,1500000,191194,106314,13,3,0,Normal
Loan2903378,Client40543,Ngororero,2023-04-14,1850000,106116,147903,13,2,0,Normal
Loan2903402,Client40178,Ngororero,2023-04-14,3500000,2720132,360509,13,2,0,Normal
Loan2903470,Client120855,Ngororero,2023-04-14,1470000,99172,112297,13,3,0,Normal
Loan2903482,Client682,Gasabo,2023-04-14,1770000,882874,113441,13,2,0,Normal
Loan2903548,Client122580,Rusizi,2023-04-14,1570000,102356,128981,13,2,0,Normal
Loan2903549,Client16199,Ngororero,2023-04-14,1900000,388137,136978,13,2,0,Normal
Loan2903556,Client188688,Kicukiro,2023-04-14,2760000,364525,281500,14,3,1,Written off
Loan2903573,Client121356,Rusizi,2023-04-14,1570000,251060,122389,13,3,0,Normal
Loan2903588,Client24363,Gasabo,2023-04-14,1700000,861359,119766,13,3,0,Normal
Loan2903591,Client6728,Kicukiro,2023-04-14,2120000,799961,138260,13,2,0,Normal
Loan2903623,Client139176,Gasabo,2023-04-14,1590000,98457,101395,13,3,0,Normal
Loan2904536,Client157261,Nyagatare,2023-04-17,800000,198879,114513,13,3,0,Normal
Loan2904550,Client99237,Nyarugenge,2023-04-17,3500000,387759,288631,13,3,0,Normal
Loan2904560,Client143713,Rubavu,2023-04-17,1525000,272657,115424,13,2,0,Normal
Loan2904637,Client116860,Nyarugenge,2023-04-17,3500000,229131,288146,13,2,0,Normal
Loan2904668,Client20858,Nyanza,2023-04-17,3500000,613917,266345,13,2,0,Normal
Loan2904675,Client175728,Ngororero,2023-04-17,430000,342805,307650,14,3,1,Written off
Loan2904726,Client163419,Ngororero,2023-04-17,1570000,107160,114424,13,2,0,Normal
Loan2904729,Client2606,Rubavu,2023-04-17,2000000,1082597,181775,13,3,0,Normal
Loan2904748,Client13065,Nyamagabe,2023-04-17,2000000,186000,156175,13,3,0,Normal
Loan2904759,Client66194,Ngororero,2023-04-17,2300000,769665,175437,13,3,0,Normal
Loan2904766,Client55858,Nyamagabe,2023-04-17,3480000,1119947,228194,13,3,0,Normal
Loan2904772,Client94152,Nyanza,2023-04-17,2760000,864091,177897,13,3,0,Normal
Loan2904777,Client174524,Gasabo,2023-04-17,3360000,449310,220815,13,2,0,Normal
Loan2904778,Client163823,Rutsiro,2023-04-17,1590000,168983,122449,13,3,0,Normal
Loan2904786,Client62879,Nyamagabe,2023-04-17,1740000,695104,136135,13,3,0,Normal
Loan2904795,Client43644,Gasabo,2023-04-17,1530000,666638,88335,14,2,0,Normal
Loan2904798,Client14375,Ngororero,2023-04-17,2020000,450888,135204,13,2,0,Normal
Loan2904832,Client138764,Rusizi,2023-04-17,3075000,281122,204141,13,3,0,Normal
Loan2904835,Client188683,Nyarugenge,2023-04-17,2280000,919854,196698,14,3,1,Written off
Loan2904850,Client58126,Rubavu,2023-04-17,3500000,1685588,288901,13,2,0,Normal
Loan2904852,Client71127,Rusizi,2023-04-17,1640000,644790,106039,13,2,0,Normal
Loan2904861,Client67399,Nyamagabe,2023-04-17,1700000,698164,202660,13,2,0,Normal
Loan2904868,Client163721,Ngororero,2023-04-17,2450000,272189,188725,13,3,0,Normal
Loan2904869,Client174776,Nyamagabe,2023-04-17,3500000,152952,303000,13,2,0,Normal
Loan2904931,Client186120,Rusizi,2023-04-17,2400000,1373876,966770,13,3,1,Written off
Loan2904932,Client7302,Ngororero,2023-04-17,3500000,412884,286036,13,2,0,Normal
Loan2904934,Client163955,Nyanza,2023-04-17,3070000,141208,222057,13,3,0,Normal
Loan2904939,Client64610,Gasabo,2023-04-17,1790000,114699,134624,13,2,0,Normal
Loan2904950,Client28142,Nyamagabe,2023-04-17,1900000,151094,165342,13,2,0,Normal
Loan2904990,Client89867,Rusizi,2023-04-17,2250000,784796,145572,13,2,0,Normal
Loan2905012,Client127085,Rusizi,2023-04-17,1570000,65529,122389,13,2,0,Normal
Loan2905014,Client140975,Nyamagabe,2023-04-17,2340000,93555,186088,13,2,0,Normal
Loan2905019,Client189849,Nyagatare,2023-04-17,1230000,23617,260410,14,3,0,Normal
Loan2905024,Client63808,Rusizi,2023-04-17,1745000,718223,113164,13,2,0,Normal
Loan2905025,Client123225,Nyanza,2023-04-17,1120000,46617,99566,13,3,0,Normal
Loan2905051,Client167238,Rusizi,2023-04-17,1445000,57848,104647,13,3,0,Normal
Loan2905057,Client67041,Rusizi,2023-04-17,1745000,730056,113164,13,3,0,Normal
Loan2905191,Client92798,Nyanza,2023-04-18,3500000,1301431,267963,13,2,0,Normal
Loan2905217,Client75564,Nyanza,2023-04-18,3500000,1043287,228415,13,3,0,Normal
Loan2905259,Client148636,Rubavu,2023-04-18,1590000,142681,116369,13,2,0,Normal
Loan2905322,Client158296,Ngororero,2023-04-18,1500000,216575,97795,13,2,0,Normal
Loan2905336,Client170892,Nyagatare,2023-04-18,1580000,117345,107288,13,2,0,Normal
Loan2905355,Client132681,Nyanza,2023-04-18,1850000,57918,198907,14,2,0,Normal
Loan2905374,Client88898,Rutsiro,2023-04-18,3500000,260734,342330,13,2,0,Normal
Loan2905386,Client65468,Rusizi,2023-04-18,3500000,607585,253045,13,3,0,Normal
Loan2905400,Client143720,Rubavu,2023-04-18,1600000,128413,123019,13,2,0,Normal
Loan2905423,Client159042,Rutsiro,2023-04-18,1600000,57809,102163,13,2,0,Normal
Loan2905438,Client15314,Rutsiro,2023-04-18,1680000,81640,130378,13,3,0,Normal
Loan2905440,Client40572,Ngororero,2023-04-18,900000,634262,117514,13,3,0,Normal
Loan2905465,Client158316,Ngororero,2023-04-18,1570000,42788,121389,13,2,0,Normal
Loan2905498,Client160801,Rusizi,2023-04-18,1325000,85572,99640,13,3,0,Normal
Loan2905512,Client160809,Rusizi,2023-04-18,1500000,95953,115938,13,3,0,Normal
Loan2905515,Client135532,Nyanza,2023-04-18,1650000,90166,136388,14,3,0,Normal
Loan2905542,Client171164,Nyagatare,2023-04-18,1580000,271517,113882,13,2,0,Normal
Loan2905543,Client129254,Rusizi,2023-04-18,1455000,76090,93520,13,2,0,Normal
Loan2905547,Client158093,Nyagatare,2023-04-18,1580000,42119,98962,13,2,0,Normal
Loan2905568,Client127090,Nyanza,2023-04-18,2750000,459473,186052,13,3,0,Normal
Loan2905579,Client92799,Rusizi,2023-04-18,1730000,431268,112214,13,3,0,Normal
Loan2905586,Client155718,Rusizi,2023-04-18,1600000,312659,102387,13,2,0,Normal
Loan2905590,Client148996,Nyanza,2023-04-18,1280000,32172,99632,13,3,0,Normal
Loan2905593,Client55901,Rusizi,2023-04-18,1650000,713902,123730,13,2,0,Normal
Loan2905594,Client149156,Nyanza,2023-04-18,1590000,54576,108294,13,2,0,Normal
Loan2905599,Client122959,Rusizi,2023-04-18,3500000,149713,342809,13,3,0,Normal
Loan2905709,Client2784,Kicukiro,2023-04-19,2650000,507481,179138,13,3,0,Normal
Loan2905723,Client45892,Rusizi,2023-04-19,1745000,314939,113164,13,2,0,Normal
Loan2905731,Client104271,Kicukiro,2023-04-19,3500000,236219,337824,14,2,0,Normal
Loan2905739,Client10856,Rubavu,2023-04-19,3500000,282221,275978,13,3,0,Normal
Loan2905760,Client132537,Kicukiro,2023-04-19,1500000,330367,120496,13,2,0,Normal
Loan2905769,Client146904,Rubavu,2023-04-19,600000,54062,107834,13,3,0,Normal
Loan2905773,Client143744,Nyamagabe,2023-04-19,1570000,336369,100515,13,3,0,Normal
Loan2905779,Client23582,Rutsiro,2023-04-19,3500000,451861,249220,13,2,0,Normal
Loan2905843,Client2709,Rubavu,2023-04-19,2440000,231334,186836,13,2,0,Normal
Loan2905849,Client79208,Nyagatare,2023-04-19,1770000,461517,135605,13,3,0,Normal
Loan2905862,Client127543,Rutsiro,2023-04-19,1580000,342504,101543,13,2,0,Normal
Loan2905867,Client170351,Nyagatare,2023-04-19,1530000,80177,113882,13,3,0,Normal
Loan2905873,Client2049,Rubavu,2023-04-19,3500000,463180,302804,13,3,0,Normal
Loan2905881,Client100844,Ngororero,2023-04-19,3500000,151777,230000,13,2,0,Normal
Loan2905894,Client142404,Ngororero,2023-04-19,2750000,303817,196549,13,3,0,Normal
Loan2905906,Client157170,Nyagatare,2023-04-19,1500000,72009,93262,13,3,0,Normal
Loan2905936,Client190462,Gasabo,2023-04-19,1790000,46827,121900,14,3,0,Normal
Loan2905942,Client170652,Nyagatare,2023-04-19,3230000,114813,244155,13,2,0,Normal
Loan2905956,Client72018,Gasabo,2023-04-19,1720000,695116,110798,13,3,0,Normal
Loan2905966,Client157553,Gasabo,2023-04-19,1590000,76602,103588,13,2,0,Normal
Loan2905971,Client1810,Rutsiro,2023-04-19,3500000,773823,316936,13,3,0,Normal
Loan2905977,Client10748,Ngororero,2023-04-19,2000000,460804,129322,13,3,0,Normal
Loan2905981,Client183776,Gasabo,2023-04-19,2760000,79159,138164,14,3,1,Written off
Loan2906012,Client118490,Ngororero,2023-04-19,1550000,416139,101340,13,2,0,Normal
Loan2906026,Client79326,Rubavu,2023-04-19,3500000,581329,281286,13,3,0,Normal
Loan2906057,Client62557,Rubavu,2023-04-19,3500000,1874502,402922,13,2,0,Normal
Loan2906059,Client66585,Rutsiro,2023-04-19,1600000,271501,104148,13,3,0,Normal
Loan2906062,Client158462,Rubavu,2023-04-19,1600000,59240,107834,13,3,0,Normal
Loan2906090,Client149259,Nyanza,2023-04-19,1590000,105739,114832,13,2,0,Normal
Loan2906102,Client47629,Ngororero,2023-04-19,1720000,158130,109671,13,3,0,Normal
Loan2906135,Client23062,Gasabo,2023-04-19,3440000,119868,385525,14,2,0,Normal
Loan2906254,Client179471,Gasabo,2023-04-20,1000000,-84338,228865,14,2,0,Normal
Loan2906257,Client94072,Nyagatare,2023-04-20,3280000,206297,200538,14,2,0,Normal
Loan2906262,Client59255,Nyanza,2023-04-20,1760000,159312,135605,13,3,0,Normal
Loan2906265,Client128986,Nyagatare,2023-04-20,1580000,138097,122389,13,2,0,Normal
Loan2906267,Client57362,Gasabo,2023-04-20,1790000,83256,144124,13,2,0,Normal
Loan2906287,Client188271,Gasabo,2023-04-20,2760000,79159,138164,14,3,1,Written off
Loan2906310,Client104253,Nyarugenge,2023-04-20,1630000,117664,109931,13,3,0,Normal
Loan2906311,Client17722,Ngororero,2023-04-20,2020000,250753,157771,13,2,0,Normal
Loan2906343,Client167775,Rusizi,2023-04-20,1000000,252394,108338,13,2,0,Normal
Loan2906345,Client158363,Ngororero,2023-04-20,1570000,143897,102545,13,2,0,Normal
Loan2906368,Client163457,Ngororero,2023-04-20,1500000,299408,102545,13,3,0,Normal
Loan2906380,Client57835,Rubavu,2023-04-20,3500000,240579,286512,13,3,0,Normal
Loan2906389,Client147593,Rubavu,2023-04-20,1500000,55453,101163,13,2,0,Normal
Loan2906390,Client147824,Nyamagabe,2023-04-20,1500000,317666,95765,13,3,0,Normal
Loan2906397,Client130255,Nyagatare,2023-04-20,3500000,87374,209440,13,2,0,Normal
Loan2906425,Client63336,Gasabo,2023-04-20,1700000,358805,138233,13,2,0,Normal
Loan2906439,Client51870,Ngororero,2023-04-20,1280000,432178,82771,14,3,0,Normal
Loan2906455,Client168545,Rusizi,2023-04-20,1500000,189724,115938,13,3,0,Normal
Loan2906471,Client82631,Kicukiro,2023-04-20,3180000,150860,241017,13,3,0,Normal
Loan2906492,Client99743,Gasabo,2023-04-20,2080000,395927,228865,14,3,0,Normal
Loan2907418,Client171212,Nyagatare,2023-04-22,800000,59825,114832,13,3,0,Normal
Loan2907503,Client113354,Kicukiro,2023-04-22,3000000,1167547,147330,14,2,0,Normal
Loan2907522,Client163892,Kicukiro,2023-04-22,1020000,200066,46600,14,2,0,Normal
Loan2907551,Client85711,Kicukiro,2023-04-22,1570000,64947,99004,13,3,0,Normal
Loan2907569,Client156689,Nyagatare,2023-04-22,1520000,311449,98962,13,2,0,Normal
Loan2907571,Client63971,Kicukiro,2023-04-22,1580000,163137,124680,13,2,0,Normal
Loan2907581,Client132811,Kicukiro,2023-04-22,3070000,271170,203892,13,3,0,Normal
Loan2907583,Client157920,Nyagatare,2023-04-22,1520000,216447,104563,13,3,0,Normal
Loan2907599,Client104167,Nyagatare,2023-04-22,3500000,191425,225417,13,3,0,Normal
Loan2907602,Client92714,Gasabo,2023-04-22,3500000,1838322,270626,13,3,0,Normal
Loan2907610,Client170685,Nyagatare,2023-04-22,1580000,45412,185000,13,3,0,Normal
Loan2907612,Client99646,Gasabo,2023-04-22,3500000,1722144,261126,13,3,0,Normal
Loan2907625,Client50907,Nyagatare,2023-04-22,1340000,290678,228865,14,3,0,Normal
Loan2907635,Client110328,Nyagatare,2023-04-22,1680000,150522,105248,13,2,0,Normal
Loan2908403,Client99749,Kicukiro,2023-04-24,3500000,1642936,235130,13,3,0,Normal
Loan2908404,Client139445,Rubavu,2023-04-24,1590000,267864,149249,13,3,0,Normal
Loan2908409,Client165546,Nyanza,2023-04-24,1590000,42265,122389,13,2,0,Normal
Loan2908410,Client69921,Nyamagabe,2023-04-24,3000000,913031,231373,13,3,0,Normal
Loan2908422,Client123671,Gasabo,2023-04-24,3090000,1061292,203797,13,3,0,Normal
Loan2908446,Client160583,Rusizi,2023-04-24,1560000,134216,115938,13,2,0,Normal
Loan2908513,Client120818,Rutsiro,2023-04-24,3500000,150236,249380,13,3,0,Normal
Loan2908517,Client113048,Nyagatare,2023-04-24,1580000,119232,130406,13,3,0,Normal
Loan2908538,Client118986,Rusizi,2023-04-24,1725000,399730,249265,13,3,0,Normal
Loan2908543,Client86218,Kicukiro,2023-04-24,1840000,65779,119251,13,3,0,Normal
Loan2908564,Client68797,Ngororero,2023-04-24,1200000,186269,111571,13,3,0,Normal
Loan2908569,Client146019,Nyamagabe,2023-04-24,1570000,38898,100515,13,2,0,Normal
Loan2908575,Client41581,Nyarugenge,2023-04-24,1780000,216931,131462,13,2,0,Normal
Loan2908621,Client121392,Gasabo,2023-04-24,3500000,917046,286016,13,3,0,Normal
Loan2908629,Client84566,Nyagatare,2023-04-24,2000000,243372,205141,13,3,0,Normal
Loan2908632,Client155863,Gasabo,2023-04-24,1590000,173150,116257,13,2,0,Normal
Loan2908655,Client56741,Rusizi,2023-04-24,1395000,94013,196080,14,1,0,Normal
Loan2908729,Client149725,Nyanza,2023-04-24,1450000,46765,90541,13,2,0,Normal
Loan2908732,Client91890,Rubavu,2023-04-24,1770000,156051,142761,13,2,0,Normal
Loan2908748,Client150727,Rutsiro,2023-04-24,3100000,248976,250806,13,3,0,Normal
Loan2908757,Client97505,Kicukiro,2023-04-24,3500000,1106215,228865,14,2,0,Normal
Loan2908759,Client101149,Rubavu,2023-04-24,3500000,282284,228884,13,3,0,Normal
Loan2908760,Client165266,Nyanza,2023-04-24,3500000,251046,249265,13,3,0,Normal
Loan2908768,Client145539,Nyanza,2023-04-24,3090000,114609,197790,13,3,0,Normal
Loan2908769,Client142608,Kicukiro,2023-04-24,1570000,22495,122389,13,3,0,Normal
Loan2908774,Client41257,Nyanza,2023-04-24,1590000,302309,143936,13,2,0,Normal
Loan2908789,Client166268,Kicukiro,2023-04-24,600000,299243,105332,13,3,0,Normal
Loan2908808,Client79858,Nyagatare,2023-04-24,1770000,138636,110730,13,2,0,Normal
Loan2908871,Client149559,Nyanza,2023-04-24,1590000,35702,114832,13,2,0,Normal
Loan2908940,Client104714,Gasabo,2023-04-24,3500000,355171,284591,13,2,0,Normal
Loan2908963,Client156262,Gasabo,2023-04-24,1590000,64039,115938,13,3,0,Normal
Loan2909330,Client15607,Rusizi,2023-04-25,2010000,991782,130899,13,2,0,Normal
Loan2909371,Client158550,Gasabo,2023-04-25,2800000,1091139,388628,14,3,0,Normal
Loan2909390,Client76010,Rubavu,2023-04-25,3500000,397237,298345,13,3,0,Normal
Loan2909418,Client144094,Nyarugenge,2023-04-25,1570000,43260,101638,13,3,0,Normal
Loan2909444,Client134628,Rubavu,2023-04-25,2435000,630205,157905,13,2,0,Normal
Loan2909453,Client163453,Ngororero,2023-04-25,1460000,33283,109669,13,2,0,Normal
Loan2909479,Client126041,Kicukiro,2023-04-25,3500000,149022,248886,13,3,0,Normal
Loan2909485,Client113655,Rusizi,2023-04-25,3500000,80366,287461,13,2,0,Normal
Loan2909493,Client100731,Nyamagabe,2023-04-25,1660000,88080,126131,13,2,0,Normal
Loan2909497,Client162231,Nyarugenge,2023-04-25,2770000,170482,291028,13,2,0,Normal
Loan2909637,Client125973,Nyagatare,2023-04-25,1540000,76361,106913,13,3,0,Normal
Loan2909655,Client103931,Gasabo,2023-04-25,1770000,259300,112689,13,2,0,Normal
Loan2909671,Client134949,Gasabo,2023-04-25,2450000,358859,151004,14,3,0,Normal
Loan2909680,Client188851,Nyarugenge,2023-04-25,2470000,340606,228865,14,3,0,Normal
Loan2909795,Client18814,Gasabo,2023-04-25,2290000,667447,169528,14,2,0,Normal
Loan2909994,Client188290,Nyarugenge,2023-04-26,3190000,533990,228865,14,3,0,Normal
Loan2910001,Client9389,Nyanza,2023-04-26,2040000,325989,155334,13,2,0,Normal
Loan2910153,Client99421,Nyamagabe,2023-04-26,1740000,165065,136135,13,3,0,Normal
Loan2910162,Client173381,Nyanza,2023-04-26,1000000,285449,132810,13,3,0,Normal
Loan2910210,Client56870,Rusizi,2023-04-26,2965000,146640,227232,13,2,0,Normal
Loan2910221,Client3917,Kicukiro,2023-04-26,2120000,1111725,138260,13,3,0,Normal
Loan2910223,Client123063,Rutsiro,2023-04-26,1570000,79743,101543,13,2,0,Normal
Loan2910236,Client71401,Rusizi,2023-04-26,3400000,690620,224814,13,3,0,Normal
Loan2910244,Client157631,Gasabo,2023-04-26,1590000,274064,101395,13,3,0,Normal
Loan2910261,Client160158,Nyamagabe,2023-04-26,3030000,313998,223322,13,3,0,Normal
Loan2910267,Client29468,Rusizi,2023-04-26,1000000,607195,154401,13,3,0,Normal
Loan2910301,Client155842,Gasabo,2023-04-26,1590000,55409,114832,13,2,0,Normal
Loan2910318,Client128798,Nyamagabe,2023-04-26,2500000,646503,91474,13,2,0,Normal
Loan2910334,Client119709,Rusizi,2023-04-26,1560000,81167,128427,13,2,0,Normal
Loan2910356,Client175296,Kicukiro,2023-04-26,2070000,732907,208100,14,2,0,Normal
Loan2910381,Client122164,Rusizi,2023-04-26,3070000,1004047,202241,13,2,0,Normal
Loan2910410,Client68847,Rutsiro,2023-04-26,1750000,310097,136834,13,2,0,Normal
Loan2910411,Client122948,Kicukiro,2023-04-26,1500000,321236,140600,14,2,0,Normal
Loan2910430,Client93442,Nyagatare,2023-04-26,2130000,120514,152699,13,3,0,Normal
Loan2910444,Client183586,Rusizi,2023-04-26,1500000,64366,107000,13,3,0,Normal
Loan2910486,Client189750,Kicukiro,2023-04-26,2370000,231111,287461,14,2,0,Normal
Loan2910497,Client99706,Kicukiro,2023-04-26,3500000,363862,306190,13,3,0,Normal
Loan2910530,Client172355,Ngororero,2023-04-26,3300000,353462,238836,13,2,0,Normal
Loan2910558,Client150698,Gasabo,2023-04-26,1590000,108027,101543,13,3,0,Normal
Loan2910641,Client62418,Gasabo,2023-04-26,3500000,1689277,278265,13,2,0,Normal
Loan2910795,Client66579,Rutsiro,2023-04-27,1750000,673899,137723,13,3,0,Normal
Loan2910800,Client95235,Nyarugenge,2023-04-27,860000,153694,59269,14,2,0,Normal
Loan2910876,Client44751,Ngororero,2023-04-27,2750000,130178,182220,13,3,0,Normal
Loan2910924,Client11788,Kicukiro,2023-04-27,3400000,325925,242881,13,2,0,Normal
Loan2910933,Client55883,Gasabo,2023-04-27,1770000,310153,113441,13,2,0,Normal
Loan2910951,Client155893,Gasabo,2023-04-27,1590000,244079,116257,13,3,0,Normal
Loan2911012,Client117249,Gasabo,2023-04-27,1680000,-50780,107831,13,3,0,Normal
Loan2911022,Client148350,Nyanza,2023-04-27,1590000,225726,100041,13,3,0,Normal
Loan2911032,Client110381,Nyagatare,2023-04-27,3500000,184199,284091,13,3,0,Normal
Loan2911052,Client155861,Gasabo,2023-04-27,1590000,58263,115938,13,2,0,Normal
Loan2911077,Client174979,Rusizi,2023-04-27,3500000,215278,249380,13,2,0,Normal
Loan2911117,Client174699,Rusizi,2023-04-27,3500000,412716,133035,14,2,0,Normal
Loan2911141,Client145011,Nyamagabe,2023-04-27,1400000,208939,94815,13,2,0,Normal
Loan2911164,Client97057,Nyagatare,2023-04-27,3100000,175631,270341,13,2,0,Normal
Loan2911203,Client77926,Kicukiro,2023-04-27,3500000,231846,269353,13,2,0,Normal
Loan2911213,Client99504,Rusizi,2023-04-27,1740000,126404,135605,13,3,0,Normal
Loan2911238,Client119996,Nyagatare,2023-04-27,3500000,195227,226317,13,2,0,Normal
Loan2911244,Client18469,Rubavu,2023-04-27,1940000,766383,125025,13,2,0,Normal
Loan2911245,Client9301,Nyagatare,2023-04-27,1940000,160990,149667,13,2,0,Normal
Loan2911289,Client2645,Rubavu,2023-04-27,2380000,279006,143619,13,1,1,Written off
Loan2911296,Client19179,Nyanza,2023-04-27,1790000,89402,139787,13,2,0,Normal
Loan2911313,Client28174,Nyamagabe,2023-04-27,2360000,223581,182065,13,3,0,Normal
Loan2911314,Client148551,Nyagatare,2023-04-27,1520000,50662,94212,13,2,0,Normal
Loan2911319,Client2907,Gasabo,2023-04-27,3500000,2418593,348329,14,2,0,Normal
Loan2911343,Client117628,Gasabo,2023-04-27,1680000,60248,108009,13,2,0,Normal
Loan2911344,Client96822,Nyanza,2023-04-27,1580000,86206,250560,13,2,0,Normal
Loan2911370,Client127136,Nyanza,2023-04-27,1590000,383133,100041,13,2,0,Normal
Loan2911375,Client154008,Rusizi,2023-04-27,920000,52038,70243,13,2,0,Normal
Loan2911400,Client80692,Rusizi,2023-04-27,1690000,93161,110789,13,2,0,Normal
Loan2911555,Client56509,Nyarugenge,2023-04-28,2690000,21637,228865,14,3,0,Normal
Loan2911724,Client113005,Nyarugenge,2023-04-28,2140000,105809,220286,14,3,0,Normal
Loan2911741,Client186615,Kicukiro,2023-04-28,3500000,707038,363200,14,2,0,Normal
Loan2911829,Client43018,Rutsiro,2023-04-28,3500000,152534,286036,13,4,0,Normal
Loan2911852,Client49299,Nyarugenge,2023-04-28,2340000,41160,122457,14,2,0,Normal
Loan2911877,Client118664,Nyarugenge,2023-04-28,3500000,333463,276822,13,2,0,Normal
Loan2911913,Client137653,Rubavu,2023-04-28,3500000,771273,231464,13,2,0,Normal
Loan2911928,Client160350,Rusizi,2023-04-28,800000,70472,101113,13,3,0,Normal
Loan2911962,Client156500,Gasabo,2023-04-28,1520000,97910,96645,13,2,0,Normal
Loan2911977,Client546,Rusizi,2023-04-28,3500000,405345,277277,13,3,0,Normal
Loan2911994,Client160419,Gasabo,2023-04-28,2500000,1335466,228865,14,2,0,Normal
Loan2912058,Client137828,Nyanza,2023-04-28,1590000,40488,100041,13,2,0,Normal
Loan2912078,Client4335,Ngororero,2023-04-28,2080000,1102439,133728,13,2,0,Normal
Loan2912099,Client62771,Nyamagabe,2023-04-28,1700000,231748,115045,13,3,0,Normal
Loan2912108,Client172851,Nyamagabe,2023-04-28,3500000,61566,252070,13,3,0,Normal
Loan2912122,Client5284,Rusizi,2023-04-28,1930000,386487,192310,13,2,0,Normal
Loan2912140,Client158027,Ngororero,2023-04-28,1570000,322785,102545,13,3,0,Normal
Loan2912150,Client149078,Nyanza,2023-04-28,1590000,41649,100041,13,3,0,Normal
Loan2912159,Client156241,Gasabo,2023-04-28,1540000,171466,98545,13,2,0,Normal
Loan2912160,Client59849,Nyanza,2023-04-28,1770000,441365,135605,13,2,0,Normal
Loan2912179,Client4420,Nyanza,2023-04-28,2140000,200491,165764,13,2,0,Normal
Loan2912189,Client19615,Nyanza,2023-04-28,1940000,266960,143678,13,2,0,Normal
Loan2912214,Client106546,Rubavu,2023-04-28,3500000,1107636,136180,13,2,0,Normal
Loan2912240,Client157211,Nyagatare,2023-04-28,1500000,118378,94212,13,2,0,Normal
Loan2912252,Client147203,Rubavu,2023-04-28,1520000,59236,96413,13,2,0,Normal
Loan2912256,Client150378,Rusizi,2023-04-28,1570000,303077,101120,13,3,0,Normal
Loan2912288,Client167863,Rusizi,2023-04-28,1570000,68534,114513,13,2,0,Normal
Loan2914283,Client155496,Nyagatare,2023-05-02,1580000,78404,113832,13,2,0,Normal
Loan2914347,Client159518,Kicukiro,2023-05-02,1100000,253797,105863,13,3,0,Normal
Loan2914421,Client159324,Gasabo,2023-05-02,1500000,293790,100643,13,2,0,Normal
Loan2914425,Client34716,Rutsiro,2023-05-02,1790000,326291,115016,13,3,0,Normal
Loan2914460,Client145622,Rutsiro,2023-05-02,1200000,48792,96888,13,3,0,Normal
Loan2914486,Client150010,Rusizi,2023-05-02,1570000,210672,115938,13,2,0,Normal
Loan2914536,Client172378,Ngororero,2023-05-02,1570000,66086,114424,13,3,0,Normal
Loan2914632,Client170010,Rubavu,2023-05-02,1344000,377915,100263,13,2,0,Normal
Loan2914657,Client50805,Rubavu,2023-05-02,1760000,75968,131334,13,2,0,Normal
Loan2914694,Client174253,Rutsiro,2023-05-02,3500000,221071,235511,13,2,0,Normal
Loan2914702,Client143280,Rutsiro,2023-05-02,1570000,256893,101638,13,2,0,Normal
Loan2914783,Client158649,Kicukiro,2023-05-02,2150000,58812,174930,14,3,0,Normal
Loan2914784,Client100416,HQ,2023-05-02,3500000,469095,996332,14,2,0,Normal
Loan2914837,Client13204,Rubavu,2023-05-02,2630000,605521,221004,14,3,0,Normal
Loan2914841,Client135351,Rutsiro,2023-05-02,3500000,90317,250331,13,3,0,Normal
Loan2914901,Client5340,Rusizi,2023-05-02,2120000,103758,139383,13,2,0,Normal
Loan2914968,Client41277,Nyanza,2023-05-02,1710000,815620,113214,13,3,0,Normal
Loan2914991,Client154175,Gasabo,2023-05-02,1590000,61277,115938,13,2,0,Normal
Loan2915098,Client187485,Rusizi,2023-05-02,3080000,474297,185092,13,2,0,Normal
Loan2915374,Client12882,Rubavu,2023-05-03,3500000,1113663,540427,14,2,0,Normal
Loan2915396,Client40197,Ngororero,2023-05-03,1600000,100351,112764,13,3,0,Normal
Loan2915462,Client33460,Gasabo,2023-05-03,1860000,227088,143933,13,3,0,Normal
Loan2915544,Client119265,Nyanza,2023-05-03,3500000,141375,231693,13,2,0,Normal
Loan2915560,Client18819,Gasabo,2023-05-03,2500000,363592,191791,13,3,0,Normal
Loan2915601,Client101788,Nyagatare,2023-05-03,1680000,621042,105248,13,3,0,Normal
Loan2915644,Client25756,Nyagatare,2023-05-03,3200000,497607,240880,13,3,0,Normal
Loan2915683,Client171100,Nyagatare,2023-05-03,1500000,189391,113826,13,3,0,Normal
Loan2915692,Client86927,Nyarugenge,2023-05-03,1840000,733914,119766,13,2,0,Normal
Loan2915730,Client94136,Nyanza,2023-05-03,700000,284096,128060,13,2,0,Normal
Loan2915796,Client82161,Nyarugenge,2023-05-03,1240000,1534474,265899,14,2,0,Normal
Loan2915804,Client119746,Nyarugenge,2023-05-03,1370000,61682,63683,14,2,0,Normal
Loan2915808,Client145498,Rubavu,2023-05-03,1520000,167447,102609,13,2,0,Normal
Loan2915822,Client156063,Gasabo,2023-05-03,1590000,87646,101543,13,2,0,Normal
Loan2915849,Client148679,Rubavu,2023-05-03,1520000,87995,110194,13,3,0,Normal
Loan2915888,Client108152,Nyamagabe,2023-05-03,1660000,87228,124231,13,2,0,Normal
Loan2915900,Client164734,Kicukiro,2023-05-03,1570000,117055,101638,13,3,0,Normal
Loan2915902,Client50303,Nyarugenge,2023-05-03,3500000,1177946,284122,13,2,0,Normal
Loan2915934,Client68035,Kicukiro,2023-05-03,1430000,50554,183650,14,2,0,Normal
Loan2915963,Client18042,Nyarugenge,2023-05-03,1980000,109080,105863,13,2,0,Normal
Loan2915968,Client157651,Gasabo,2023-05-03,1590000,57348,101395,13,2,0,Normal
Loan2915989,Client154659,Kicukiro,2023-05-03,1500000,224012,98313,13,3,0,Normal
Loan2916057,Client168525,Nyanza,2023-05-03,1540000,58125,111982,13,3,0,Normal
Loan2916059,Client27803,Rutsiro,2023-05-03,3500000,1681426,290121,13,2,0,Normal
Loan2916066,Client77725,Rutsiro,2023-05-03,1700000,488779,132084,13,3,0,Normal
Loan2916100,Client157490,Gasabo,2023-05-03,1590000,135010,101395,13,2,0,Normal
Loan2916133,Client77783,Rutsiro,2023-05-03,1770000,652821,136834,13,3,0,Normal
Loan2916196,Client49918,Gasabo,2023-05-03,1590000,259430,115938,13,3,0,Normal
Loan2916201,Client172168,Rutsiro,2023-05-03,1600000,227180,122389,13,2,0,Normal
Loan2916206,Client19627,Nyanza,2023-05-03,1200000,456378,123831,13,3,0,Normal
Loan2916218,Client2725,Rubavu,2023-05-03,2590000,152774,166225,13,2,0,Normal
Loan2916260,Client149795,Nyanza,2023-05-03,1520000,168738,95291,13,2,0,Normal
Loan2916549,Client68849,Rutsiro,2023-05-04,3500000,396986,113648,13,2,0,Normal
Loan2916633,Client69188,Rubavu,2023-05-04,2165000,172105,157404,13,2,0,Normal
Loan2916679,Client70238,Ngororero,2023-05-04,3000000,1516562,205965,13,2,0,Normal
Loan2916691,Client129442,Ngororero,2023-05-04,1350000,70221,99809,13,2,0,Normal
Loan2916694,Client78601,Nyagatare,2023-05-04,3500000,199266,263336,13,2,0,Normal
Loan2916723,Client131633,Nyamagabe,2023-05-04,1000000,388974,100515,13,2,0,Normal
Loan2916733,Client157297,Nyagatare,2023-05-04,1580000,167046,98962,13,3,0,Normal
Loan2916747,Client156229,Gasabo,2023-05-04,1590000,55925,101395,13,3,0,Normal
Loan2916750,Client118693,Nyamagabe,2023-05-04,3350000,254109,239778,13,2,0,Normal
Loan2916764,Client65023,Rusizi,2023-05-04,3455000,170199,247955,13,3,0,Normal
Loan2916768,Client157514,Gasabo,2023-05-04,1520000,151316,101395,13,3,0,Normal
Loan2916796,Client190613,Gasabo,2023-05-04,1730000,92640,120770,14,2,0,Normal
Loan2916799,Client86939,Nyarugenge,2023-05-04,3500000,801624,302900,13,2,0,Normal
Loan2916826,Client142585,Nyarugenge,2023-05-04,3290000,381702,228865,14,3,0,Normal
Loan2916833,Client188372,Nyanza,2023-05-04,1650000,48479,325652,14,3,0,Normal
Loan2916845,Client63516,Gasabo,2023-05-04,1630000,594441,163864,13,2,0,Normal
Loan2916856,Client172435,Ngororero,2023-05-04,1550000,54626,104916,13,3,0,Normal
Loan2916951,Client71560,Nyamagabe,2023-05-04,3500000,591162,263696,13,3,0,Normal
Loan2916961,Client174180,Gasabo,2023-05-04,1000000,98127,106000,13,3,0,Normal
Loan2916966,Client28936,Nyarugenge,2023-05-04,3500000,106055,108423,14,2,0,Normal
Loan2916991,Client166327,Kicukiro,2023-05-04,1570000,49859,114832,13,3,0,Normal
Loan2917002,Client7839,Nyanza,2023-05-04,2000000,683238,156175,13,3,0,Normal
Loan2917009,Client141006,Nyagatare,2023-05-04,3500000,540500,266631,13,3,1,Written off
Loan2917011,Client109080,Nyanza,2023-05-04,3500000,627445,287478,13,3,0,Normal
Loan2917012,Client111101,Gasabo,2023-05-04,1680000,160897,129947,13,3,0,Normal
Loan2917045,Client170708,Nyagatare,2023-05-04,3160000,577882,225592,13,2,0,Normal
Loan2917097,Client141997,Ngororero,2023-05-04,1570000,43147,101120,13,3,0,Normal
Loan2917201,Client130220,Gasabo,2023-05-04,2760000,69428,423050,14,3,0,Normal
Loan2917213,Client172787,Rusizi,2023-05-04,3500000,245027,288695,13,3,0,Normal
Loan2917225,Client150581,Rusizi,2023-05-04,3070000,94961,194641,13,3,0,Normal
Loan2917252,Client150823,Rusizi,2023-05-04,1570000,55686,122389,13,2,0,Normal
Loan2917474,Client150492,Rusizi,2023-05-05,1570000,111005,93520,13,3,0,Normal
Loan2917555,Client163591,Gasabo,2023-05-05,2650000,294296,122062,14,3,0,Normal
Loan2917620,Client4713,Ngororero,2023-05-05,2000000,275917,154921,13,2,0,Normal
Loan2917625,Client171284,Nyagatare,2023-05-05,1380000,46399,100263,13,3,0,Normal
Loan2917630,Client100717,Nyamagabe,2023-05-05,2970000,359736,226582,13,2,0,Normal
Loan2917634,Client43056,Nyanza,2023-05-05,3000000,1258020,194380,13,3,0,Normal
Loan2917637,Client162648,Nyagatare,2023-05-05,1580000,167964,102538,13,3,0,Normal
Loan2917643,Client15611,Rusizi,2023-05-05,1925000,311475,149287,13,3,0,Normal
Loan2917645,Client157915,Nyagatare,2023-05-05,3300000,582536,211592,13,3,0,Normal
Loan2917676,Client72221,Nyagatare,2023-05-05,1600000,66015,107880,13,2,0,Normal
Loan2917691,Client45389,Rutsiro,2023-05-05,3500000,2780378,353346,13,3,0,Normal
Loan2917707,Client14942,Nyarugenge,2023-05-05,2130000,701791,165497,13,3,0,Normal
Loan2917710,Client69443,Gasabo,2023-05-05,3500000,9984,222057,13,3,0,Normal
Loan2917727,Client113344,Kicukiro,2023-05-05,3300000,285480,228865,14,3,0,Normal
Loan2917735,Client122331,Rusizi,2023-05-05,2735000,156436,214469,13,2,0,Normal
Loan2917767,Client133993,Nyagatare,2023-05-05,3500000,719051,244015,13,2,0,Normal
Loan2917785,Client67134,Nyamagabe,2023-05-05,3500000,1827070,268871,13,3,0,Normal
Loan2917795,Client45959,Nyanza,2023-05-05,1780000,485016,112739,13,3,0,Normal
Loan2917811,Client108718,Nyanza,2023-05-05,3500000,254683,283945,13,2,0,Normal
Loan2917827,Client58975,Nyanza,2023-05-05,1500000,455102,111947,13,2,0,Normal
Loan2917833,Client163227,Nyagatare,2023-05-05,1580000,311403,131915,13,2,0,Normal
Loan2917880,Client185945,Nyanza,2023-05-05,2320000,136850,100652,14,3,0,Normal
Loan2917901,Client170545,Nyagatare,2023-05-05,3500000,162798,237632,13,3,0,Normal
Loan2917947,Client163801,Gasabo,2023-05-05,1420000,91609,109496,14,3,0,Normal
Loan2918029,Client59259,Nyanza,2023-05-05,3000000,413645,242442,13,3,0,Normal
Loan2918041,Client164792,Ngororero,2023-05-05,1260000,59864,155652,14,3,0,Normal
Loan2918063,Client147154,Rubavu,2023-05-05,900000,27579,96413,13,3,0,Normal
Loan2918075,Client131909,Nyanza,2023-05-05,1590000,159754,100041,13,3,0,Normal
Loan2918078,Client159872,Rubavu,2023-05-05,1100000,66735,160652,13,3,0,Normal
Loan2918085,Client171715,Nyamagabe,2023-05-05,3500000,100743,230370,13,3,0,Normal
Loan2918095,Client2024,Rubavu,2023-05-05,3500000,1339197,305470,13,3,0,Normal
Loan2918110,Client145979,Rubavu,2023-05-05,1240000,40666,86913,13,3,0,Normal
Loan2918169,Client68646,HQ,2023-05-05,1678028,242117,134769,14,3,0,Normal
Loan2918171,Client48102,HQ,2023-05-05,1678028,123869,142466,14,3,0,Normal
Loan2918175,Client11181,HQ,2023-05-05,1794950,153633,255965,14,3,0,Normal
Loan2918230,Client167806,Kicukiro,2023-05-05,1570000,75599,114513,13,3,0,Normal
Loan2918526,Client188630,Rusizi,2023-05-06,2060000,325213,228865,14,3,0,Normal
Loan2918653,Client79322,Nyagatare,2023-05-06,2760000,136336,197794,13,2,0,Normal
Loan2918754,Client100256,Ngororero,2023-05-08,3150000,299364,238880,13,2,0,Normal
Loan2918755,Client87133,Nyamagabe,2023-05-08,3500000,158946,237411,13,3,0,Normal
Loan2918779,Client55302,Nyagatare,2023-05-08,3500000,181654,269303,13,3,0,Normal
Loan2918819,Client119266,Nyamagabe,2023-05-08,1580000,50977,101124,13,2,0,Normal
Loan2918829,Client170978,Nyagatare,2023-05-08,3500000,625339,227742,13,3,0,Normal
Loan2918831,Client51277,Ngororero,2023-05-08,1700000,144281,130385,13,2,0,Normal
Loan2918833,Client178856,Kicukiro,2023-05-08,1600000,87906,111925,14,3,0,Normal
Loan2918836,Client24152,Nyagatare,2023-05-08,3500000,382507,269062,13,2,0,Normal
Loan2918848,Client63012,Nyamagabe,2023-05-08,1570000,187566,111824,13,2,0,Normal
Loan2918902,Client184543,Rutsiro,2023-05-08,1490000,103800,100224,13,3,0,Normal
Loan2918904,Client188944,Gasabo,2023-05-08,1600000,50407,212096,14,3,0,Normal
Loan2918942,Client80291,Ngororero,2023-05-08,1730000,100440,111571,13,3,0,Normal
Loan2918973,Client128142,Ngororero,2023-05-08,1500000,90104,95059,13,2,0,Normal
Loan2918979,Client172465,Ngororero,2023-05-08,1570000,111226,112957,13,2,0,Normal
Loan2918989,Client144124,Rutsiro,2023-05-08,1580000,176488,103063,13,4,0,Normal
Loan2919010,Client78597,Nyagatare,2023-05-08,3040000,433770,225180,13,2,0,Normal
Loan2919019,Client170864,Nyagatare,2023-05-08,1580000,263017,102000,13,3,0,Normal
Loan2919022,Client147441,Rutsiro,2023-05-08,1570000,271538,107834,13,2,0,Normal
Loan2919027,Client157593,Gasabo,2023-05-08,700000,136031,101395,13,3,0,Normal
Loan2919028,Client5773,Rusizi,2023-05-08,3500000,166810,288750,13,3,0,Normal
Loan2919054,Client169307,Nyagatare,2023-05-08,1580000,27690,113885,13,3,0,Normal
Loan2919064,Client189991,Gasabo,2023-05-08,3500000,235152,228865,14,3,0,Normal
Loan2919081,Client134974,Gasabo,2023-05-08,1450000,184938,99287,14,2,0,Normal
Loan2919090,Client11310,Rutsiro,2023-05-08,2800000,328771,205035,14,3,0,Normal
Loan2919119,Client157484,Gasabo,2023-05-08,900000,323571,101395,13,2,0,Normal
Loan2919124,Client109235,Kicukiro,2023-05-08,1500000,50397,107554,13,3,0,Normal
Loan2919132,Client95370,Rusizi,2023-05-08,1745000,303727,130910,13,2,0,Normal
Loan2919134,Client68447,Nyanza,2023-05-08,1760000,424860,112185,13,2,0,Normal
Loan2919144,Client163394,Ngororero,2023-05-08,3000000,326666,236602,13,2,0,Normal
Loan2919152,Client46577,Nyanza,2023-05-08,3080000,142650,199866,13,3,0,Normal
Loan2919159,Client17132,Nyagatare,2023-05-08,2650000,496804,192544,13,2,0,Normal
Loan2919160,Client47744,Ngororero,2023-05-08,2650000,146596,209411,13,3,0,Normal
Loan2919183,Client173383,Nyanza,2023-05-08,1590000,61491,106288,13,3,0,Normal
Loan2919200,Client100859,Rusizi,2023-05-08,1560000,122739,130406,13,3,0,Normal
Loan2919233,Client95480,Ngororero,2023-05-08,1600000,201734,104446,13,2,0,Normal
Loan2919258,Client101948,Rusizi,2023-05-08,2700000,1577976,215211,13,3,0,Normal
Loan2919261,Client34577,Ngororero,2023-05-08,2950000,396211,226282,13,3,0,Normal
Loan2919278,Client117325,Ngororero,2023-05-08,1550000,128857,118481,13,2,0,Normal
Loan2919289,Client61207,Rusizi,2023-05-08,3220000,719332,226714,13,2,0,Normal
Loan2919294,Client171864,Ngororero,2023-05-08,1480000,182669,100234,13,3,0,Normal
Loan2919318,Client100873,Rusizi,2023-05-08,3145000,384827,227057,13,2,0,Normal
Loan2919335,Client34228,Ngororero,2023-05-08,3450000,224308,300927,13,2,0,Normal
Loan2919373,Client16268,Rusizi,2023-05-08,3500000,203140,251975,13,3,0,Normal
Loan2919395,Client73969,Rusizi,2023-05-08,2735000,641236,206186,13,3,0,Normal
Loan2919396,Client172318,Ngororero,2023-05-08,3000000,122147,234065,13,2,0,Normal
Loan2919402,Client58712,Nyanza,2023-05-08,1770000,182591,135605,13,3,0,Normal
Loan2919468,Client9360,Rusizi,2023-05-08,3105000,540740,237692,13,3,0,Normal
Loan2919510,Client92789,Rusizi,2023-05-08,3500000,146461,643942,13,3,0,Normal
Loan2919526,Client121713,Rusizi,2023-05-08,2985000,951609,167530,13,3,0,Normal
Loan2919548,Client160818,Rusizi,2023-05-08,1570000,317080,141303,13,2,0,Normal
Loan2919566,Client128885,Rusizi,2023-05-08,1125000,284725,122294,13,2,0,Normal
Loan2919702,Client158923,Rutsiro,2023-05-09,1520000,98520,102541,13,3,0,Normal
Loan2919736,Client15360,Gasabo,2023-05-09,2990000,387194,221281,14,2,0,Normal
Loan2919840,Client119867,Nyamagabe,2023-05-09,1660000,150457,142699,13,2,0,Normal
Loan2919850,Client40754,Nyamagabe,2023-05-09,1820000,538709,117420,13,2,0,Normal
Loan2919868,Client154571,Rusizi,2023-05-09,1600000,56952,101638,13,2,0,Normal
Loan2919880,Client76126,Rusizi,2023-05-09,3500000,1161635,281552,13,2,0,Normal
Loan2919921,Client124145,Nyagatare,2023-05-09,2760000,136133,175915,13,3,0,Normal
Loan2919927,Client7683,Rubavu,2023-05-09,1816000,619447,132021,13,2,0,Normal
Loan2919936,Client146564,Nyamagabe,2023-05-09,3500000,770007,113667,13,3,0,Normal
Loan2919941,Client109456,Gasabo,2023-05-09,1680000,544734,98331,13,2,0,Normal
Loan2919957,Client175183,Nyagatare,2023-05-09,3230000,146489,185755,13,3,0,Normal
Loan2919968,Client171051,Nyagatare,2023-05-09,3500000,590080,246055,13,3,0,Normal
Loan2919988,Client122335,Nyanza,2023-05-09,3500000,426864,227465,13,3,0,Normal
Loan2920005,Client158059,Nyagatare,2023-05-09,1580000,324446,98962,13,3,0,Normal
Loan2920026,Client16314,Nyagatare,2023-05-09,1770000,119261,136135,13,3,0,Normal
Loan2920042,Client12304,Nyanza,2023-05-09,3000000,1395706,194380,13,3,0,Normal
Loan2920049,Client111411,Nyanza,2023-05-09,3500000,1352312,279797,13,3,0,Normal
Loan2920055,Client149280,Nyanza,2023-05-09,1500000,56001,100041,13,3,0,Normal
Loan2920063,Client126129,Nyanza,2023-05-09,1590000,72033,122389,13,3,0,Normal
Loan2920072,Client47618,Nyamagabe,2023-05-09,2710000,126423,249380,13,4,0,Normal
Loan2920101,Client145811,Rutsiro,2023-05-09,1600000,50005,103063,13,2,0,Normal
Loan2920120,Client145891,Rubavu,2023-05-09,1550000,257235,122146,13,3,0,Normal
Loan2920134,Client160132,Gasabo,2023-05-09,2150000,302563,158760,13,3,0,Normal
Loan2920152,Client188130,Gasabo,2023-05-09,1130000,52623,227389,14,3,0,Normal
Loan2920158,Client129134,Rubavu,2023-05-09,2610000,317587,264685,13,3,0,Normal
Loan2920164,Client38337,Nyanza,2023-05-09,2200000,100554,165004,13,3,0,Normal
Loan2920178,Client41153,Nyanza,2023-05-09,1800000,671715,114164,13,3,0,Normal
Loan2920187,Client69095,Nyanza,2023-05-09,1720000,282893,108622,13,2,0,Normal
Loan2920215,Client130587,Rusizi,2023-05-09,1570000,187108,122294,13,2,0,Normal
Loan2920230,Client156236,Gasabo,2023-05-09,3500000,758196,231766,13,2,0,Normal
Loan2920256,Client44358,Rusizi,2023-05-09,1125000,692040,58030,14,3,0,Normal
Loan2920262,Client170631,Nyagatare,2023-05-09,3230000,370420,117639,13,1,0,Normal
Loan2920302,Client155638,Gasabo,2023-05-09,1520000,78604,96793,13,2,0,Normal
Loan2920319,Client187686,Gasabo,2023-05-09,1460000,93619,97696,14,2,0,Normal
Loan2920321,Client141165,Rusizi,2023-05-09,2770000,65227,177395,13,2,0,Normal
Loan2920333,Client148908,Rusizi,2023-05-09,600000,113925,107746,13,3,0,Normal
Loan2920364,Client167545,Rusizi,2023-05-09,1570000,75730,115938,13,3,0,Normal
Loan2920384,Client63877,Rusizi,2023-05-09,1760000,169665,136935,13,3,0,Normal
Loan2920391,Client149936,Rusizi,2023-05-09,1570000,57381,115938,13,2,0,Normal
Loan2920570,Client45819,Rusizi,2023-05-10,3475000,1052871,247005,13,2,0,Normal
Loan2920572,Client163537,Gasabo,2023-05-10,840000,61556,188400,14,1,0,Normal
Loan2920581,Client134145,Nyanza,2023-05-10,2570000,562830,281500,14,2,1,Written off
Loan2920584,Client128232,Nyagatare,2023-05-10,1580000,433331,98962,13,3,0,Normal
Loan2920595,Client187683,Gasabo,2023-05-10,1380000,34818,94307,14,3,0,Normal
Loan2920599,Client166316,Nyanza,2023-05-10,1590000,292699,115264,13,2,0,Normal
Loan2920607,Client69996,Ngororero,2023-05-10,1750000,566547,114066,13,2,0,Normal
Loan2920662,Client127579,Gasabo,2023-05-10,1870000,78333,135130,14,3,0,Normal
Loan2920716,Client105115,Rutsiro,2023-05-10,3500000,2149576,217576,13,2,0,Normal
Loan2920737,Client121789,Gasabo,2023-05-10,3500000,262995,240632,13,3,0,Normal
Loan2920770,Client49817,Nyamagabe,2023-05-10,3500000,227341,287431,13,3,0,Normal
Loan2920798,Client139349,Nyanza,2023-05-10,1590000,145521,232007,13,2,0,Normal
Loan2920829,Client61789,Nyagatare,2023-05-10,1700000,119197,130885,13,2,0,Normal
Loan2920847,Client153666,Rubavu,2023-05-10,1590000,312529,101163,13,2,0,Normal
Loan2920859,Client71121,Gasabo,2023-05-10,2690000,147021,194469,13,3,0,Normal
Loan2920894,Client55905,Rubavu,2023-05-10,3500000,3084983,434220,13,2,0,Normal
Loan2920912,Client166698,Rutsiro,2023-05-10,3500000,106833,221422,13,3,0,Normal
Loan2920925,Client124679,Kicukiro,2023-05-10,1100000,67085,108361,13,3,0,Normal
Loan2920962,Client157966,Ngororero,2023-05-10,1570000,46692,101357,13,2,0,Normal
Loan2920963,Client172868,Nyamagabe,2023-05-10,2400000,84856,183390,13,3,0,Normal
Loan2920984,Client166915,Nyanza,2023-05-10,1500000,147735,97202,13,2,0,Normal
Loan2921007,Client75247,Nyanza,2023-05-10,1760000,683405,111947,13,3,0,Normal
Loan2921017,Client164201,Rusizi,2023-05-10,2445000,65412,128100,13,3,0,Normal
Loan2921067,Client173168,Nyagatare,2023-05-10,3500000,524329,179409,14,2,0,Normal
Loan2921253,Client190701,Kicukiro,2023-05-11,1300000,168916,135099,14,3,0,Normal
Loan2921302,Client118937,Kicukiro,2023-05-11,1730000,61932,190036,14,3,0,Normal
Loan2921321,Client128156,Nyanza,2023-05-11,3090000,1297388,228890,13,3,0,Normal
Loan2921340,Client167045,Nyanza,2023-05-11,1030000,155689,98688,13,3,0,Normal
Loan2921353,Client31820,Gasabo,2023-05-11,2380000,492224,183490,13,2,0,Normal
Loan2921371,Client146216,Rutsiro,2023-05-11,1450000,204014,101638,13,2,0,Normal
Loan2921387,Client119492,Nyarugenge,2023-05-11,1630000,61831,109895,13,2,0,Normal
Loan2921416,Client117306,Ngororero,2023-05-11,1480000,250751,248980,13,2,0,Normal
Loan2921426,Client18844,Kicukiro,2023-05-11,1920000,127733,284611,13,3,0,Normal
Loan2921432,Client60562,Kicukiro,2023-05-11,3500000,330741,302951,13,3,0,Normal
Loan2921488,Client16582,Ngororero,2023-05-11,3400000,430123,221620,13,3,0,Normal
Loan2921500,Client18993,Nyarugenge,2023-05-11,1700000,124622,144196,14,2,0,Normal
Loan2921512,Client131223,Nyamagabe,2023-05-11,1570000,134995,100515,13,2,0,Normal
Loan2921524,Client171748,Rutsiro,2023-05-11,1450000,68551,97413,13,3,0,Normal
Loan2921530,Client62984,Nyamagabe,2023-05-11,1760000,74042,114095,13,3,0,Normal
Loan2921540,Client165392,Nyanza,2023-05-11,1020000,37531,231006,13,3,0,Normal
Loan2921545,Client34399,Nyarugenge,2023-05-11,1870000,249427,144857,13,3,0,Normal
Loan2921617,Client188799,Rubavu,2023-05-11,2110000,401923,187346,14,3,0,Normal
Loan2921624,Client43529,Rusizi,2023-05-11,3500000,686052,435214,13,3,0,Normal
Loan2921638,Client117330,Ngororero,2023-05-11,1620000,61665,125131,13,3,0,Normal
Loan2921640,Client122605,Rutsiro,2023-05-11,3500000,481213,227795,13,2,0,Normal
Loan2921642,Client103881,Nyarugenge,2023-05-11,2300000,522923,262551,14,3,0,Normal
Loan2921661,Client53122,Rutsiro,2023-05-11,3500000,1236626,274144,13,2,0,Normal
Loan2921678,Client131926,Nyanza,2023-05-11,1590000,63136,100041,13,3,0,Normal
Loan2921695,Client62503,Rusizi,2023-05-11,2655000,238344,177030,13,2,0,Normal
Loan2921729,Client13706,Rubavu,2023-05-11,3500000,378695,282673,13,2,0,Normal
Loan2921769,Client41258,Gasabo,2023-05-11,3030000,457202,218613,14,2,0,Normal
Loan2921881,Client161510,Rutsiro,2023-05-12,3500000,116991,268010,13,3,0,Normal
Loan2921932,Client60588,Nyagatare,2023-05-12,1860000,308320,143624,13,2,0,Normal
Loan2921942,Client108797,Nyagatare,2023-05-12,2200000,151957,141982,13,3,0,Normal
Loan2921952,Client151729,Nyanza,2023-05-12,2440000,86474,164929,13,3,0,Normal
Loan2921955,Client143277,Rutsiro,2023-05-12,1520000,171760,103063,13,2,0,Normal
Loan2921970,Client57903,Gasabo,2023-05-12,3500000,324254,298115,13,3,0,Normal
Loan2921998,Client63190,Nyamagabe,2023-05-12,1740000,201238,134685,13,2,0,Normal
Loan2922006,Client120457,Rutsiro,2023-05-12,1690000,337070,249265,13,3,0,Normal
Loan2922037,Client41317,Nyanza,2023-05-12,1550000,495491,155809,13,3,0,Normal
Loan2922039,Client130700,Gasabo,2023-05-12,1870000,295692,141600,14,3,0,Normal
Loan2922044,Client139076,Nyagatare,2023-05-12,1580000,11471,121996,13,3,0,Normal
Loan2922047,Client174432,Nyanza,2023-05-12,1540000,52695,94852,13,3,0,Normal
Loan2922052,Client123123,Nyanza,2023-05-12,1590000,93056,109979,13,2,0,Normal
Loan2922056,Client48142,Kicukiro,2023-05-12,1740000,713999,136135,13,2,0,Normal
Loan2922062,Client170779,Nyagatare,2023-05-12,3500000,656051,206072,13,3,0,Normal
Loan2922069,Client161051,Gasabo,2023-05-12,1310000,117762,116257,13,2,0,Normal
Loan2922070,Client149648,Nyanza,2023-05-12,1470000,63785,92441,13,2,0,Normal
Loan2922086,Client109884,Nyanza,2023-05-12,1640000,89179,122331,13,3,0,Normal
Loan2922094,Client141394,Rusizi,2023-05-12,2770000,393731,177395,13,2,0,Normal
Loan2922109,Client40558,Ngororero,2023-05-12,1830000,120869,117514,13,3,0,Normal
Loan2922123,Client69028,Ngororero,2023-05-12,1740000,552973,111571,13,3,0,Normal
Loan2922151,Client78274,Nyamagabe,2023-05-12,3500000,432087,304252,13,3,0,Normal
Loan2922153,Client158319,Ngororero,2023-05-12,850000,183553,93045,13,3,0,Normal
Loan2922173,Client140237,Rubavu,2023-05-12,1590000,160362,101163,13,3,0,Normal
Loan2922177,Client23270,Nyamagabe,2023-05-12,1820000,95929,137758,13,3,0,Normal
Loan2922213,Client160933,Gasabo,2023-05-12,2000000,259393,238959,14,2,0,Normal
Loan2922220,Client8821,Rubavu,2023-05-12,2750000,1207313,179462,13,3,0,Normal
Loan2922232,Client147859,Rusizi,2023-05-12,1500000,60672,101120,13,3,0,Normal
Loan2922237,Client146878,Rubavu,2023-05-12,1590000,61552,105934,13,2,0,Normal
Loan2922238,Client43,Ngororero,2023-05-12,2120000,249194,156553,13,2,0,Normal
Loan2922245,Client158377,Ngororero,2023-05-12,1500000,192893,96370,13,2,0,Normal
Loan2922252,Client141735,Nyamagabe,2023-05-12,2380000,452739,218308,13,3,0,Normal
Loan2922260,Client20424,Nyanza,2023-05-12,1400000,821595,141180,13,2,0,Normal
Loan2922261,Client131814,Rusizi,2023-05-12,2735000,304838,172280,13,3,0,Normal
Loan2922267,Client21236,Nyarugenge,2023-05-12,3500000,756613,378521,13,2,0,Normal
Loan2922277,Client63005,Nyamagabe,2023-05-12,1580000,529132,129905,13,2,0,Normal
Loan2922293,Client136804,Nyamagabe,2023-05-12,3000000,371709,197717,13,3,0,Normal
Loan2922314,Client135473,Nyarugenge,2023-05-12,3500000,64834,250533,13,2,0,Normal
Loan2922320,Client172591,Nyagatare,2023-05-12,1520000,150415,111155,13,3,0,Normal
Loan2922341,Client158436,Nyagatare,2023-05-12,900000,43417,115938,13,3,0,Normal
Loan2922350,Client120721,Nyagatare,2023-05-12,1580000,178684,218940,13,3,0,Normal
Loan2922351,Client87316,Ngororero,2023-05-12,1500000,251006,300927,13,2,0,Normal
Loan2922359,Client117730,Nyarugenge,2023-05-12,1500000,197543,96997,13,3,0,Normal
Loan2922367,Client154223,Rusizi,2023-05-12,1600000,202369,101638,13,2,0,Normal
Loan2922378,Client171247,Nyagatare,2023-05-12,1580000,76273,114832,13,3,0,Normal
Loan2922390,Client96034,Nyagatare,2023-05-12,1770000,451881,110730,13,3,0,Normal
Loan2922395,Client164071,Rubavu,2023-05-12,3400000,183457,249108,13,3,0,Normal
Loan2922402,Client165576,Nyanza,2023-05-12,1590000,173617,102007,13,3,0,Normal
Loan2922405,Client99804,Rubavu,2023-05-12,2720000,775487,211753,13,2,0,Normal
Loan2922427,Client52442,Rusizi,2023-05-12,3500000,1014693,114589,13,2,0,Normal
Loan2922429,Client159988,Gasabo,2023-05-12,1530000,186085,112457,13,3,0,Normal
Loan2922438,Client174902,Rusizi,2023-05-12,3400000,95768,229336,13,2,0,Normal
Loan2922464,Client129477,Ngororero,2023-05-12,1500000,210905,95059,13,2,0,Normal
Loan2922468,Client155423,Nyagatare,2023-05-12,1580000,29679,98962,13,3,0,Normal
Loan2922491,Client142178,Nyarugenge,2023-05-12,1200000,112152,101638,13,3,0,Normal
Loan2922498,Client18707,Rusizi,2023-05-12,1840000,88341,143933,13,3,0,Normal
Loan2922506,Client44864,Nyarugenge,2023-05-12,1770000,162901,138112,13,3,0,Normal
Loan2922518,Client19186,Nyarugenge,2023-05-12,2200000,443147,181515,14,2,0,Normal
Loan2922531,Client168351,Gasabo,2023-05-12,3500000,115708,233275,14,3,0,Normal
Loan2922534,Client58123,Rubavu,2023-05-12,3500000,3680817,444323,13,2,0,Normal
Loan2922558,Client149352,Rusizi,2023-05-12,1500000,182888,101120,13,2,0,Normal
Loan2922577,Client174840,Kicukiro,2023-05-12,3500000,100116,249265,13,2,0,Normal
Loan2922578,Client73682,Rusizi,2023-05-12,1700000,641980,105089,13,2,0,Normal
Loan2922612,Client150960,Rusizi,2023-05-12,1570000,93586,136660,13,2,0,Normal
Loan2922617,Client66889,Rusizi,2023-05-12,2630000,200141,179880,13,3,0,Normal
Loan2922619,Client20529,Rusizi,2023-05-12,2735000,156237,213994,13,2,0,Normal
Loan2922621,Client104216,Rusizi,2023-05-12,3180000,362937,219457,13,2,0,Normal
Loan2922623,Client174674,Rusizi,2023-05-12,3500000,626483,202241,13,3,0,Normal
Loan2922625,Client167902,Rusizi,2023-05-12,1535000,90609,108338,13,2,0,Normal
Loan2922627,Client151216,Rusizi,2023-05-12,1570000,77221,123814,13,3,0,Normal
Loan2922971,Client80765,Nyagatare,2023-05-13,1770000,107098,140103,13,3,0,Normal
Loan2923298,Client149130,Nyamagabe,2023-05-15,1550000,37058,113200,13,3,0,Normal
Loan2923304,Client38373,Nyagatare,2023-05-15,3420000,914207,237008,13,2,0,Normal
Loan2923358,Client174928,Rutsiro,2023-05-15,2700000,96014,170655,13,3,0,Normal
Loan2923360,Client121731,Gasabo,2023-05-15,1100000,405542,122390,13,3,0,Normal
Loan2923373,Client22717,Rutsiro,2023-05-15,1880000,464719,148903,13,3,0,Normal
Loan2923381,Client174805,Kicukiro,2023-05-15,3430000,279632,231457,13,3,0,Normal
Loan2923396,Client158770,Rubavu,2023-05-15,1520000,60308,117794,13,2,0,Normal
Loan2923404,Client173988,Rutsiro,2023-05-15,1600000,83018,114038,13,3,0,Normal
Loan2923418,Client171092,Nyagatare,2023-05-15,3000000,313027,236440,13,2,0,Normal
Loan2923434,Client149822,Nyanza,2023-05-15,1470000,149837,100041,13,2,0,Normal
Loan2923439,Client157249,Nyagatare,2023-05-15,1000000,170719,98962,13,3,0,Normal
Loan2923441,Client16291,Rubavu,2023-05-15,2300000,281532,179750,13,2,0,Normal
Loan2923444,Client65692,Nyanza,2023-05-15,3500000,1490476,228890,13,3,0,Normal
Loan2923445,Client128869,Kicukiro,2023-05-15,3100000,152326,240880,13,2,0,Normal
Loan2923450,Client5145,Nyagatare,2023-05-15,1940000,1076856,139217,13,2,0,Normal
Loan2923452,Client127078,Rusizi,2023-05-15,1560000,104112,100645,13,3,0,Normal
Loan2923464,Client88100,Nyanza,2023-05-15,1620000,187932,121885,13,3,0,Normal
Loan2923472,Client168567,Nyanza,2023-05-15,1470000,50113,114832,13,3,0,Normal
Loan2923491,Client158252,Ngororero,2023-05-15,1570000,308437,102545,13,2,0,Normal
Loan2923495,Client133683,Nyagatare,2023-05-15,3400000,396795,194392,13,3,0,Normal
Loan2923523,Client149431,Nyanza,2023-05-15,2760000,283217,177897,13,2,0,Normal
Loan2923537,Client164518,Ngororero,2023-05-15,2500000,634742,236365,13,2,0,Normal
Loan2923540,Client68636,Nyagatare,2023-05-15,1770000,141990,135005,13,3,0,Normal
Loan2923554,Client11549,Nyamagabe,2023-05-15,3000000,340743,267511,13,2,0,Normal
Loan2923556,Client190594,Gasabo,2023-05-15,3300000,90553,242570,13,3,0,Normal
Loan2923567,Client170693,Nyagatare,2023-05-15,1500000,329988,211658,13,3,0,Normal
Loan2923580,Client52299,Gasabo,2023-05-15,2300000,321160,272806,13,2,0,Normal
Loan2923581,Client157773,Ngororero,2023-05-15,1570000,59150,101120,13,2,0,Normal
Loan2923586,Client168262,Kicukiro,2023-05-15,1500000,57643,110082,13,3,0,Normal
Loan2923589,Client171065,Nyagatare,2023-05-15,3500000,282057,264953,13,2,0,Normal
Loan2923600,Client161637,Rubavu,2023-05-15,1500000,320534,103000,13,2,0,Normal
Loan2923617,Client118264,Rubavu,2023-05-15,1680000,49295,128917,13,3,0,Normal
Loan2923618,Client165711,Rusizi,2023-05-15,1540000,289615,113164,13,2,0,Normal
Loan2923639,Client158501,Gasabo,2023-05-15,1580000,81628,119343,14,2,0,Normal
Loan2923645,Client73868,Rutsiro,2023-05-15,3500000,279452,266053,13,2,0,Normal
Loan2923659,Client170636,Nyagatare,2023-05-15,870000,151774,114513,13,3,0,Normal
Loan2923669,Client171974,Nyagatare,2023-05-15,1580000,28338,102652,13,3,0,Normal
Loan2923671,Client65902,Rutsiro,2023-05-15,1700000,337805,131073,13,2,0,Normal
Loan2923672,Client119167,Nyagatare,2023-05-15,1680000,137593,123814,13,2,0,Normal
Loan2923676,Client65952,Rutsiro,2023-05-15,3000000,277289,196508,13,2,0,Normal
Loan2923702,Client48638,HQ,2023-05-15,1678028,295235,148912,14,3,0,Normal
Loan2923705,Client123844,HQ,2023-05-15,1678028,79810,142466,14,3,0,Normal
Loan2923708,Client108440,HQ,2023-05-15,1678028,171435,134769,14,2,0,Normal
Loan2923729,Client61456,Nyagatare,2023-05-15,1720000,490136,132255,13,2,0,Normal
Loan2923736,Client95397,Rusizi,2023-05-15,3500000,275414,307577,13,3,0,Normal
Loan2923739,Client121241,Nyagatare,2023-05-15,1580000,173098,113996,13,2,0,Normal
Loan2923746,Client60456,Nyagatare,2023-05-15,1500000,744416,113826,13,3,0,Normal
Loan2923753,Client50841,Nyagatare,2023-05-15,1500000,569275,129960,13,2,0,Normal
Loan2923758,Client170472,Nyagatare,2023-05-15,3000000,95393,203584,13,3,0,Normal
Loan2923765,Client20459,Nyarugenge,2023-05-15,1830000,432042,142922,13,3,0,Normal
Loan2923769,Client157913,Ngororero,2023-05-15,1400000,80459,99695,13,3,0,Normal
Loan2923774,Client4436,Nyagatare,2023-05-15,2000000,835667,149977,13,2,0,Normal
Loan2923776,Client12747,Gasabo,2023-05-15,2040000,218496,157600,13,2,0,Normal
Loan2923787,Client117320,Ngororero,2023-05-15,1990000,96555,106090,13,2,0,Normal
Loan2923791,Client49276,Nyagatare,2023-05-15,1640000,135941,131053,13,2,0,Normal
Loan2923803,Client150989,Rusizi,2023-05-15,800000,133502,98270,13,3,0,Normal
Loan2923804,Client172563,Nyagatare,2023-05-15,1580000,331014,111155,13,2,0,Normal
Loan2923806,Client174397,Nyanza,2023-05-15,1590000,102683,114513,13,3,0,Normal
Loan2923808,Client126613,Nyagatare,2023-05-15,1580000,279081,105013,13,2,0,Normal
Loan2923826,Client60288,Nyagatare,2023-05-15,1770000,142292,137060,13,3,0,Normal
Loan2923830,Client150290,Nyanza,2023-05-15,1590000,173411,100041,13,3,0,Normal
Loan2923832,Client108673,Nyagatare,2023-05-15,2690000,203320,202836,13,2,0,Normal
Loan2923843,Client128197,Nyagatare,2023-05-15,1580000,451008,111155,13,3,0,Normal
Loan2923847,Client17585,Rubavu,2023-05-15,3500000,293589,265042,13,2,0,Normal
Loan2923848,Client166334,Nyanza,2023-05-15,1500000,53345,110557,13,3,0,Normal
Loan2923859,Client150287,Nyanza,2023-05-15,1590000,312301,100041,13,3,0,Normal
Loan2923872,Client23690,Nyanza,2023-05-15,1850000,531733,135605,13,3,0,Normal
Loan2923895,Client91327,HQ,2023-05-15,1678028,113717,134769,14,3,0,Normal
Loan2923901,Client150887,Nyanza,2023-05-15,1590000,124248,115307,13,3,0,Normal
Loan2923918,Client122812,Rusizi,2023-05-15,1590000,334138,102545,13,2,1,Written off
Loan2924016,Client117845,Gasabo,2023-05-16,1680000,152839,108009,13,3,0,Normal
Loan2924029,Client129106,Rubavu,2023-05-16,1515000,274377,96187,13,3,0,Normal
Loan2924038,Client144078,Rutsiro,2023-05-16,1520000,51536,98313,13,3,0,Normal
Loan2924057,Client142285,Nyanza,2023-05-16,2830000,562830,228865,14,3,0,Normal
Loan2924069,Client162184,Rusizi,2023-05-16,1550000,237481,112993,13,2,0,Normal
Loan2924074,Client190477,Gasabo,2023-05-16,2590000,471706,218583,14,2,1,Written off
Loan2924084,Client188549,Gasabo,2023-05-16,1160000,998587,85787,14,3,1,Written off
Loan2924089,Client126140,Rubavu,2023-05-16,3470000,95689,225895,13,3,0,Normal
Loan2924092,Client59191,Rusizi,2023-05-16,3120000,659445,239842,13,2,0,Normal
Loan2924100,Client154645,Gasabo,2023-05-16,1590000,108408,115938,13,3,0,Normal
Loan2924101,Client57744,Kicukiro,2023-05-16,3500000,274629,306152,13,3,0,Normal
Loan2924110,Client117288,Rubavu,2023-05-16,2510000,126229,188306,14,3,0,Normal
Loan2924124,Client148425,Nyanza,2023-05-16,1540000,316686,100041,13,3,0,Normal
Loan2924126,Client53657,Kicukiro,2023-05-16,1500000,779804,119251,13,2,0,Normal
Loan2924149,Client147062,Rubavu,2023-05-16,1500000,322161,101163,13,3,0,Normal
Loan2924176,Client12938,Rusizi,2023-05-16,2015000,953373,129474,13,2,0,Normal
Loan2924178,Client44999,Nyarugenge,2023-05-16,3500000,330713,339691,13,2,0,Normal
Loan2924210,Client75195,Rutsiro,2023-05-16,2610000,253345,188294,13,2,0,Normal
Loan2924217,Client57250,Nyarugenge,2023-05-16,2130000,88389,138871,13,2,0,Normal
Loan2924227,Client144378,Rutsiro,2023-05-16,1120000,193113,101638,13,2,0,Normal
Loan2924234,Client78964,Kicukiro,2023-05-16,3500000,179697,295900,14,2,0,Normal
Loan2924236,Client25898,Nyamagabe,2023-05-16,3380000,675104,220594,13,2,0,Normal
Loan2924241,Client167933,Rutsiro,2023-05-16,1600000,94054,109789,13,3,0,Normal
Loan2924251,Client157152,Rutsiro,2023-05-16,3080000,113812,229845,13,3,0,Normal
Loan2924253,Client12863,Rusizi,2023-05-16,2000000,184851,157600,13,2,0,Normal
Loan2924255,Client100708,Nyamagabe,2023-05-16,3000000,453363,318798,14,2,0,Normal
Loan2924256,Client92892,Nyarugenge,2023-05-16,3190000,268799,252070,13,2,0,Normal
Loan2924261,Client47759,Ngororero,2023-05-16,1550000,115483,135135,13,2,0,Normal
Loan2924266,Client137525,Gasabo,2023-05-16,1620000,157405,115611,14,3,0,Normal
Loan2924276,Client170484,Nyagatare,2023-05-16,1580000,51645,122987,13,3,0,Normal
Loan2924278,Client73582,Rusizi,2023-05-16,1770000,529260,135510,13,3,0,Normal
Loan2924284,Client168089,Rusizi,2023-05-16,1570000,136057,96563,13,3,0,Normal
Loan2924285,Client156695,Nyagatare,2023-05-16,1580000,250013,98962,13,3,0,Normal
Loan2924291,Client119148,Nyagatare,2023-05-16,1680000,209444,105248,13,3,0,Normal
Loan2924294,Client147468,Rubavu,2023-05-16,1590000,74000,114469,13,2,0,Normal
Loan2924299,Client129188,Rubavu,2023-05-16,1580000,389526,100937,13,3,0,Normal
Loan2924305,Client139033,Rubavu,2023-05-16,3500000,209316,223700,13,2,0,Normal
Loan2924322,Client175176,Nyagatare,2023-05-16,1580000,54148,113885,13,3,0,Normal
Loan2924330,Client67493,Nyagatare,2023-05-16,2760000,1016321,175915,13,2,0,Normal
Loan2924360,Client142098,Nyarugenge,2023-05-16,1070000,673121,234065,13,2,0,Normal
Loan2924381,Client157347,Nyagatare,2023-05-16,1520000,53943,109763,13,2,0,Normal
Loan2924391,Client120881,Ngororero,2023-05-16,1500000,49394,89731,13,2,0,Normal
Loan2924397,Client9107,Rusizi,2023-05-16,2620000,510729,136238,13,3,0,Normal
Loan2924429,Client118984,Rusizi,2023-05-16,1665000,74565,105654,13,3,0,Normal
Loan2924430,Client158013,Nyagatare,2023-05-16,1580000,195700,98962,13,3,0,Normal
Loan2924431,Client158871,Nyarugenge,2023-05-16,2540000,21637,281500,14,3,1,Written off
Loan2924446,Client101772,Nyagatare,2023-05-16,1680000,58840,105248,13,1,0,Normal
Loan2924451,Client157270,Nyagatare,2023-05-16,800000,125319,105332,13,3,0,Normal
Loan2924452,Client28912,Nyamagabe,2023-05-16,2070000,150226,161146,13,2,0,Normal
Loan2924457,Client62403,Nyagatare,2023-05-16,3500000,277870,257249,14,2,0,Normal
Loan2924463,Client50909,Nyagatare,2023-05-16,900000,380377,228865,14,3,0,Normal
Loan2924472,Client156926,Nyagatare,2023-05-16,1580000,79765,98962,13,1,0,Normal
Loan2924479,Client97121,HQ,2023-05-16,1794950,82308,237800,14,3,0,Normal
Loan2924485,Client45810,Rusizi,2023-05-16,1840000,159124,142224,13,3,0,Normal
Loan2924507,Client5852,Rusizi,2023-05-16,3500000,1950356,268119,13,3,0,Normal
Loan2924513,Client24044,Rusizi,2023-05-16,2775000,1029628,209744,14,3,0,Normal
Loan2924519,Client87672,Rusizi,2023-05-16,3460000,203011,227061,13,3,0,Normal
Loan2924530,Client154648,Rusizi,2023-05-16,1520000,318944,98313,13,3,0,Normal
Loan2924534,Client99491,Rusizi,2023-05-16,1620000,62864,124292,13,3,0,Normal
Loan2924625,Client163280,Gasabo,2023-05-17,1618000,451688,110630,14,3,0,Normal
Loan2924626,Client5687,Rubavu,2023-05-17,3500000,351030,315154,13,3,0,Normal
Loan2924635,Client148687,Nyanza,2023-05-17,1590000,29575,100041,13,2,0,Normal
Loan2924668,Client157962,Ngororero,2023-05-17,1570000,179178,114513,13,3,0,Normal
Loan2924689,Client164224,Nyagatare,2023-05-17,3500000,678227,98962,13,2,0,Normal
Loan2924697,Client162013,Rutsiro,2023-05-17,2760000,168536,189888,13,3,0,Normal
Loan2924704,Client119181,Nyagatare,2023-05-17,1680000,502332,99073,13,3,0,Normal
Loan2924709,Client58721,Nyanza,2023-05-17,2750000,671881,177897,13,2,0,Normal
Loan2924729,Client124352,Gasabo,2023-05-17,2500000,380377,228865,14,2,0,Normal
Loan2924740,Client165580,Rutsiro,2023-05-17,1600000,85696,106409,13,3,0,Normal
Loan2924744,Client37160,Gasabo,2023-05-17,2140000,386009,163996,13,2,0,Normal
Loan2924759,Client148539,Nyanza,2023-05-17,1590000,64298,100041,13,2,0,Normal
Loan2924766,Client117262,Gasabo,2023-05-17,2290000,610142,39709,14,3,0,Normal
Loan2924770,Client148952,Nyanza,2023-05-17,1590000,82420,100041,13,3,0,Normal
Loan2924779,Client126313,Nyanza,2023-05-17,2000000,94723,185474,14,2,0,Normal
Loan2924782,Client28878,Gasabo,2023-05-17,2420000,421088,178857,14,2,0,Normal
Loan2924785,Client108620,Kicukiro,2023-05-17,3320000,1399233,219473,13,3,0,Normal
Loan2924814,Client161977,Nyamagabe,2023-05-17,1560000,33079,135605,13,2,0,Normal
Loan2924821,Client160616,Gasabo,2023-05-17,1520000,152723,116257,13,2,0,Normal
Loan2924830,Client69530,Nyagatare,2023-05-17,3500000,108696,226317,13,2,0,Normal
Loan2924835,Client46002,Nyamagabe,2023-05-17,1600000,182686,117895,13,2,0,Normal
Loan2924866,Client163896,Kicukiro,2023-05-17,1860000,374811,228865,14,3,0,Normal
Loan2924877,Client157781,Gasabo,2023-05-17,1590000,60015,114314,14,3,0,Normal
Loan2924881,Client53023,Nyagatare,2023-05-17,2140000,409000,159229,13,2,0,Normal
Loan2924888,Client157779,Gasabo,2023-05-17,1120000,43621,123814,13,3,0,Normal
Loan2924893,Client47071,Nyamagabe,2023-05-17,2560000,1087989,212569,13,2,0,Normal
Loan2924902,Client27970,Nyamagabe,2023-05-17,3500000,472352,298001,13,3,0,Normal
Loan2924909,Client39549,Kicukiro,2023-05-17,1300000,270283,118424,13,2,0,Normal
Loan2924918,Client56310,Rusizi,2023-05-17,1780000,149610,140133,13,3,0,Normal
Loan2924919,Client41660,Nyarugenge,2023-05-17,1920000,325921,149097,13,2,0,Normal
Loan2924931,Client15579,Rubavu,2023-05-17,1940000,434134,125025,13,2,0,Normal
Loan2924932,Client162105,Nyanza,2023-05-17,800000,59258,100041,13,2,0,Normal
Loan2924933,Client98424,Nyagatare,2023-05-17,1900000,339606,125170,13,2,0,Normal
Loan2924936,Client150490,Rubavu,2023-05-17,1100000,467759,228865,14,2,0,Normal
Loan2924937,Client161713,Nyamagabe,2023-05-17,1400000,308640,114150,13,2,0,Normal
Loan2924951,Client149552,Nyanza,2023-05-17,1490000,61628,114513,13,3,0,Normal
Loan2924959,Client156162,Gasabo,2023-05-17,1590000,28103,117164,13,2,0,Normal
Loan2924972,Client46919,Nyamagabe,2023-05-17,3500000,203571,301877,13,3,0,Normal
Loan2924998,Client65178,Rusizi,2023-05-17,1740000,678945,109839,13,2,0,Normal
Loan2925006,Client164047,Rusizi,2023-05-17,2770000,510362,189719,13,3,0,Normal
Loan2925010,Client172300,Rubavu,2023-05-17,1600000,147179,100738,13,2,0,Normal
Loan2925027,Client47340,Ngororero,2023-05-17,3180000,568376,249265,13,2,0,Normal
Loan2925041,Client174765,Nyamagabe,2023-05-17,3140000,568431,273278,13,2,0,Normal
Loan2925059,Client167919,Nyanza,2023-05-17,1590000,247066,115938,13,3,0,Normal
Loan2925067,Client13970,Gasabo,2023-05-17,2720000,116223,199219,13,3,0,Normal
Loan2925075,Client45331,Gasabo,2023-05-17,3500000,2132501,366142,14,3,0,Normal
Loan2925210,Client139418,Rubavu,2023-05-18,3000000,518399,207238,13,3,0,Normal
Loan2925238,Client1947,Rubavu,2023-05-18,2310000,1199675,149989,13,3,0,Normal
Loan2925248,Client13208,Rubavu,2023-05-18,2500000,204645,265810,13,3,0,Normal
Loan2925254,Client133563,Kicukiro,2023-05-18,2910000,264429,214554,14,3,0,Normal
Loan2925271,Client2564,Rubavu,2023-05-18,3500000,2129634,302772,13,2,0,Normal
Loan2925277,Client130107,Ngororero,2023-05-18,1250000,68810,116164,13,3,0,Normal
Loan2925300,Client33435,Nyanza,2023-05-18,2450000,797542,157729,13,3,0,Normal
Loan2925302,Client81797,Nyamagabe,2023-05-18,3500000,448954,1141641,13,2,0,Normal
Loan2925317,Client30593,Rubavu,2023-05-18,3500000,615653,313310,13,2,0,Normal
Loan2925326,Client160080,Rusizi,2023-05-18,1500000,142355,116296,13,2,0,Normal
Loan2925341,Client170721,Nyagatare,2023-05-18,3500000,116153,238228,13,3,0,Normal
Loan2925345,Client172396,Ngororero,2023-05-18,1570000,80371,121583,13,3,0,Normal
Loan2925353,Client150738,Nyanza,2023-05-18,1590000,321734,100041,13,2,0,Normal
Loan2925368,Client5747,Rusizi,2023-05-18,3000000,1035593,248948,13,2,0,Normal
Loan2925378,Client149028,Nyanza,2023-05-18,1590000,163997,100041,13,3,0,Normal
Loan2925389,Client67352,Nyanza,2023-05-18,1760000,290881,111947,13,3,0,Normal
Loan2925398,Client23179,Rusizi,2023-05-18,3500000,324189,249380,13,2,0,Normal
Loan2925405,Client43732,Nyarugenge,2023-05-18,2540000,262940,236878,13,2,0,Normal
Loan2925434,Client143728,Nyamagabe,2023-05-18,1400000,59547,100515,13,3,0,Normal
Loan2925447,Client172369,Ngororero,2023-05-18,1570000,93713,106324,13,3,0,Normal
Loan2925455,Client54080,Nyagatare,2023-05-18,1620000,587573,121355,13,2,0,Normal
Loan2925459,Client188689,Rutsiro,2023-05-18,3500000,204336,271786,13,2,0,Normal
Loan2925464,Client171349,Rutsiro,2023-05-18,1600000,289403,107780,13,2,0,Normal
Loan2925471,Client122888,Rusizi,2023-05-18,1500000,345245,143933,13,3,0,Normal
Loan2925499,Client128887,Kicukiro,2023-05-18,1070000,164709,148515,14,3,0,Normal
Loan2925500,Client150524,Nyamagabe,2023-05-18,1510000,51993,96715,13,3,0,Normal
Loan2925509,Client173641,Nyanza,2023-05-18,1200000,35273,114513,13,3,0,Normal
Loan2925525,Client148587,Nyanza,2023-05-18,1520000,84893,106288,13,3,0,Normal
Loan2925530,Client172361,Ngororero,2023-05-18,700000,249659,178287,13,3,0,Normal
Loan2925542,Client12235,Nyanza,2023-05-18,3500000,548603,302827,13,2,0,Normal
Loan2925575,Client52900,Rusizi,2023-05-18,1665000,577259,128522,13,2,0,Normal
Loan2925601,Client5748,Rusizi,2023-05-18,3460000,1359358,228614,13,3,0,Normal
Loan2925608,Client121724,Rusizi,2023-05-18,1485000,138569,90007,13,2,0,Normal
Loan2925832,Client172150,Nyanza,2023-05-19,2410000,473052,185292,13,3,0,Normal
Loan2925901,Client155393,Gasabo,2023-05-19,3000000,165721,204141,13,2,0,Normal
Loan2925946,Client44510,Rubavu,2023-05-19,3000000,112572,227306,13,2,0,Normal
Loan2925963,Client68954,Ngororero,2023-05-19,1440000,81542,189100,13,3,0,Normal
Loan2925984,Client99853,Rubavu,2023-05-19,1760000,122839,112993,13,3,0,Normal
Loan2926044,Client24878,Gasabo,2023-05-19,3000000,246074,360727,13,2,0,Normal
Loan2926046,Client72992,Nyamagabe,2023-05-19,3500000,366740,295227,13,2,0,Normal
Loan2926067,Client10117,Rutsiro,2023-05-19,3370000,742381,253292,13,2,0,Normal
Loan2926074,Client103949,Ngororero,2023-05-19,1740000,70206,126981,13,3,0,Normal
Loan2926095,Client157983,Nyagatare,2023-05-19,1580000,200845,98962,13,3,0,Normal
Loan2926102,Client157873,Nyagatare,2023-05-19,1580000,320846,98962,13,3,0,Normal
Loan2926127,Client17555,Gasabo,2023-05-19,1560000,221669,172000,14,2,0,Normal
Loan2926161,Client126601,Nyagatare,2023-05-19,2500000,123822,222517,13,3,0,Normal
Loan2926173,Client25253,Nyagatare,2023-05-19,3500000,372557,317014,13,3,0,Normal
Loan2926174,Client165270,Ngororero,2023-05-19,1570000,52760,107834,13,2,0,Normal
Loan2926197,Client156405,Gasabo,2023-05-19,1590000,323627,101395,13,2,0,Normal
Loan2926209,Client145433,Nyagatare,2023-05-19,1580000,61759,114038,13,2,0,Normal
Loan2926283,Client18860,Nyagatare,2023-05-19,1940000,359497,138903,13,3,0,Normal
Loan2926305,Client130600,Nyanza,2023-05-19,1940000,86876,151244,14,2,0,Normal
Loan2926312,Client70274,Ngororero,2023-05-19,3380000,167808,220334,13,3,0,Normal
Loan2926317,Client67501,Nyamagabe,2023-05-19,1630000,112354,128955,13,2,0,Normal
Loan2926324,Client172447,Ngororero,2023-05-19,1500000,49916,100709,13,3,0,Normal
Loan2926339,Client118290,Rubavu,2023-05-19,1680000,65981,117143,13,3,0,Normal
Loan2926363,Client162052,Rusizi,2023-05-19,1590000,226555,117246,13,2,0,Normal
Loan2926377,Client28901,Rutsiro,2023-05-19,1820000,262460,242442,13,2,0,Normal
Loan2926381,Client146734,Rubavu,2023-05-19,1525000,31128,103063,13,2,0,Normal
Loan2926394,Client168464,Rubavu,2023-05-19,1000000,36117,108774,13,3,0,Normal
Loan2926395,Client4774,Gasabo,2023-05-19,1990000,774635,160592,13,3,0,Normal
Loan2926396,Client175143,Nyagatare,2023-05-19,1520000,57954,109763,13,3,0,Normal
Loan2926400,Client131992,Nyamagabe,2023-05-19,1500000,354122,123019,13,3,0,Normal
Loan2926422,Client157519,Gasabo,2023-05-19,1590000,35554,101395,13,2,0,Normal
Loan2926433,Client172930,Rubavu,2023-05-19,3500000,633676,459850,14,3,0,Normal
Loan2926456,Client142956,Rubavu,2023-05-19,1590000,331518,101163,13,2,0,Normal
Loan2926457,Client135637,Nyamagabe,2023-05-19,2200000,433619,215595,13,2,0,Normal
Loan2926466,Client157532,Gasabo,2023-05-19,1590000,34934,115938,13,2,0,Normal
Loan2926474,Client170437,Nyagatare,2023-05-19,1580000,236502,160276,13,3,0,Normal
Loan2926479,Client175187,Ngororero,2023-05-19,1550000,83745,105000,13,2,0,Normal
Loan2926530,Client144719,Nyanza,2023-05-19,1400000,56688,100041,13,2,0,Normal
Loan2926536,Client44012,Nyamagabe,2023-05-19,3500000,652112,250442,13,2,0,Normal
Loan2926558,Client156067,Rusizi,2023-05-19,3410000,580781,241780,13,3,0,Normal
Loan2926586,Client119764,Rusizi,2023-05-19,2725000,975706,175829,13,2,0,Normal
Loan2926588,Client117244,Gasabo,2023-05-19,1680000,267810,130406,13,2,0,Normal
Loan2926603,Client63478,Gasabo,2023-05-19,1770000,545517,113648,13,2,0,Normal
Loan2926615,Client131996,Nyamagabe,2023-05-19,1500000,391305,100515,13,3,0,Normal
Loan2926616,Client113571,Gasabo,2023-05-19,1680000,520226,130406,13,2,0,Normal
Loan2926691,Client180615,Rubavu,2023-05-19,3500000,450283,273295,13,2,0,Normal
Loan2928322,Client160374,Kicukiro,2023-05-22,3500000,239782,202716,13,3,0,Normal
Loan2928329,Client128497,Gasabo,2023-05-22,1480000,63327,94270,13,2,0,Normal
Loan2928353,Client171239,Nyagatare,2023-05-22,800000,302682,249265,13,3,0,Normal
Loan2928364,Client66107,Ngororero,2023-05-22,2590000,145159,259881,13,3,0,Normal
Loan2928382,Client13816,Rubavu,2023-05-22,2030000,149895,156143,13,2,0,Normal
Loan2928396,Client55655,Nyamagabe,2023-05-22,1470000,170364,101599,13,2,0,Normal
Loan2928400,Client173084,Ngororero,2023-05-22,1390000,44379,93076,13,2,0,Normal
Loan2928410,Client87177,Rubavu,2023-05-22,3500000,754222,292477,13,2,0,Normal
Loan2928523,Client169911,Nyagatare,2023-05-22,1580000,96510,114832,13,3,0,Normal
Loan2928525,Client77434,Nyamagabe,2023-05-22,3450000,1029315,288156,13,2,0,Normal
Loan2928527,Client45938,Rusizi,2023-05-22,1300000,732715,134180,13,2,0,Normal
Loan2928545,Client101839,Nyagatare,2023-05-22,1680000,419671,135353,13,2,0,Normal
Loan2928594,Client7442,Rubavu,2023-05-22,2090000,689533,154476,13,2,0,Normal
Loan2928595,Client141379,Kicukiro,2023-05-22,3070000,717974,220632,13,2,0,Normal
Loan2928604,Client22766,Ngororero,2023-05-22,1630000,608972,103826,13,2,0,Normal
Loan2928612,Client188759,Rusizi,2023-05-22,3090000,389261,208246,13,2,0,Normal
Loan2928613,Client110505,Nyanza,2023-05-22,1500000,83044,128522,13,3,0,Normal
Loan2928657,Client49022,Ngororero,2023-05-22,1730000,118935,135135,13,3,0,Normal
Loan2928689,Client161832,Rutsiro,2023-05-22,2390000,535840,186193,13,2,0,Normal
Loan2928706,Client165267,Kicukiro,2023-05-22,1500000,115326,110082,13,3,0,Normal
Loan2928710,Client187191,Rusizi,2023-05-22,3500000,486624,237411,13,2,0,Normal
Loan2928715,Client133899,Rubavu,2023-05-22,3450000,194608,226465,13,2,0,Normal
Loan2928854,Client46746,Ngororero,2023-05-22,2500000,844536,138159,13,2,0,Normal
Loan2929159,Client157318,Nyagatare,2023-05-23,800000,61933,98962,13,3,0,Normal
Loan2929168,Client157621,Gasabo,2023-05-23,1590000,298273,101395,13,3,0,Normal
Loan2929181,Client158563,Kicukiro,2023-05-23,2750000,323214,185567,13,3,0,Normal
Loan2929226,Client161386,Nyamagabe,2023-05-23,3500000,246218,273000,13,3,0,Normal
Loan2929291,Client167957,Rusizi,2023-05-23,1500000,76931,103559,13,2,0,Normal
Loan2929339,Client108294,Rutsiro,2023-05-23,1650000,183752,105159,13,2,0,Normal
Loan2929343,Client141109,Nyamagabe,2023-05-23,1570000,164240,100515,13,3,0,Normal
Loan2929376,Client4733,Kicukiro,2023-05-23,2240000,764856,172788,13,2,0,Normal
Loan2929388,Client188613,Kicukiro,2023-05-23,2750000,330491,202325,13,3,0,Normal
Loan2929400,Client129088,Rutsiro,2023-05-23,3500000,129184,257818,13,2,0,Normal
Loan2929430,Client149702,Nyanza,2023-05-23,1590000,292421,100041,13,3,0,Normal
Loan2929468,Client46721,Rusizi,2023-05-23,1770000,178062,135605,13,2,0,Normal
Loan2929475,Client155569,Nyagatare,2023-05-23,1580000,320517,98962,13,3,0,Normal
Loan2929481,Client170518,Nyagatare,2023-05-23,1580000,203980,113088,13,3,0,Normal
Loan2929485,Client25414,Nyamagabe,2023-05-23,1820000,828241,142699,13,3,0,Normal
Loan2929504,Client113492,Kicukiro,2023-05-23,3500000,267965,617643,13,3,0,Normal
Loan2929523,Client170533,Nyagatare,2023-05-23,3230000,585284,224831,13,3,0,Normal
Loan2929537,Client157645,Gasabo,2023-05-23,1590000,174348,101395,13,1,0,Normal
Loan2929540,Client122931,Rutsiro,2023-05-23,1590000,257521,101543,13,3,0,Normal
Loan2929544,Client146336,Nyanza,2023-05-23,1590000,61726,114513,13,2,0,Normal
Loan2929560,Client171103,Nyagatare,2023-05-23,1580000,109914,113407,13,2,0,Normal
Loan2929584,Client132807,Kicukiro,2023-05-23,1570000,57518,101982,13,3,0,Normal
Loan2929586,Client151715,Nyanza,2023-05-23,1590000,98170,100041,13,2,0,Normal
Loan2929590,Client172286,Rutsiro,2023-05-23,2000000,83092,171104,13,2,0,Normal
Loan2929621,Client141424,Nyamagabe,2023-05-23,2640000,154383,192625,13,3,0,Normal
Loan2929657,Client121059,Nyamagabe,2023-05-23,2390000,182503,161257,13,3,0,Normal
Loan2929674,Client168421,Nyamagabe,2023-05-23,1480000,116610,101940,13,2,0,Normal
Loan2929689,Client146851,Nyamagabe,2023-05-23,900000,300556,91965,13,3,0,Normal
Loan2929705,Client7972,Nyamagabe,2023-05-23,2050000,724643,159589,13,2,0,Normal
Loan2929728,Client91113,Rubavu,2023-05-23,1695000,338370,108243,13,2,0,Normal
Loan2929734,Client88767,Nyamagabe,2023-05-23,1720000,104114,123785,13,2,0,Normal
Loan2929763,Client119864,Nyamagabe,2023-05-23,1620000,155232,243565,13,2,0,Normal
Loan2929768,Client166442,Nyanza,2023-05-23,1590000,34813,122389,13,3,0,Normal
Loan2929780,Client49702,Ngororero,2023-05-23,3420000,501250,230982,13,3,0,Normal
Loan2929817,Client148744,Nyamagabe,2023-05-23,1500000,149339,99565,13,2,0,Normal
Loan2929844,Client143735,Kicukiro,2023-05-23,1500000,-6847,122389,13,3,0,Normal
Loan2929858,Client123959,Rusizi,2023-05-23,1450000,254183,102545,13,2,0,Normal
Loan2929938,Client132832,Kicukiro,2023-05-23,800000,52480,114513,13,3,0,Normal
Loan2929939,Client19051,Nyanza,2023-05-23,1940000,179687,149287,13,3,0,Normal
Loan2929975,Client165631,Rusizi,2023-05-23,1000000,70890,102545,13,3,0,Normal
Loan2930009,Client150368,Rusizi,2023-05-23,1570000,150882,101120,13,3,0,Normal
Loan2930281,Client45766,Rusizi,2023-05-24,3270000,271385,232165,13,2,0,Normal
Loan2930294,Client157370,Nyagatare,2023-05-24,1580000,318399,98962,13,3,0,Normal
Loan2930306,Client63647,Rubavu,2023-05-24,3000000,-48937,157905,13,2,0,Normal
Loan2930380,Client99436,Nyamagabe,2023-05-24,3180000,215713,240790,13,2,0,Normal
Loan2930411,Client157828,Ngororero,2023-05-24,1350000,294952,110082,13,2,0,Normal
Loan2930430,Client174995,Rutsiro,2023-05-24,2750000,489274,198325,13,3,0,Normal
Loan2930437,Client155968,Gasabo,2023-05-24,1520000,170593,96645,13,2,0,Normal
Loan2930441,Client28526,Nyamagabe,2023-05-24,2400000,416946,155569,13,3,0,Normal
Loan2930458,Client28287,Kicukiro,2023-05-24,2000000,159123,192042,13,2,0,Normal
Loan2930474,Client175132,Nyagatare,2023-05-24,1580000,54210,113882,13,2,0,Normal
Loan2930486,Client132550,Kicukiro,2023-05-24,670000,216327,43918,14,3,0,Normal
Loan2930488,Client166636,Rutsiro,2023-05-24,800000,170998,98049,13,2,0,Normal
Loan2930492,Client68891,Rutsiro,2023-05-24,1770000,152508,136135,13,3,0,Normal
Loan2930496,Client121080,Rutsiro,2023-05-24,3500000,90499,229564,13,3,0,Normal
Loan2930509,Client131738,Nyamagabe,2023-05-24,1550000,71881,114150,13,3,0,Normal
Loan2930520,Client22284,Nyamagabe,2023-05-24,1800000,198568,142224,13,3,0,Normal
Loan2930535,Client141033,Nyagatare,2023-05-24,1580000,35757,98962,13,3,0,Normal
Loan2930576,Client161809,Rutsiro,2023-05-24,1480000,51357,102163,13,2,0,Normal
Loan2930595,Client62989,Nyamagabe,2023-05-24,2770000,921405,179959,13,3,0,Normal
Loan2930596,Client134772,Nyarugenge,2023-05-24,2870000,919854,196698,14,3,0,Normal
Loan2930599,Client34241,Ngororero,2023-05-24,1700000,207046,132266,13,2,0,Normal
Loan2930624,Client154664,Ngororero,2023-05-24,1460000,57685,94038,13,3,0,Normal
Loan2930649,Client124316,Ngororero,2023-05-24,1570000,91274,101120,13,3,0,Normal
Loan2930656,Client27892,Nyagatare,2023-05-24,3500000,1763868,319063,13,2,0,Normal
Loan2930657,Client45218,Rusizi,2023-05-24,3500000,520659,262228,13,2,0,Normal
Loan2930658,Client63526,Gasabo,2023-05-24,1590000,253935,115938,13,2,0,Normal
Loan2930661,Client56748,Nyamagabe,2023-05-24,3500000,987534,244229,13,2,0,Normal
Loan2930686,Client162486,Nyagatare,2023-05-24,1450000,85077,105013,13,3,0,Normal
Loan2930687,Client123237,Nyamagabe,2023-05-24,3080000,949922,193822,13,3,0,Normal
Loan2930690,Client155726,Gasabo,2023-05-24,1590000,193174,101395,13,2,0,Normal
Loan2930694,Client40481,Ngororero,2023-05-24,2000000,528196,155396,13,3,0,Normal
Loan2930703,Client109614,Rusizi,2023-05-24,1670000,534980,106604,13,2,0,Normal
Loan2930716,Client145895,Rubavu,2023-05-24,1590000,58801,101163,13,2,0,Normal
Loan2930752,Client171243,Nyagatare,2023-05-24,1470000,163325,104941,13,3,0,Normal
Loan2930760,Client155536,Nyagatare,2023-05-24,1000000,59908,94212,13,2,0,Normal
Loan2930766,Client171157,Nyagatare,2023-05-24,1490000,51838,108182,13,3,0,Normal
Loan2930772,Client19944,Nyanza,2023-05-24,1930000,856622,148903,13,2,0,Normal
Loan2930787,Client67673,Nyagatare,2023-05-24,2710000,97169,199769,13,2,0,Normal
Loan2930804,Client167272,Nyanza,2023-05-24,1590000,108719,115532,13,3,0,Normal
Loan2930812,Client17695,Nyagatare,2023-05-24,2640000,347224,201045,14,2,0,Normal
Loan2930814,Client149765,Nyanza,2023-05-24,1470000,175512,92441,13,3,0,Normal
Loan2930817,Client56727,Nyagatare,2023-05-24,3500000,635048,277085,14,2,0,Normal
Loan2930828,Client44160,Nyagatare,2023-05-24,1790000,184440,137449,13,2,0,Normal
Loan2930839,Client165697,Nyanza,2023-05-24,3230000,99862,217834,13,3,0,Normal
Loan2930843,Client19550,Nyagatare,2023-05-24,1900000,396065,136217,13,3,0,Normal
Loan2930844,Client147449,Rubavu,2023-05-24,1590000,119001,101163,13,3,0,Normal
Loan2930859,Client131737,Rusizi,2023-05-24,3500000,400805,272337,13,2,0,Normal
Loan2930885,Client189764,Kicukiro,2023-05-24,1910000,53739,141117,14,3,0,Normal
Loan2930914,Client166921,Rusizi,2023-05-24,1590000,91431,104163,13,3,0,Normal
Loan2930928,Client167119,Nyanza,2023-05-24,1500000,55783,111188,13,2,0,Normal
Loan2930944,Client162032,Nyanza,2023-05-24,1590000,298953,135605,13,2,0,Normal
Loan2930962,Client168349,Rusizi,2023-05-24,1590000,265255,200000,13,2,0,Normal
Loan2930965,Client64833,Rusizi,2023-05-24,1590000,61002,108188,13,3,0,Normal
Loan2930971,Client158305,Nyanza,2023-05-24,3080000,143262,207172,13,3,0,Normal
Loan2930972,Client178596,Kicukiro,2023-05-24,950000,250576,112625,14,3,0,Normal
Loan2931301,Client4433,Nyanza,2023-05-25,2140000,1051829,136755,13,2,0,Normal
Loan2931331,Client160626,Gasabo,2023-05-25,2290000,60936,154607,13,2,0,Normal
Loan2931337,Client159294,Kicukiro,2023-05-25,2050000,378695,228865,14,2,0,Normal
Loan2931339,Client131150,Gasabo,2023-05-25,1590000,108341,115938,13,2,0,Normal
Loan2931347,Client22711,Rutsiro,2023-05-25,2850000,1416473,187483,13,2,0,Normal
Loan2931397,Client68444,Rutsiro,2023-05-25,2750000,503504,214877,13,2,0,Normal
Loan2931402,Client59317,Rusizi,2023-05-25,3500000,1987889,305715,13,3,0,Normal
Loan2931442,Client149428,Nyanza,2023-05-25,1590000,83339,100041,13,3,0,Normal
Loan2931455,Client176576,Gasabo,2023-05-25,3500000,386586,228865,14,3,0,Normal
Loan2931457,Client118168,Nyamagabe,2023-05-25,1660000,220382,128981,13,3,0,Normal
Loan2931486,Client162095,Nyamagabe,2023-05-25,1500000,118864,99615,13,2,0,Normal
Loan2931528,Client176174,Ngororero,2023-05-25,1570000,55493,114424,13,2,0,Normal
Loan2931590,Client19624,Nyanza,2023-05-25,1850000,143661,142511,13,2,0,Normal
Loan2931608,Client51575,Nyamagabe,2023-05-25,1690000,509445,108087,13,3,0,Normal
Loan2931611,Client175069,Ngororero,2023-05-25,3500000,307163,246533,13,3,0,Normal
Loan2931624,Client174804,Kicukiro,2023-05-25,3500000,196042,231457,13,3,0,Normal
Loan2931637,Client166104,Nyanza,2023-05-25,1040000,25769,107232,13,2,0,Normal
Loan2931645,Client148692,Nyanza,2023-05-25,1500000,145137,100041,13,3,0,Normal
Loan2931662,Client147499,Nyamagabe,2023-05-25,1200000,350409,100515,13,3,0,Normal
Loan2931670,Client157646,Gasabo,2023-05-25,1590000,146439,111188,13,3,0,Normal
Loan2931677,Client124859,Nyanza,2023-05-25,1510000,217881,94341,13,3,0,Normal
Loan2931706,Client17452,Nyagatare,2023-05-25,2050000,91718,160276,13,2,0,Normal
Loan2931716,Client52921,Nyagatare,2023-05-25,2200000,134465,139633,13,3,0,Normal
Loan2931753,Client48179,Nyamagabe,2023-05-25,1730000,182230,111887,13,3,0,Normal
Loan2931767,Client2644,Ngororero,2023-05-25,2070000,97673,133183,13,3,0,Normal
Loan2931805,Client144530,Nyamagabe,2023-05-25,1600000,70875,118533,13,2,0,Normal
Loan2931830,Client134344,Ngororero,2023-05-25,1500000,280076,96484,13,2,0,Normal
Loan2931849,Client4464,Rusizi,2023-05-25,2070000,756397,245940,13,2,0,Normal
Loan2931858,Client155869,Gasabo,2023-05-25,1500000,314388,101543,13,2,0,Normal
Loan2931867,Client109872,Nyanza,2023-05-25,1680000,66712,128981,13,2,0,Normal
Loan2931904,Client159502,Rusizi,2023-05-25,1580000,263016,101638,13,2,0,Normal
Loan2931906,Client108706,Gasabo,2023-05-25,3380000,173103,269683,13,2,0,Normal
Loan2931910,Client134158,Nyanza,2023-05-25,1860000,79123,137250,14,3,0,Normal
Loan2931917,Client119861,Rusizi,2023-05-25,2760000,75368,244040,13,3,0,Normal
Loan2931943,Client166924,Rusizi,2023-05-25,1590000,129718,113164,13,2,0,Normal
Loan2931951,Client188653,Kicukiro,2023-05-25,1418000,108061,111925,14,2,0,Normal
Loan2931963,Client12405,Rusizi,2023-05-25,2260000,233839,157505,13,2,0,Normal
Loan2931991,Client5334,Rusizi,2023-05-25,1800000,1160439,141098,13,2,0,Normal
Loan2931997,Client78988,Rusizi,2023-05-25,1600000,388498,250690,13,2,0,Normal
Loan2932235,Client158283,Ngororero,2023-05-26,900000,56637,101120,13,2,0,Normal
Loan2932322,Client164798,Rubavu,2023-05-26,1528000,74882,111775,13,2,0,Normal
Loan2932362,Client166367,Rusizi,2023-05-26,1380000,50525,96895,13,2,0,Normal
Loan2932369,Client69922,Nyamagabe,2023-05-26,3500000,329028,304252,13,2,0,Normal
Loan2932375,Client121394,Nyarugenge,2023-05-26,3500000,165327,270094,13,2,0,Normal
Loan2932383,Client12021,Rubavu,2023-05-26,3500000,1496552,265596,13,2,0,Normal
Loan2932395,Client137103,Rutsiro,2023-05-26,1500000,34455,94816,13,3,0,Normal
Loan2932424,Client157174,Nyagatare,2023-05-26,1580000,181761,98962,13,2,0,Normal
Loan2932444,Client190421,Gasabo,2023-05-26,3500000,385027,228865,14,3,0,Normal
Loan2932446,Client19143,Nyarugenge,2023-05-26,1790000,15192,132482,14,3,0,Normal
Loan2932458,Client166059,Rusizi,2023-05-26,3380000,532091,211132,13,3,0,Normal
Loan2932490,Client158732,Gasabo,2023-05-26,2920000,171703,216507,14,2,0,Normal
Loan2932499,Client145110,Nyamagabe,2023-05-26,1520000,158798,97665,13,3,0,Normal
Loan2932509,Client111506,Rusizi,2023-05-26,3500000,1216471,268878,13,3,0,Normal
Loan2932520,Client2009,Rutsiro,2023-05-26,3500000,1674007,183866,13,3,0,Normal
Loan2932532,Client155710,Rusizi,2023-05-26,1600000,30162,101638,13,3,0,Normal
Loan2932536,Client55970,Nyagatare,2023-05-26,1610000,324208,125155,13,2,0,Normal
Loan2932557,Client3539,Ngororero,2023-05-26,2530000,245103,193416,13,3,0,Normal
Loan2932558,Client154967,Rusizi,2023-05-26,1600000,154015,101638,13,2,0,Normal
Loan2932562,Client118938,Kicukiro,2023-05-26,1590000,55476,179612,14,3,0,Normal
Loan2932595,Client29217,Nyanza,2023-05-26,850000,503257,202337,13,2,0,Normal
Loan2932600,Client47161,Ngororero,2023-05-26,3180000,910725,228614,13,3,0,Normal
Loan2932616,Client158183,Ngororero,2023-05-26,1500000,34502,102545,13,3,0,Normal
Loan2932634,Client60718,Nyagatare,2023-05-26,1860000,593634,142508,13,2,0,Normal
Loan2932644,Client128213,Nyagatare,2023-05-26,1580000,308498,98962,13,3,0,Normal
Loan2932650,Client86349,Gasabo,2023-05-26,3500000,1977043,793697,13,2,0,Normal
Loan2932655,Client99565,Rubavu,2023-05-26,3060000,125328,227792,13,3,0,Normal
Loan2932665,Client47737,Ngororero,2023-05-26,1730000,594660,110146,13,2,0,Normal
Loan2932666,Client146705,Rusizi,2023-05-26,1590000,315091,102545,13,2,0,Normal
Loan2932682,Client157602,Gasabo,2023-05-26,1590000,36325,101395,13,3,0,Normal
Loan2932687,Client118977,Nyarugenge,2023-05-26,500000,240250,129085,13,2,0,Normal
Loan2932690,Client13265,Ngororero,2023-05-26,1600000,919108,123301,13,2,0,Normal
Loan2932698,Client133340,Rutsiro,2023-05-26,2420000,299101,157810,13,3,0,Normal
Loan2932735,Client40297,Ngororero,2023-05-26,1900000,145666,138875,13,2,0,Normal
Loan2932848,Client137407,Nyanza,2023-05-26,1450000,306813,92441,13,3,0,Normal
Loan2932858,Client176028,Nyarugenge,2023-05-26,2240000,17944,228865,14,3,0,Normal
Loan2932865,Client149287,Nyanza,2023-05-26,1590000,155874,100041,13,3,0,Normal
Loan2932872,Client83400,Gasabo,2023-05-26,2910000,959073,272806,13,2,0,Normal
Loan2932883,Client164027,Nyanza,2023-05-26,2430000,344860,175854,13,3,0,Normal
Loan2932888,Client122114,Gasabo,2023-05-26,2100000,40122,281500,14,2,1,Written off
Loan2932953,Client10478,Nyarugenge,2023-05-26,2120000,758223,138396,13,2,0,Normal
Loan2932965,Client120148,Gasabo,2023-05-26,3500000,1053525,238509,14,3,0,Normal
Loan2932983,Client59690,Nyanza,2023-05-26,3200000,288592,240405,13,3,0,Normal
Loan2932985,Client175713,Rusizi,2023-05-26,3500000,186876,301019,13,3,0,Normal
Loan2933013,Client160250,Nyarugenge,2023-05-26,1560000,95284,105459,13,2,0,Normal
Loan2933072,Client173086,Nyarugenge,2023-05-26,3500000,555254,204098,14,2,0,Normal
Loan2933822,Client155929,Gasabo,2023-05-29,1500000,148841,101543,13,2,0,Normal
Loan2933860,Client178399,Rubavu,2023-05-29,1600000,51265,99184,13,2,0,Normal
Loan2933869,Client81814,Kicukiro,2023-05-29,1740000,233722,136135,13,2,0,Normal
Loan2933876,Client1168,Nyamagabe,2023-05-29,2050000,171018,159589,13,3,0,Normal
Loan2933881,Client146780,Rubavu,2023-05-29,1590000,69613,114625,13,3,0,Normal
Loan2933903,Client113579,Kicukiro,2023-05-29,3500000,135505,250806,13,3,0,Normal
Loan2933928,Client62232,Gasabo,2023-05-29,3500000,2863619,354015,13,3,0,Normal
Loan2933942,Client2274,Rubavu,2023-05-29,2030000,151383,155779,13,3,0,Normal
Loan2933988,Client164171,Rusizi,2023-05-29,2770000,116167,199219,13,2,0,Normal
Loan2934047,Client118023,Rusizi,2023-05-29,1645000,202354,104704,13,2,0,Normal
Loan2934049,Client28240,Kicukiro,2023-05-29,2460000,131879,189192,13,3,0,Normal
Loan2934090,Client182732,Rubavu,2023-05-29,2000000,517936,232346,13,3,0,Normal
Loan2934112,Client20617,Ngororero,2023-05-29,1790000,256406,112166,13,2,0,Normal
Loan2934113,Client80924,Nyarugenge,2023-05-29,1600000,303490,199974,13,2,0,Normal
Loan2934146,Client140225,Rubavu,2023-05-29,1590000,115972,101163,13,4,0,Normal
Loan2934148,Client133529,Nyamagabe,2023-05-29,1480000,49251,94340,13,2,0,Normal
Loan2934221,Client148858,Rubavu,2023-05-29,3300000,116290,257560,13,2,0,Normal
Loan2934222,Client5417,Rusizi,2023-05-29,2000000,193277,255006,13,2,0,Normal
Loan2934233,Client162065,Rutsiro,2023-05-29,2350000,129745,185138,13,2,0,Normal
Loan2934246,Client40224,Ngororero,2023-05-29,2080000,414762,161096,13,2,0,Normal
Loan2934261,Client190749,Gasabo,2023-05-29,3500000,1199365,161567,14,3,1,Written off
Loan2934271,Client151169,Rusizi,2023-05-29,1570000,88864,101120,13,2,0,Normal
Loan2934304,Client21533,Nyarugenge,2023-05-29,3190000,425101,242145,13,2,0,Normal
Loan2934373,Client188899,Gasabo,2023-05-30,1030000,333506,137800,14,3,1,Written off
Loan2934394,Client57759,Kicukiro,2023-05-30,1740000,510153,112689,13,2,0,Normal
Loan2934398,Client50662,Rutsiro,2023-05-30,2750000,104218,204761,13,3,0,Normal
Loan2934400,Client169909,Nyagatare,2023-05-30,3500000,130679,227742,13,3,0,Normal
Loan2934402,Client78623,Nyagatare,2023-05-30,3040000,184034,426036,14,3,0,Normal
Loan2934404,Client173392,Rutsiro,2023-05-30,1600000,93452,101638,13,2,0,Normal
Loan2934468,Client155646,Rubavu,2023-05-30,1590000,-54536,101163,13,3,0,Normal
Loan2934472,Client150834,Rusizi,2023-05-30,1475000,33962,93520,13,3,0,Normal
Loan2934473,Client132841,Rutsiro,2023-05-30,3400000,550596,224470,13,3,0,Normal
Loan2934481,Client164964,Rubavu,2023-05-30,800000,27172,139021,13,3,0,Normal
Loan2934484,Client160760,Gasabo,2023-05-30,1590000,63602,107288,13,2,0,Normal
Loan2934523,Client78699,Nyagatare,2023-05-30,2680000,135038,192291,13,2,0,Normal
Loan2934527,Client80023,Nyamagabe,2023-05-30,1500000,103920,124735,13,3,0,Normal
Loan2934529,Client143649,Kicukiro,2023-05-30,1500000,54311,114513,13,3,0,Normal
Loan2934555,Client161893,Rusizi,2023-05-30,1555000,127443,112993,13,3,0,Normal
Loan2934562,Client68879,Rutsiro,2023-05-30,3100000,1911103,288221,13,3,0,Normal
Loan2934617,Client44162,Nyagatare,2023-05-30,3500000,596855,275688,13,2,0,Normal
Loan2934630,Client62814,Rutsiro,2023-05-30,3500000,1112511,286036,13,3,0,Normal
Loan2934653,Client160258,Gasabo,2023-05-30,1590000,313766,115938,13,2,0,Normal
Loan2934671,Client156868,Nyagatare,2023-05-30,3500000,660356,226317,13,3,0,Normal
Loan2934688,Client190538,Kicukiro,2023-05-30,1680000,75277,277005,14,3,0,Normal
Loan2934711,Client40126,Ngororero,2023-05-30,2200000,1233702,225926,13,2,0,Normal
Loan2934733,Client100279,Ngororero,2023-05-30,2690000,165192,175437,13,3,0,Normal
Loan2934740,Client88730,Rusizi,2023-05-30,1770000,675745,114589,13,2,0,Normal
Loan2934764,Client62985,Gasabo,2023-05-30,1860000,308411,125419,13,2,0,Normal
Loan2934788,Client123101,Rutsiro,2023-05-30,3240000,753542,210747,13,3,0,Normal
Loan2934794,Client173062,Rutsiro,2023-05-30,1500000,232147,100738,13,3,0,Normal
Loan2934805,Client163126,Gasabo,2023-05-30,1580000,167630,106813,13,2,0,Normal
Loan2934817,Client190428,Rusizi,2023-05-30,2770000,100754,186992,13,3,0,Normal
Loan2934818,Client139161,Nyagatare,2023-05-30,2700000,308363,197541,13,3,0,Normal
Loan2934835,Client175125,Nyagatare,2023-05-30,1380000,64006,99506,13,3,0,Normal
Loan2934838,Client79025,Rusizi,2023-05-30,3500000,945627,272862,13,3,0,Normal
Loan2934863,Client59577,Nyagatare,2023-05-30,3500000,224731,249362,13,3,0,Normal
Loan2934882,Client169932,Nyamagabe,2023-05-30,1580000,86675,203013,13,2,0,Normal
Loan2934902,Client151419,Nyanza,2023-05-30,1500000,292513,107232,13,2,0,Normal
Loan2934909,Client163873,Gasabo,2023-05-30,3200000,109087,218858,14,2,0,Normal
Loan2934940,Client26874,Nyarugenge,2023-05-30,2500000,339626,192928,13,2,0,Normal
Loan2934943,Client69427,Gasabo,2023-05-30,1850000,1022469,223339,14,2,0,Normal
Loan2934967,Client155542,Nyagatare,2023-05-30,1520000,57747,110082,13,2,0,Normal
Loan2934976,Client117128,Gasabo,2023-05-30,3500000,40122,281500,14,3,1,Written off
Loan2935017,Client123131,Nyanza,2023-05-30,1590000,123627,100041,13,3,0,Normal
Loan2935023,Client149144,Nyanza,2023-05-30,1590000,71009,100041,13,2,0,Normal
Loan2935027,Client164440,Rutsiro,2023-05-30,2740000,110042,249265,13,3,0,Normal
Loan2935056,Client126290,Gasabo,2023-05-30,3500000,1446680,350600,14,2,0,Normal
Loan2935057,Client41669,Nyarugenge,2023-05-30,2130000,764970,151849,13,2,0,Normal
Loan2935119,Client50285,Rutsiro,2023-05-31,3240000,67882,230582,13,2,0,Normal
Loan2935338,Client42106,Nyanza,2023-05-31,3500000,494419,306152,13,3,0,Normal
Loan2935348,Client23165,Ngororero,2023-05-31,1790000,635838,114664,13,3,0,Normal
Loan2935371,Client13102,Nyamagabe,2023-05-31,2000000,136733,154859,13,3,0,Normal
Loan2935399,Client75495,Gasabo,2023-05-31,2070000,83464,284299,14,2,0,Normal
Loan2935400,Client166615,Kicukiro,2023-05-31,1880000,26356,228865,14,2,0,Normal
Loan2935411,Client122882,Nyanza,2023-05-31,1590000,326435,99566,13,3,0,Normal
Loan2935413,Client64107,Gasabo,2023-05-31,1600000,544032,180700,13,2,0,Normal
Loan2935428,Client158911,Rutsiro,2023-05-31,1350000,113765,101638,13,2,0,Normal
Loan2935439,Client13260,Nyarugenge,2023-05-31,990000,347889,114007,14,2,0,Normal
Loan2935447,Client78230,Nyamagabe,2023-05-31,3360000,610695,257563,13,2,0,Normal
Loan2935465,Client16643,Rusizi,2023-05-31,2140000,20658,107066,13,2,0,Normal
Loan2935480,Client22485,Gasabo,2023-05-31,3500000,1458977,228865,14,2,0,Normal
Loan2935497,Client62976,Nyamagabe,2023-05-31,1720000,168257,137582,13,2,0,Normal
Loan2935519,Client167057,Gasabo,2023-05-31,3000000,145181,228865,14,3,0,Normal
Loan2935552,Client172489,Ngororero,2023-05-31,1500000,112644,122019,13,2,0,Normal
Loan2935560,Client149384,Nyanza,2023-05-31,1500000,66037,95291,13,3,0,Normal
Loan2935567,Client162327,Gasabo,2023-05-31,1500000,313648,107288,13,2,0,Normal
Loan2935573,Client159626,Rusizi,2023-05-31,1590000,134000,123421,13,3,0,Normal
Loan2935582,Client99053,Nyanza,2023-05-31,1770000,634264,111947,13,2,0,Normal
Loan2935602,Client134824,Kicukiro,2023-05-31,3000000,561611,237985,14,2,0,Normal
Loan2935627,Client188836,Kicukiro,2023-05-31,2760000,91797,196900,14,3,0,Normal
Loan2935649,Client3692,Nyamagabe,2023-05-31,2120000,751511,164339,13,2,0,Normal
Loan2935650,Client128848,Rusizi,2023-05-31,1590000,242873,117639,13,3,0,Normal
Loan2935652,Client160963,Nyanza,2023-05-31,1590000,58430,122389,13,2,0,Normal
Loan2935710,Client160586,Rusizi,2023-05-31,1590000,320043,108414,13,3,0,Normal
Loan2935716,Client51074,Rusizi,2023-05-31,3500000,399957,244630,13,3,0,Normal
Loan2935773,Client87659,Rusizi,2023-05-31,3500000,198995,264603,13,2,0,Normal
Loan2935787,Client172161,Rusizi,2023-05-31,1200000,61692,115424,13,3,0,Normal
Loan2935788,Client151197,Rusizi,2023-05-31,1500000,324191,101120,13,3,0,Normal
Loan2936153,Client124328,Nyagatare,2023-06-01,2760000,173383,196787,13,3,0,Normal
Loan2936216,Client118795,Nyanza,2023-06-01,1680000,52825,128981,13,3,0,Normal
Loan2936326,Client173531,Nyanza,2023-06-01,1590000,47414,98702,13,2,0,Normal
Loan2936362,Client76030,Rubavu,2023-06-01,3500000,392375,258462,13,2,0,Normal
Loan2936499,Client123209,Nyamagabe,2023-06-01,1550000,101222,121671,13,2,0,Normal
Loan2936559,Client166926,Rusizi,2023-06-01,1300000,103647,96057,13,2,0,Normal
Loan2936585,Client101,Rubavu,2023-06-01,2140000,505093,163976,13,4,0,Normal
Loan2936653,Client147545,Rubavu,2023-06-01,1590000,101791,101163,13,3,0,Normal
Loan2936657,Client11667,Nyagatare,2023-06-01,2340000,155116,172719,13,2,0,Normal
Loan2936688,Client190084,Gasabo,2023-06-01,3500000,274014,228865,14,3,0,Normal
Loan2936951,Client126764,Nyamagabe,2023-06-01,1550000,252328,99997,13,2,0,Normal
Loan2937023,Client176027,Nyamagabe,2023-06-01,3500000,152664,303499,13,3,0,Normal
Loan2937103,Client53791,Gasabo,2023-06-01,3500000,246626,255321,13,2,0,Normal
Loan2937108,Client56871,Rubavu,2023-06-01,1740000,991537,305470,13,2,0,Normal
Loan2937152,Client79984,Nyamagabe,2023-06-01,1700000,30998,133705,13,2,0,Normal
Loan2937182,Client166308,Gasabo,2023-06-01,1590000,58814,107739,13,3,0,Normal
Loan2937248,Client162919,Nyanza,2023-06-01,1100000,135302,106913,13,3,0,Normal
Loan2937356,Client66745,Nyarugenge,2023-06-01,3500000,250358,308125,13,2,0,Normal
Loan2937384,Client7517,Rusizi,2023-06-01,2000000,899035,158164,13,3,0,Normal
Loan2937464,Client10641,Nyagatare,2023-06-01,2140000,293293,140103,13,2,0,Normal
Loan2937478,Client166484,Rusizi,2023-06-01,1590000,97478,116257,13,2,0,Normal
Loan2937517,Client3010,Ngororero,2023-06-01,2200000,237519,159959,13,3,0,Normal
Loan2937651,Client134483,Nyamagabe,2023-06-01,1470000,79194,100515,13,2,0,Normal
Loan2937654,Client171215,Nyagatare,2023-06-01,3500000,239525,237632,13,3,0,Normal
Loan2937671,Client157655,Gasabo,2023-06-01,1590000,88950,101395,13,2,0,Normal
Loan2937725,Client168246,Nyamagabe,2023-06-01,3500000,66144,231765,13,3,0,Normal
Loan2937760,Client170696,Nyagatare,2023-06-01,1580000,85944,116487,13,2,0,Normal
Loan2937773,Client88838,Nyamagabe,2023-06-01,3500000,277141,305677,13,2,0,Normal
Loan2937795,Client121209,Nyagatare,2023-06-01,2680000,638143,171165,13,3,0,Normal
Loan2937926,Client149179,Nyamagabe,2023-06-01,1450000,30037,91965,13,3,0,Normal
Loan2937945,Client21051,Ngororero,2023-06-01,1500000,530384,133908,13,3,0,Normal
Loan2937954,Client155902,Rusizi,2023-06-01,1415000,293569,94038,13,2,0,Normal
Loan2937956,Client74216,Ngororero,2023-06-01,1415378,148221,257818,13,3,0,Normal
Loan2937993,Client71156,Ngororero,2023-06-01,1730000,193991,111571,13,2,0,Normal
Loan2938010,Client154251,Rusizi,2023-06-01,1100000,59047,98788,13,3,0,Normal
Loan2938050,Client175070,Ngororero,2023-06-01,2750000,396565,181320,13,2,0,Normal
Loan2938081,Client66198,Ngororero,2023-06-01,1500000,79708,111571,13,3,0,Normal
Loan2938084,Client70808,Nyanza,2023-06-01,3200000,282801,241017,13,2,0,Normal
Loan2938113,Client133517,Nyagatare,2023-06-01,3500000,129786,206440,13,2,0,Normal
Loan2938135,Client170409,Nyamagabe,2023-06-01,1580000,35860,116849,13,3,0,Normal
Loan2938136,Client119407,Gasabo,2023-06-01,3500000,1527270,277883,14,2,0,Normal
Loan2938209,Client111535,Nyagatare,2023-06-01,3500000,222206,243072,13,2,0,Normal
Loan2938220,Client188774,Nyamagabe,2023-06-01,600000,275414,57507,14,3,0,Normal
Loan2938257,Client142205,Nyarugenge,2023-06-01,1400000,53512,95938,13,2,0,Normal
Loan2938268,Client161648,Nyamagabe,2023-06-01,1500000,312398,97665,13,3,0,Normal
Loan2938276,Client40174,Ngororero,2023-06-01,3500000,229614,307066,13,3,0,Normal
Loan2938906,Client147885,Rusizi,2023-06-02,1500000,265658,101120,13,3,0,Normal
Loan2938949,Client55784,Gasabo,2023-06-02,1860000,79665,142224,13,2,0,Normal
Loan2939013,Client145645,Nyanza,2023-06-02,1470000,51947,98944,13,2,0,Normal
Loan2939023,Client4678,Kicukiro,2023-06-02,2960000,90682,230158,14,2,0,Normal
Loan2939025,Client189514,Rubavu,2023-06-02,1550000,246069,142429,13,3,0,Normal
Loan2939044,Client49391,Nyagatare,2023-06-02,2600000,431614,172970,13,3,0,Normal
Loan2939063,Client86835,Nyanza,2023-06-02,1700000,540007,111947,13,2,0,Normal
Loan2939107,Client85011,Gasabo,2023-06-02,3500000,1205063,331409,13,2,0,Normal
Loan2939136,Client162800,Nyagatare,2023-06-02,3450000,694338,259953,13,2,0,Normal
Loan2939162,Client53386,Rubavu,2023-06-02,1410000,184709,96661,13,3,0,Normal
Loan2939170,Client68300,Nyagatare,2023-06-02,3500000,207751,307577,13,2,0,Normal
Loan2939205,Client61844,Nyagatare,2023-06-02,1770000,736519,110730,13,2,0,Normal
Loan2939213,Client68888,Rusizi,2023-06-02,1600000,187256,113164,13,2,0,Normal
Loan2939232,Client49576,Nyanza,2023-06-02,2760000,976649,177897,13,3,0,Normal
Loan2939243,Client55722,Ngororero,2023-06-02,1560000,286114,108721,13,3,0,Normal
Loan2939255,Client102144,Ngororero,2023-06-02,1400000,394253,127531,13,3,0,Normal
Loan2939274,Client157753,Nyagatare,2023-06-02,1580000,69570,110082,13,2,0,Normal
Loan2939320,Client190843,Gasabo,2023-06-02,3500000,99032,228865,14,3,0,Normal
Loan2939378,Client96521,Rutsiro,2023-06-02,3500000,864436,254712,13,2,0,Normal
Loan2939386,Client155704,Gasabo,2023-06-02,1590000,321144,101543,13,2,0,Normal
Loan2939388,Client49627,Ngororero,2023-06-02,1730000,534309,209754,13,3,0,Normal
Loan2939397,Client91121,Rubavu,2023-06-02,3500000,239065,229220,13,2,0,Normal
Loan2939410,Client160664,Rusizi,2023-06-02,1590000,226820,108338,13,2,0,Normal
Loan2939414,Client144636,Rubavu,2023-06-02,1600000,61545,103063,13,3,0,Normal
Loan2939436,Client150496,Rusizi,2023-06-02,1440000,142263,116214,13,2,0,Normal
Loan2939447,Client105358,Ngororero,2023-06-02,2000000,324221,250533,13,2,0,Normal
Loan2939595,Client45292,Ngororero,2023-06-02,3490000,327911,248958,13,3,0,Normal
Loan2939605,Client71013,Nyagatare,2023-06-02,3450000,151973,241305,13,3,0,Normal
Loan2939632,Client152395,Nyagatare,2023-06-02,1580000,145729,114513,13,2,0,Normal
Loan2939660,Client55550,Nyanza,2023-06-02,3190000,242841,253518,13,2,0,Normal
Loan2939664,Client149338,Rusizi,2023-06-02,1575000,73590,101120,13,2,0,Normal
Loan2939688,Client150136,Nyarugenge,2023-06-02,1570000,209499,101638,13,2,0,Normal
Loan2939702,Client24770,Rusizi,2023-06-02,2050000,108450,102545,14,2,0,Normal
Loan2939709,Client127701,Gasabo,2023-06-02,3500000,329961,274245,13,3,0,Normal
Loan2939717,Client166230,Nyamagabe,2023-06-02,1500000,135325,101659,13,2,0,Normal
Loan2939735,Client154244,Rusizi,2023-06-02,1600000,62782,101638,13,3,0,Normal
Loan2939747,Client59646,Rusizi,2023-06-02,1770000,443133,112689,13,3,0,Normal
Loan2939759,Client146860,Nyamagabe,2023-06-02,1500000,282441,100040,13,2,0,Normal
Loan2939769,Client67433,Nyamagabe,2023-06-02,1260000,100509,106210,13,2,0,Normal
Loan2939796,Client53526,Rusizi,2023-06-02,3005000,175355,206951,13,3,0,Normal
Loan2941333,Client68175,Gasabo,2023-06-03,3500000,331696,306035,13,2,0,Normal
Loan2942344,Client174982,Rutsiro,2023-06-05,750000,269953,200500,13,3,0,Normal
Loan2942392,Client173250,Kicukiro,2023-06-05,1000000,166086,92620,13,3,0,Normal
Loan2942410,Client119133,Nyagatare,2023-06-05,1680000,220290,105248,13,2,0,Normal
Loan2942432,Client7857,Gasabo,2023-06-05,2140000,640472,165421,13,2,0,Normal
Loan2942461,Client105480,Nyagatare,2023-06-05,1680000,578485,105248,13,2,0,Normal
Loan2942463,Client143015,Rubavu,2023-06-05,1590000,142619,128452,13,3,0,Normal
Loan2942482,Client25221,Nyagatare,2023-06-05,1810000,142987,111451,13,2,0,Normal
Loan2942489,Client165161,Kicukiro,2023-06-05,1570000,61622,114513,13,3,0,Normal
Loan2942492,Client29173,Rutsiro,2023-06-05,2250000,1091406,159417,13,2,0,Normal
Loan2942514,Client56463,Rusizi,2023-06-05,2150000,492275,139421,13,3,0,Normal
Loan2942546,Client57347,Nyagatare,2023-06-05,3390000,344420,241803,13,3,0,Normal
Loan2942552,Client159197,Kicukiro,2023-06-05,1500000,28986,122389,13,3,0,Normal
Loan2942565,Client78675,Nyagatare,2023-06-05,3200000,431247,241017,13,3,0,Normal
Loan2942603,Client100286,Ngororero,2023-06-05,1730000,229654,112996,13,3,0,Normal
Loan2942615,Client173063,Nyamagabe,2023-06-05,1000000,51867,116849,13,2,0,Normal
Loan2942618,Client22239,Gasabo,2023-06-05,1450000,31347,176312,14,2,1,Written off
Loan2942624,Client163479,Nyagatare,2023-06-05,1370000,161314,228865,14,3,0,Normal
Loan2942636,Client137795,Ngororero,2023-06-05,1550000,274675,96888,13,2,0,Normal
Loan2942642,Client113071,Nyagatare,2023-06-05,1680000,98942,123272,13,2,0,Normal
Loan2942645,Client79154,Nyamagabe,2023-06-05,1700000,124161,133285,13,3,0,Normal
Loan2942650,Client104114,Nyagatare,2023-06-05,1680000,494984,105248,13,3,0,Normal
Loan2942671,Client126017,Nyagatare,2023-06-05,3500000,132769,249380,13,3,0,Normal
Loan2942676,Client169197,Nyamagabe,2023-06-05,3400000,123877,222245,13,3,0,Normal
Loan2942684,Client61428,Nyagatare,2023-06-05,1860000,548760,116676,13,2,0,Normal
Loan2942704,Client84582,Gasabo,2023-06-05,3200000,1474967,344585,13,2,0,Normal
Loan2942718,Client40873,Nyanza,2023-06-05,3500000,691613,231242,13,2,0,Normal
Loan2942719,Client67324,Nyamagabe,2023-06-05,3500000,448443,306152,13,2,0,Normal
Loan2942736,Client49474,Nyamagabe,2023-06-05,2630000,985116,170622,13,2,0,Normal
Loan2942737,Client143596,Rubavu,2023-06-05,1450000,101606,96434,13,3,0,Normal
Loan2942748,Client145925,Rubavu,2023-06-05,1590000,415109,101163,13,3,0,Normal
Loan2942757,Client161899,Rusizi,2023-06-05,1600000,85685,114737,13,3,0,Normal
Loan2942833,Client43233,Gasabo,2023-06-05,2280000,71925,232292,14,2,0,Normal
Loan2943107,Client160832,Nyanza,2023-06-06,1060000,314037,115938,13,2,0,Normal
Loan2943170,Client119310,Nyarugenge,2023-06-06,1670000,53172,108822,13,2,0,Normal
Loan2943197,Client138929,Gasabo,2023-06-06,1440000,79192,101395,13,2,0,Normal
Loan2943215,Client122648,Gasabo,2023-06-06,3500000,877636,294776,13,2,0,Normal
Loan2943245,Client156599,Gasabo,2023-06-06,1590000,99444,122864,13,2,0,Normal
Loan2943256,Client165715,Nyanza,2023-06-06,1590000,41524,99141,13,4,0,Normal
Loan2943278,Client97747,Rutsiro,2023-06-06,1750000,440604,113648,13,3,0,Normal
Loan2943289,Client143655,Nyamagabe,2023-06-06,1500000,316660,95765,13,2,0,Normal
Loan2943298,Client21358,Ngororero,2023-06-06,3500000,316118,231120,13,3,0,Normal
Loan2943299,Client39346,Nyarugenge,2023-06-06,1650000,811625,137723,13,2,0,Normal
Loan2943300,Client66869,Nyanza,2023-06-06,2900000,1112656,208769,13,2,0,Normal
Loan2943356,Client18080,Rusizi,2023-06-06,2590000,609496,196139,13,3,0,Normal
Loan2943357,Client158832,Kicukiro,2023-06-06,1390000,114832,228865,14,2,0,Normal
Loan2943368,Client61257,Nyarugenge,2023-06-06,1760000,263216,156512,13,2,0,Normal
Loan2943377,Client102153,Ngororero,2023-06-06,3500000,250064,255468,13,2,0,Normal
Loan2943390,Client53327,Rusizi,2023-06-06,2805000,163183,182863,14,2,0,Normal
Loan2943395,Client167517,Rubavu,2023-06-06,1590000,180491,107824,13,3,0,Normal
Loan2943404,Client147765,Rubavu,2023-06-06,1500000,316887,99900,13,3,0,Normal
Loan2943411,Client101395,Rusizi,2023-06-06,1700000,541150,102804,13,3,0,Normal
Loan2943415,Client43259,Rubavu,2023-06-06,1830000,844510,142462,13,2,0,Normal
Loan2943433,Client132344,Gasabo,2023-06-06,2740000,98366,162946,14,3,0,Normal
Loan2943456,Client172486,Ngororero,2023-06-06,1420000,53368,102317,13,3,0,Normal
Loan2943487,Client14636,Ngororero,2023-06-06,1900000,842052,147903,13,3,0,Normal
Loan2943527,Client18824,Nyarugenge,2023-06-06,1840000,118736,188400,13,2,0,Normal
Loan2943531,Client172788,Rusizi,2023-06-06,3500000,640025,307577,13,3,0,Normal
Loan2943576,Client157763,Ngororero,2023-06-06,3500000,236078,150261,13,3,0,Normal
Loan2943577,Client10603,Nyanza,2023-06-06,2140000,1006764,136755,13,2,0,Normal
Loan2943596,Client147283,Nyanza,2023-06-06,1470000,89220,100041,13,3,0,Normal
Loan2943627,Client122982,Rusizi,2023-06-06,3500000,275067,237007,13,3,0,Normal
Loan2943638,Client160686,Rusizi,2023-06-06,1475000,74228,108614,13,2,0,Normal
Loan2943811,Client76246,Nyagatare,2023-06-07,1390000,198606,125217,13,2,0,Normal
Loan2943940,Client7823,Rusizi,2023-06-07,1800000,461117,176323,13,2,0,Normal
Loan2943944,Client157943,Nyagatare,2023-06-07,1580000,38414,114513,13,3,0,Normal
Loan2944004,Client34381,Nyarugenge,2023-06-07,2200000,214674,207515,13,2,0,Normal
Loan2944006,Client135118,Kicukiro,2023-06-07,480000,22371,228865,14,3,0,Normal
Loan2944008,Client64293,Rusizi,2023-06-07,1790000,115244,144661,13,3,0,Normal
Loan2944021,Client190611,Nyanza,2023-06-07,1700000,49390,173060,14,3,0,Normal
Loan2944023,Client108495,Ngororero,2023-06-07,3390000,873320,227459,13,2,0,Normal
Loan2944031,Client99937,Rusizi,2023-06-07,830000,65188,305715,14,2,0,Normal
Loan2944033,Client127807,Nyagatare,2023-06-07,3500000,284033,249380,13,2,0,Normal
Loan2944084,Client67583,Nyagatare,2023-06-07,3000000,325182,215394,13,3,0,Normal
Loan2944099,Client101845,Nyagatare,2023-06-07,1440000,203558,288695,13,2,0,Normal
Loan2944107,Client109859,Nyanza,2023-06-07,3500000,139943,274445,13,2,0,Normal
Loan2944139,Client165213,Nyanza,2023-06-07,1590000,99498,114513,13,3,0,Normal
Loan2944204,Client67245,Nyamagabe,2023-06-07,2710000,201926,177747,13,3,0,Normal
Loan2944214,Client157849,Ngororero,2023-06-07,1450000,55563,94945,13,2,0,Normal
Loan2944229,Client108144,Nyamagabe,2023-06-07,1580000,531345,124894,13,3,0,Normal
Loan2944236,Client145266,Rubavu,2023-06-07,1520000,196156,96413,13,2,0,Normal
Loan2944259,Client132330,Nyagatare,2023-06-07,1500000,118480,123814,13,3,0,Normal
Loan2944267,Client120804,Nyagatare,2023-06-07,1420000,233631,87961,13,3,0,Normal
Loan2944298,Client173931,Rusizi,2023-06-07,3500000,384337,249170,13,2,0,Normal
Loan2944336,Client98691,Nyarugenge,2023-06-07,680000,132793,167753,14,2,0,Normal
Loan2944342,Client122801,Rusizi,2023-06-07,2760000,490018,214261,13,2,0,Normal
Loan2944354,Client72582,Nyagatare,2023-06-07,1620000,186883,114513,13,2,0,Normal
Loan2944359,Client120809,Nyagatare,2023-06-07,1540000,81239,114789,13,3,0,Normal
Loan2944363,Client91887,Ngororero,2023-06-07,1660000,70883,128910,13,3,0,Normal
Loan2944367,Client167166,Nyanza,2023-06-07,1590000,57894,115938,13,2,0,Normal
Loan2944370,Client64244,Rusizi,2023-06-07,3500000,388172,288695,13,2,0,Normal
Loan2944405,Client63809,Nyagatare,2023-06-07,1700000,578211,135353,13,2,0,Normal
Loan2944409,Client166378,Nyanza,2023-06-07,1590000,52584,100041,13,3,0,Normal
Loan2944428,Client38242,Gasabo,2023-06-07,1860000,444446,133199,13,2,0,Normal
Loan2944453,Client100293,Nyarugenge,2023-06-07,3500000,284875,309075,13,2,0,Normal
Loan2944471,Client132148,Rusizi,2023-06-07,1500000,65631,122389,13,3,0,Normal
Loan2944474,Client154159,Nyanza,2023-06-07,1590000,92159,100041,13,3,0,Normal
Loan2944508,Client64735,Rusizi,2023-06-07,1770000,143524,201166,13,3,0,Normal
Loan2944709,Client11378,Ngororero,2023-06-08,2070000,925221,159646,13,2,0,Normal
Loan2944729,Client190764,Kicukiro,2023-06-08,1890000,407507,170100,14,2,0,Normal
Loan2944742,Client157453,Gasabo,2023-06-08,1590000,151877,101395,13,2,0,Normal
Loan2944770,Client174689,Gasabo,2023-06-08,1160000,160405,85787,14,3,0,Normal
Loan2944780,Client94119,Nyamagabe,2023-06-08,3300000,1183055,215458,13,2,0,Normal
Loan2944800,Client170933,Rutsiro,2023-06-08,1580000,47414,106409,13,3,0,Normal
Loan2944817,Client41178,Nyanza,2023-06-08,1800000,577848,123831,13,2,0,Normal
Loan2944825,Client29587,Nyanza,2023-06-08,2580000,604848,199249,13,2,0,Normal
Loan2944839,Client38816,Nyagatare,2023-06-08,2330000,285674,168819,13,2,0,Normal
Loan2944844,Client57750,Rubavu,2023-06-08,3500000,564532,293651,13,2,0,Normal
Loan2944848,Client156675,Nyagatare,2023-06-08,1590000,119326,98962,13,1,0,Normal
Loan2944849,Client24353,Rubavu,2023-06-08,1850000,651127,119086,13,3,0,Normal
Loan2944861,Client140271,Rubavu,2023-06-08,1590000,49757,101163,13,2,0,Normal
Loan2944873,Client49192,Gasabo,2023-06-08,2500000,2193028,277143,14,2,0,Normal
Loan2944902,Client81726,Rubavu,2023-06-08,3090000,265602,252131,14,2,0,Normal
Loan2944906,Client123158,Rutsiro,2023-06-08,1580000,207547,249265,13,3,0,Normal
Loan2944913,Client95599,Gasabo,2023-06-08,3090000,138438,208884,13,3,0,Normal
Loan2944924,Client167519,Nyanza,2023-06-08,1590000,173943,107288,13,3,0,Normal
Loan2944934,Client124829,Gasabo,2023-06-08,2900000,678682,219500,14,3,0,Normal
Loan2944973,Client34778,Gasabo,2023-06-08,1860000,127442,144124,13,3,0,Normal
Loan2944987,Client173826,Rutsiro,2023-06-08,1600000,91540,114832,13,2,0,Normal
Loan2944988,Client108722,Nyanza,2023-06-08,1680000,166354,113722,13,2,0,Normal
Loan2944996,Client161408,Rutsiro,2023-06-08,1485000,46395,123019,13,1,0,Normal
Loan2945026,Client160127,Rusizi,2023-06-08,1590000,121245,114504,13,2,0,Normal
Loan2945028,Client13372,Rutsiro,2023-06-08,3100000,253985,271810,13,2,0,Normal
Loan2945042,Client97679,Nyamagabe,2023-06-08,1720000,98951,110937,13,2,0,Normal
Loan2945046,Client47514,Rusizi,2023-06-08,3100000,471777,222949,14,2,0,Normal
Loan2945061,Client158510,Ngororero,2023-06-08,1570000,99114,101120,13,2,0,Normal
Loan2945075,Client76492,Nyanza,2023-06-08,1760000,133941,129960,13,3,0,Normal
Loan2945083,Client151048,Rusizi,2023-06-08,1475000,59219,121996,13,3,0,Normal
Loan2945086,Client49370,Gasabo,2023-06-08,2280000,40122,281500,14,2,1,Written off
Loan2945092,Client167180,Nyanza,2023-06-08,1430000,83566,102990,13,2,0,Normal
Loan2945093,Client85788,Rusizi,2023-06-08,1770000,517207,137560,13,2,0,Normal
Loan2945120,Client47508,Gasabo,2023-06-08,2710000,498678,172304,13,3,0,Normal
Loan2945153,Client148989,Nyanza,2023-06-08,1590000,85815,100041,13,3,0,Normal
Loan2945158,Client24827,Rusizi,2023-06-08,3285000,270844,286036,13,2,0,Normal
Loan2945180,Client45380,Nyamagabe,2023-06-08,2700000,949582,176797,13,2,0,Normal
Loan2945195,Client311,Nyamagabe,2023-06-08,2100000,267823,154496,13,2,0,Normal
Loan2945198,Client10977,Nyamagabe,2023-06-08,2050000,195394,134761,13,2,0,Normal
Loan2945478,Client40536,Ngororero,2023-06-09,2140000,391949,154457,13,2,0,Normal
Loan2945498,Client128571,Rusizi,2023-06-09,1370000,59468,104896,13,2,0,Normal
Loan2945513,Client173378,Rutsiro,2023-06-09,1600000,120815,114832,13,2,0,Normal
Loan2945528,Client42657,Rutsiro,2023-06-09,3500000,1266789,238000,13,3,0,Normal
Loan2945529,Client119190,Nyagatare,2023-06-09,1680000,222158,105248,13,3,0,Normal
Loan2945536,Client133944,Rubavu,2023-06-09,1480000,295589,115021,13,3,0,Normal
Loan2945551,Client163355,Nyagatare,2023-06-09,3300000,378352,246055,13,3,0,Normal
Loan2945560,Client113049,Nyagatare,2023-06-09,1500000,164362,249000,13,3,0,Normal
Loan2945593,Client131120,Nyamagabe,2023-06-09,3300000,162694,136180,13,2,0,Normal
Loan2945636,Client151221,Rusizi,2023-06-09,1570000,81798,114832,13,2,0,Normal
Loan2945647,Client146865,Rubavu,2023-06-09,1590000,76086,101163,13,2,0,Normal
Loan2945665,Client172429,Ngororero,2023-06-09,1570000,34399,105409,13,2,0,Normal
Loan2945676,Client155702,Gasabo,2023-06-09,1520000,123268,96645,13,2,0,Normal
Loan2945678,Client80836,Rusizi,2023-06-09,1770000,97506,137560,13,3,0,Normal
Loan2945687,Client166856,Rusizi,2023-06-09,1590000,293867,105000,13,2,0,Normal
Loan2945736,Client22473,Rutsiro,2023-06-09,2500000,1349918,191758,13,2,0,Normal
Loan2945749,Client164616,Rusizi,2023-06-09,2770000,115449,196615,13,3,0,Normal
Loan2945755,Client174698,Gasabo,2023-06-09,2370000,191123,162455,14,3,0,Normal
Loan2945756,Client40705,Nyanza,2023-06-09,1300000,130701,144124,13,3,0,Normal
Loan2945774,Client144665,Rubavu,2023-06-09,1500000,61592,117936,13,3,0,Normal
Loan2945823,Client54639,Nyagatare,2023-06-09,1280000,156959,96718,14,3,0,Normal
Loan2945827,Client64594,Rusizi,2023-06-09,3500000,485365,289660,13,3,0,Normal
Loan2945828,Client190376,Kicukiro,2023-06-09,2690000,298177,128000,14,3,0,Normal
Loan2945873,Client80461,Nyamagabe,2023-06-09,3500000,885976,393098,14,3,0,Normal
Loan2945897,Client172791,Rusizi,2023-06-09,1590000,196833,101645,13,2,0,Normal
Loan2945910,Client125824,Kicukiro,2023-06-09,3430000,179991,453567,13,3,0,Normal
Loan2945915,Client31651,Rubavu,2023-06-09,3090000,118322,244850,13,3,0,Normal
Loan2945933,Client53931,Gasabo,2023-06-09,2625000,139508,192725,14,3,0,Normal
Loan2945958,Client175098,Gasabo,2023-06-09,2090000,-223794,235900,14,3,0,Normal
Loan2945973,Client49441,Ngororero,2023-06-09,1730000,398423,135135,13,2,0,Normal
Loan2945997,Client190790,Nyagatare,2023-06-09,970000,382620,281500,14,1,1,Written off
Loan2946008,Client165516,Nyanza,2023-06-09,2750000,521258,186048,13,3,0,Normal
Loan2946060,Client118983,Rusizi,2023-06-09,2650000,575663,176000,14,3,0,Normal
Loan2946061,Client59368,Nyanza,2023-06-09,3500000,1906432,266345,13,3,0,Normal
Loan2946087,Client117256,Nyarugenge,2023-06-09,1400000,84989,94439,13,3,0,Normal
Loan2946325,Client163821,Nyagatare,2023-06-10,3180000,323064,281500,14,3,1,Written off
Loan2946335,Client63150,Ngororero,2023-06-10,1570000,277579,95059,13,2,0,Normal
Loan2946924,Client134091,Nyagatare,2023-06-12,2760000,260645,209719,13,2,0,Normal
Loan2946928,Client165835,Rutsiro,2023-06-12,1600000,108907,114513,13,2,0,Normal
Loan2946959,Client72424,Nyanza,2023-06-12,1800000,1207149,287270,13,2,0,Normal
Loan2946969,Client70386,Ngororero,2023-06-12,3200000,248533,252331,13,3,0,Normal
Loan2946988,Client159056,Rutsiro,2023-06-12,1600000,207498,100738,13,2,0,Normal
Loan2947038,Client164777,Kicukiro,2023-06-12,1570000,74966,105863,13,3,0,Normal
Loan2947039,Client159970,Rusizi,2023-06-12,1500000,143904,101120,13,2,0,Normal
Loan2947058,Client132785,Rutsiro,2023-06-12,1480000,113584,106913,13,2,0,Normal
Loan2947074,Client61318,Nyagatare,2023-06-12,3500000,517476,234963,13,2,0,Normal
Loan2947075,Client137039,Rutsiro,2023-06-12,1480000,234546,101638,13,2,0,Normal
Loan2947084,Client57733,Rubavu,2023-06-12,3500000,1918109,287346,13,3,0,Normal
Loan2947088,Client161790,Gasabo,2023-06-12,1960000,398980,228865,14,3,0,Normal
Loan2947090,Client147090,Rubavu,2023-06-12,1590000,60146,101163,13,2,0,Normal
Loan2947094,Client161076,Rutsiro,2023-06-12,1600000,64639,101638,13,3,0,Normal
Loan2947099,Client165627,Gasabo,2023-06-12,1520000,48965,107349,13,3,0,Normal
Loan2947108,Client166432,Nyamagabe,2023-06-12,1540000,101307,113524,13,3,0,Normal
Loan2947116,Client69575,Gasabo,2023-06-12,1770000,358690,129947,13,3,0,Normal
Loan2947137,Client86952,Nyagatare,2023-06-12,3450000,287813,116689,13,2,1,Written off
Loan2947162,Client91114,Rubavu,2023-06-12,1760000,318107,112993,13,2,0,Normal
Loan2947178,Client38804,Nyagatare,2023-06-12,3500000,503778,281785,13,2,0,Normal
Loan2947204,Client145889,Nyagatare,2023-06-12,1580000,99296,114513,13,2,0,Normal
Loan2947232,Client41635,Kicukiro,2023-06-12,3500000,1321929,258563,13,2,0,Normal
Loan2947251,Client120430,Nyanza,2023-06-12,3500000,222092,228890,13,3,0,Normal
Loan2947272,Client41062,Nyanza,2023-06-12,1850000,364635,142699,13,3,0,Normal
Loan2947290,Client81745,Nyanza,2023-06-12,1650000,97302,128005,13,2,0,Normal
Loan2947297,Client125379,Nyanza,2023-06-12,2480000,948339,177573,13,3,0,Normal
Loan2947304,Client137483,Nyanza,2023-06-12,1590000,304786,100041,13,3,0,Normal
Loan2947316,Client174637,Nyanza,2023-06-12,2770000,135891,232351,14,2,0,Normal
Loan2947317,Client151489,Kicukiro,2023-06-12,1570000,30185,103063,13,3,0,Normal
Loan2947326,Client156763,Gasabo,2023-06-12,1590000,63373,115938,13,3,0,Normal
Loan2947350,Client29,Rubavu,2023-06-12,2090000,104710,135257,13,2,0,Normal
Loan2947354,Client41172,Nyanza,2023-06-12,2250000,328301,172467,13,3,0,Normal
Loan2947389,Client157055,Nyagatare,2023-06-12,1580000,170928,122389,13,2,0,Normal
Loan2947398,Client135307,Kicukiro,2023-06-12,1500000,31418,105863,13,2,0,Normal
Loan2947408,Client141969,Ngororero,2023-06-12,2920000,659770,232889,13,3,0,Normal
Loan2947413,Client56418,HQ,2023-06-12,1500000,293153,417257,14,2,0,Normal
Loan2947415,Client119348,Nyanza,2023-06-12,2000000,101811,185328,14,2,0,Normal
Loan2947452,Client152096,Rutsiro,2023-06-12,3000000,72652,252070,13,3,0,Normal
Loan2947643,Client58968,Nyanza,2023-06-13,2780000,302656,213942,13,3,0,Normal
Loan2947667,Client9331,Nyanza,2023-06-13,2520000,214339,193044,13,3,0,Normal
Loan2947682,Client73516,Kicukiro,2023-06-13,2480000,409130,190082,14,2,0,Normal
Loan2947696,Client98075,Nyagatare,2023-06-13,2760000,323644,175915,13,3,0,Normal
Loan2947708,Client13742,Nyanza,2023-06-13,3100000,142379,228890,13,3,0,Normal
Loan2947720,Client101834,Nyagatare,2023-06-13,2930000,712051,223707,13,3,0,Normal
Loan2947722,Client25469,Nyamagabe,2023-06-13,2800000,1405917,224392,13,2,0,Normal
Loan2947743,Client144746,Nyanza,2023-06-13,1590000,42035,95291,13,3,0,Normal
Loan2947755,Client33647,Gasabo,2023-06-13,2220000,936372,144227,13,3,0,Normal
Loan2947768,Client10732,Rubavu,2023-06-13,2150000,347015,164339,13,2,0,Normal
Loan2947773,Client65072,Ngororero,2023-06-13,2400000,436278,211782,13,2,0,Normal
Loan2947775,Client17488,Rusizi,2023-06-13,1920000,861517,123285,13,3,0,Normal
Loan2947784,Client161354,Ngororero,2023-06-13,1570000,34082,105863,13,2,0,Normal
Loan2947786,Client151156,Rusizi,2023-06-13,1580000,180319,100645,13,3,0,Normal
Loan2947792,Client190377,Kicukiro,2023-06-13,3000000,429845,128000,14,3,0,Normal
Loan2947800,Client51248,Nyanza,2023-06-13,1700000,83380,138901,13,3,0,Normal
Loan2947809,Client47246,Ngororero,2023-06-13,2640000,677180,172112,13,2,0,Normal
Loan2947824,Client151147,Rusizi,2023-06-13,1500000,95413,99695,13,2,0,Normal
Loan2947829,Client10686,Ngororero,2023-06-13,1930000,417060,149104,13,3,0,Normal
Loan2947834,Client55609,Nyagatare,2023-06-13,1700000,116959,131895,13,2,0,Normal
Loan2947844,Client79452,Nyagatare,2023-06-13,3500000,821416,306152,13,2,0,Normal
Loan2947858,Client78617,Nyagatare,2023-06-13,3500000,362125,248405,13,2,0,Normal
Loan2947863,Client29080,Nyarugenge,2023-06-13,2550000,453961,192436,13,3,0,Normal
Loan2947869,Client42893,Ngororero,2023-06-13,1550000,624362,125135,13,2,0,Normal
Loan2947872,Client146617,Rubavu,2023-06-13,1520000,60002,117794,13,3,0,Normal
Loan2947875,Client8955,Ngororero,2023-06-13,2000000,217962,147684,13,3,0,Normal
Loan2947892,Client120075,Nyagatare,2023-06-13,1350000,425194,80090,13,2,0,Normal
Loan2947897,Client31452,Ngororero,2023-06-13,2010000,214919,157771,13,3,0,Normal
Loan2947898,Client128393,Nyagatare,2023-06-13,3450000,250848,221567,13,3,0,Normal
Loan2947907,Client155355,Nyagatare,2023-06-13,3400000,731942,218717,13,3,0,Normal
Loan2947925,Client119641,Rusizi,2023-06-13,1570000,56838,113306,13,3,0,Normal
Loan2947948,Client173457,Nyanza,2023-06-13,1500000,30701,115413,13,2,0,Normal
Loan2947957,Client10972,Nyamagabe,2023-06-13,2070000,111903,161146,13,2,0,Normal
Loan2947958,Client8428,Ngororero,2023-06-13,2120000,1139233,154281,13,2,0,Normal
Loan2947966,Client156878,Nyagatare,2023-06-13,1580000,60220,113606,13,2,0,Normal
Loan2947973,Client46980,Nyagatare,2023-06-13,1850000,768057,116676,13,2,0,Normal
Loan2947984,Client110443,Nyanza,2023-06-13,1680000,204705,100788,13,2,0,Normal
Loan2947986,Client150479,Rusizi,2023-06-13,1590000,52499,123814,13,3,0,Normal
Loan2947988,Client41414,Nyarugenge,2023-06-13,2330000,505983,152717,13,2,0,Normal
Loan2947989,Client84524,Nyagatare,2023-06-13,3500000,601358,348487,13,3,0,Normal
Loan2947993,Client47351,Ngororero,2023-06-13,1730000,81845,134235,13,3,0,Normal
Loan2947999,Client155521,Nyagatare,2023-06-13,3300000,185466,211592,13,3,0,Normal
Loan2948006,Client49700,Ngororero,2023-06-13,3180000,260202,231305,13,3,0,Normal
Loan2948026,Client123967,Rusizi,2023-06-13,1540000,107822,119146,13,2,0,Normal
Loan2948030,Client143499,Nyagatare,2023-06-13,1580000,71595,98962,13,3,0,Normal
Loan2948034,Client141043,Nyagatare,2023-06-13,1530000,291304,95162,13,3,0,Normal
Loan2948039,Client176248,Nyagatare,2023-06-13,2760000,109159,186048,13,3,0,Normal
Loan2948054,Client170718,Nyagatare,2023-06-13,1470000,185017,114987,13,3,0,Normal
Loan2948057,Client71466,Nyagatare,2023-06-13,3500000,899633,258896,13,2,0,Normal
Loan2948066,Client87547,Rusizi,2023-06-13,1605000,390351,101120,13,2,0,Normal
Loan2948074,Client15595,Rusizi,2023-06-13,2140000,784862,163996,13,3,0,Normal
Loan2948084,Client148447,Rusizi,2023-06-13,500000,-3668,101120,13,3,0,Normal
Loan2948094,Client45841,Rusizi,2023-06-13,1745000,260967,131774,13,2,0,Normal
Loan2948096,Client150886,Rusizi,2023-06-13,1580000,82486,101120,13,2,0,Normal
Loan2948100,Client151175,Rusizi,2023-06-13,1475000,157313,97788,13,3,0,Normal
Loan2948101,Client64665,Rusizi,2023-06-13,3500000,156597,121996,13,2,0,Normal
Loan2948102,Client167506,Rusizi,2023-06-13,1590000,104745,101645,13,2,0,Normal
Loan2948103,Client134363,Rusizi,2023-06-13,2460000,96631,241203,13,3,0,Normal
Loan2948105,Client57062,Rusizi,2023-06-13,2935000,587756,224287,13,3,0,Normal
Loan2948124,Client5732,Rusizi,2023-06-14,2600000,1198143,199012,13,2,0,Normal
Loan2948182,Client143362,Rutsiro,2023-06-14,1600000,270440,103063,13,3,0,Normal
Loan2948184,Client132267,Nyarugenge,2023-06-14,1430000,403952,53266,14,2,0,Normal
Loan2948200,Client100273,Rutsiro,2023-06-14,1700000,250166,113648,13,2,0,Normal
Loan2948219,Client31342,Gasabo,2023-06-14,2140000,1084875,138530,13,3,0,Normal
Loan2948229,Client99802,Rubavu,2023-06-14,1660000,133861,130287,13,3,0,Normal
Loan2948232,Client109472,Rubavu,2023-06-14,1500000,632791,97877,13,3,0,Normal
Loan2948244,Client58905,Nyanza,2023-06-14,2760000,931186,177897,13,3,0,Normal
Loan2948249,Client56269,Rubavu,2023-06-14,1760000,75899,161004,13,2,0,Normal
Loan2948254,Client125399,Rusizi,2023-06-14,1685000,77990,122389,13,2,0,Normal
Loan2948258,Client166417,Gasabo,2023-06-14,1380000,178590,102275,13,3,0,Normal
Loan2948280,Client76474,Ngororero,2023-06-14,1730000,353297,249380,13,2,0,Normal
Loan2948312,Client157752,Ngororero,2023-06-14,1570000,186632,102545,13,2,0,Normal
Loan2948317,Client88936,Rubavu,2023-06-14,2500000,556525,214307,13,2,0,Normal
Loan2948322,Client56592,Rusizi,2023-06-14,3500000,556114,307577,13,2,0,Normal
Loan2948323,Client146943,Rubavu,2023-06-14,1590000,134313,101163,13,2,0,Normal
Loan2948331,Client118153,Ngororero,2023-06-14,3360000,1096696,252915,13,3,0,Normal
Loan2948333,Client160906,Rusizi,2023-06-14,1000000,258006,98313,13,3,0,Normal
Loan2948341,Client149369,Rusizi,2023-06-14,3150000,93075,211666,13,3,0,Normal
Loan2948347,Client157578,Gasabo,2023-06-14,1590000,323627,101395,13,3,0,Normal
Loan2948353,Client28094,Nyamagabe,2023-06-14,3500000,1453485,260371,13,2,0,Normal
Loan2948357,Client47124,Ngororero,2023-06-14,2500000,316516,183191,13,2,0,Normal
Loan2948360,Client133560,Kicukiro,2023-06-14,2000000,14639,228865,14,2,0,Normal
Loan2948369,Client28321,Nyamagabe,2023-06-14,2040000,149975,168338,13,2,0,Normal
Loan2948372,Client172619,Rusizi,2023-06-14,3300000,418535,218164,13,3,0,Normal
Loan2948381,Client166865,Kicukiro,2023-06-14,1500000,30715,107554,13,3,0,Normal
Loan2948401,Client25419,Kicukiro,2023-06-14,3440000,506690,228865,14,2,0,Normal
Loan2948410,Client51388,Rusizi,2023-06-14,2575000,149196,190474,13,2,0,Normal
Loan2948416,Client38532,Nyanza,2023-06-14,3500000,1782273,319362,13,2,0,Normal
Loan2948418,Client188651,Nyarugenge,2023-06-14,1600000,49423,131844,14,2,0,Normal
Loan2948434,Client175079,Rusizi,2023-06-14,3500000,153574,231740,13,2,0,Normal
Loan2948452,Client67940,Gasabo,2023-06-14,1388000,23401,114021,14,2,0,Normal
Loan2948460,Client12394,Rusizi,2023-06-14,1940000,231326,148812,13,2,0,Normal
Loan2948472,Client134339,Nyagatare,2023-06-14,180000,33944,94153,14,2,1,Written off
Loan2948478,Client87596,Rusizi,2023-06-14,3435000,1704362,202241,13,2,0,Normal
Loan2948493,Client105532,Rusizi,2023-06-14,1760000,237022,136040,13,2,0,Normal
Loan2948500,Client50657,Rusizi,2023-06-14,1720000,365374,134180,13,3,0,Normal
Loan2948516,Client54364,Nyamagabe,2023-06-14,2500000,328972,311113,14,2,0,Normal
Loan2948526,Client167241,Rusizi,2023-06-14,3450000,100504,246055,13,3,0,Normal
Loan2948554,Client65284,Rusizi,2023-06-14,1675000,324433,119251,13,2,0,Normal
Loan2948558,Client123805,Rusizi,2023-06-14,2745000,225509,249855,13,3,0,Normal
Loan2948589,Client21275,Rusizi,2023-06-15,3500000,-391,160276,13,3,0,Normal
Loan2948598,Client150864,Gasabo,2023-06-15,3000000,666270,208884,13,3,0,Normal
Loan2948602,Client160417,Rutsiro,2023-06-15,1500000,119772,110350,13,3,0,Normal
Loan2948605,Client125204,Rusizi,2023-06-15,1130000,251943,99220,13,3,0,Normal
Loan2948612,Client186916,Rutsiro,2023-06-15,3500000,78782,248905,13,3,0,Normal
Loan2948613,Client122077,Gasabo,2023-06-15,1620000,171883,183530,14,3,0,Normal
Loan2948619,Client59695,Nyanza,2023-06-15,1620000,461245,126105,13,2,0,Normal
Loan2948623,Client75994,Rubavu,2023-06-15,2920000,596295,221971,13,2,0,Normal
Loan2948624,Client142882,Rutsiro,2023-06-15,1600000,91737,101638,13,3,0,Normal
Loan2948640,Client147401,Rubavu,2023-06-15,1600000,103869,123019,13,3,0,Normal
Loan2948648,Client68851,Nyamagabe,2023-06-15,3500000,150442,298552,13,2,0,Normal
Loan2948652,Client126348,Kicukiro,2023-06-15,3000000,104436,216650,14,2,0,Normal
Loan2948665,Client14038,Nyamagabe,2023-06-15,3460000,170395,271436,13,3,0,Normal
Loan2948667,Client137977,Gasabo,2023-06-15,1300000,94747,190221,13,2,0,Normal
Loan2948675,Client175611,Ngororero,2023-06-15,1300000,48656,91037,13,2,0,Normal
Loan2948683,Client127048,Nyanza,2023-06-15,1590000,404666,99566,13,3,0,Normal
Loan2948687,Client77777,Rutsiro,2023-06-15,3500000,601718,280000,13,3,0,Normal
Loan2948713,Client55078,Nyagatare,2023-06-15,1790000,527179,132169,13,3,0,Normal
Loan2948722,Client28025,Nyamagabe,2023-06-15,2150000,709375,168667,13,2,0,Normal
Loan2948737,Client135328,Gasabo,2023-06-15,3500000,1388961,287478,13,2,0,Normal
Loan2948742,Client149475,Nyanza,2023-06-15,1590000,321726,100041,13,2,0,Normal
Loan2948750,Client171224,Nyagatare,2023-06-15,1520000,379674,244157,13,3,0,Normal
Loan2948764,Client9182,Rutsiro,2023-06-15,1100000,279450,147773,13,3,0,Normal
Loan2948767,Client2809,Nyagatare,2023-06-15,3500000,2149090,266680,13,3,0,Normal
Loan2948768,Client42,Ngororero,2023-06-15,2120000,872558,136033,13,3,0,Normal
Loan2948780,Client158157,Ngororero,2023-06-15,1400000,301261,160276,13,2,0,Normal
Loan2948787,Client162240,Nyamagabe,2023-06-15,2400000,95244,189888,13,2,0,Normal
Loan2948789,Client12951,Nyagatare,2023-06-15,3130000,862449,236670,13,2,0,Normal
Loan2948808,Client55080,Nyagatare,2023-06-15,1720000,742159,107176,13,3,0,Normal
Loan2948811,Client64960,Rutsiro,2023-06-15,3000000,504364,287703,13,2,0,Normal
Loan2948814,Client141289,Nyamagabe,2023-06-15,1400000,53361,116844,13,2,0,Normal
Loan2948815,Client106550,Rubavu,2023-06-15,2700000,116840,185965,13,3,0,Normal
Loan2948818,Client32167,Ngororero,2023-06-15,3020000,644915,227596,13,3,0,Normal
Loan2948821,Client148621,Rubavu,2023-06-15,1590000,322520,101163,13,3,0,Normal
Loan2948825,Client150360,Nyagatare,2023-06-15,1590000,115666,115938,13,3,0,Normal
Loan2948833,Client172494,Ngororero,2023-06-15,1500000,55859,103084,13,2,0,Normal
Loan2948839,Client65154,Rubavu,2023-06-15,1670000,143054,112682,13,3,0,Normal
Loan2948845,Client40198,Ngororero,2023-06-15,2280000,290441,166169,13,3,0,Normal
Loan2948873,Client120857,Nyarugenge,2023-06-15,1570000,465979,101120,13,3,0,Normal
Loan2948876,Client66114,Ngororero,2023-06-15,1600000,393966,111571,13,3,0,Normal
Loan2948883,Client160607,Gasabo,2023-06-15,1590000,55611,116257,13,3,0,Normal
Loan2948885,Client98259,Nyanza,2023-06-15,1720000,135414,133285,13,2,0,Normal
Loan2948895,Client2,Rusizi,2023-06-15,2140000,516613,163996,13,3,0,Normal
Loan2948903,Client79151,Nyamagabe,2023-06-15,1450000,103405,111338,14,2,0,Normal
Loan2948943,Client124883,Rusizi,2023-06-15,3455000,951903,230989,13,3,0,Normal
Loan2948960,Client47274,Ngororero,2023-06-15,1730000,514401,111096,13,3,0,Normal
Loan2948966,Client130324,Nyarugenge,2023-06-15,1510000,80330,97363,13,2,0,Normal
Loan2948969,Client149739,Nyanza,2023-06-15,1500000,215651,100041,13,2,0,Normal
Loan2949028,Client146957,Rubavu,2023-06-16,1590000,173344,101163,13,2,0,Normal
Loan2949031,Client89507,Gasabo,2023-06-16,3500000,302486,310399,14,3,0,Normal
Loan2949041,Client78691,Nyagatare,2023-06-16,3500000,1308243,221567,13,3,0,Normal
Loan2949065,Client139260,Nyanza,2023-06-16,3000000,736096,228890,13,3,0,Normal
Loan2949076,Client15792,Ngororero,2023-06-16,2600000,174743,180844,13,2,0,Normal
Loan2949080,Client142405,Rusizi,2023-06-16,2800000,757801,232640,13,2,0,Normal
Loan2949088,Client87577,Rusizi,2023-06-16,3050000,1205618,232467,13,3,0,Normal
Loan2949103,Client145892,Rubavu,2023-06-16,1500000,91417,101163,13,3,0,Normal
Loan2949106,Client163054,Gasabo,2023-06-16,1590000,98127,106000,13,2,0,Normal
Loan2949114,Client150575,Rusizi,2023-06-16,1580000,250840,101120,13,3,0,Normal
Loan2949118,Client13804,Rubavu,2023-06-16,3500000,384643,295970,13,3,0,Normal
Loan2949129,Client137095,Rutsiro,2023-06-16,1485000,102832,94038,13,2,0,Normal
Loan2949130,Client141212,Rusizi,2023-06-16,3500000,455054,232640,13,3,0,Normal
Loan2949132,Client129373,Gasabo,2023-06-16,1590000,72797,123421,13,3,0,Normal
Loan2949154,Client145494,Rubavu,2023-06-16,1590000,60936,101163,13,3,0,Normal
Loan2949157,Client128183,Ngororero,2023-06-16,3360000,421555,252436,13,2,0,Normal
Loan2949160,Client132602,Nyamagabe,2023-06-16,1570000,101885,122621,13,2,0,Normal
Loan2949166,Client127062,Rusizi,2023-06-16,1590000,408401,101120,13,3,0,Normal
Loan2949183,Client82987,Rusizi,2023-06-16,3490000,180555,252070,13,3,0,Normal
Loan2949197,Client144510,Nyanza,2023-06-16,2430000,539783,155957,13,3,0,Normal
Loan2949217,Client154710,Gasabo,2023-06-16,1590000,135031,101395,13,2,0,Normal
Loan2949228,Client146890,Rubavu,2023-06-16,1500000,108271,95463,13,3,0,Normal
Loan2949231,Client18694,Gasabo,2023-06-16,2000000,446044,152484,13,2,0,Normal
Loan2949237,Client7949,Nyamagabe,2023-06-16,2110000,112083,164339,13,3,0,Normal
Loan2949249,Client10871,Rubavu,2023-06-16,1960000,104000,151393,13,2,0,Normal
Loan2949259,Client42779,Rutsiro,2023-06-16,1850000,86659,143432,13,2,0,Normal
Loan2949369,Client139192,Nyanza,2023-06-16,3070000,760513,228890,13,2,0,Normal
Loan2949401,Client5090,Rutsiro,2023-06-16,2600000,213708,199091,13,2,0,Normal
Loan2949413,Client131802,Nyamagabe,2023-06-16,1500000,75717,95765,13,2,0,Normal
Loan2949461,Client99910,Nyarugenge,2023-06-16,3500000,130661,248549,14,3,0,Normal
Loan2949656,Client169929,Nyagatare,2023-06-17,1590000,266806,114513,13,3,0,Normal
Loan2949737,Client42185,Rubavu,2023-06-19,2080000,580589,142657,13,3,0,Normal
Loan2949767,Client148962,Nyagatare,2023-06-19,1580000,58956,100645,13,2,0,Normal
Loan2949768,Client155507,Nyagatare,2023-06-19,1470000,35881,114784,13,3,0,Normal
Loan2949772,Client79646,Rusizi,2023-06-19,2760000,106664,211261,13,3,0,Normal
Loan2949774,Client159391,Gasabo,2023-06-19,1376000,78136,174011,14,3,0,Normal
Loan2949783,Client79403,Gasabo,2023-06-19,2200000,536943,546772,13,3,0,Normal
Loan2949797,Client50026,Nyagatare,2023-06-19,3500000,152957,324758,14,1,0,Normal
Loan2949802,Client174705,Rusizi,2023-06-19,3490000,99925,223000,13,2,0,Normal
Loan2949806,Client48807,Nyagatare,2023-06-19,1330000,290678,94153,14,3,1,Written off
Loan2949809,Client56518,Nyanza,2023-06-19,3500000,1016720,261595,13,2,0,Normal
Loan2949811,Client173335,Gasabo,2023-06-19,1590000,70539,111507,13,3,0,Normal
Loan2949820,Client162119,Nyamagabe,2023-06-19,1550000,66889,123019,13,3,0,Normal
Loan2949822,Client45989,Nyanza,2023-06-19,2760000,1005388,214469,13,3,0,Normal
Loan2949825,Client20018,Nyagatare,2023-06-19,1830000,791794,112876,13,3,0,Normal
Loan2949826,Client148922,Rusizi,2023-06-19,1500000,227217,113088,13,2,0,Normal
Loan2949829,Client91125,Rubavu,2023-06-19,2615000,882607,186992,13,2,0,Normal
Loan2949831,Client154860,Nyamagabe,2023-06-19,1550000,323428,100645,13,2,0,Normal
Loan2949839,Client149722,Nyanza,2023-06-19,1590000,123906,100041,13,3,0,Normal
Loan2949840,Client160731,Gasabo,2023-06-19,1770000,127857,101543,13,3,0,Normal
Loan2949851,Client168162,Rubavu,2023-06-19,1000000,11564,123710,13,2,0,Normal
Loan2949859,Client190687,Rubavu,2023-06-19,795000,72852,167495,14,3,0,Normal
Loan2949879,Client44103,Gasabo,2023-06-19,3500000,224959,137030,14,2,0,Normal
Loan2949881,Client78625,Nyagatare,2023-06-19,3500000,483976,306190,13,2,0,Normal
Loan2949887,Client97626,Nyagatare,2023-06-19,1700000,626064,105980,13,3,0,Normal
Loan2949894,Client133963,Nyagatare,2023-06-19,2645000,436946,205686,13,2,0,Normal
Loan2949904,Client25171,Rusizi,2023-06-19,3500000,1808043,268403,13,3,0,Normal
Loan2949933,Client169174,Nyagatare,2023-06-19,1500000,279469,107288,13,3,0,Normal
Loan2949938,Client783,Nyagatare,2023-06-19,3500000,161744,270406,13,2,0,Normal
Loan2949949,Client164291,Nyamagabe,2023-06-19,3380000,177185,229158,13,2,0,Normal
Loan2949959,Client128141,Nyamagabe,2023-06-19,1490000,41501,94772,13,3,0,Normal
Loan2949971,Client86263,Kicukiro,2023-06-19,3500000,215662,269353,13,2,0,Normal
Loan2949984,Client44137,Nyagatare,2023-06-19,2985000,738512,226267,13,2,0,Normal
Loan2950001,Client152606,Nyarugenge,2023-06-19,1570000,34699,110350,13,3,0,Normal
Loan2950006,Client149976,Rusizi,2023-06-19,1570000,128633,123421,13,3,0,Normal
Loan2950023,Client164289,Nyamagabe,2023-06-19,2700000,101042,198800,13,3,0,Normal
Loan2950027,Client78482,Rusizi,2023-06-19,1770000,706769,113164,13,2,0,Normal
Loan2950030,Client132721,Nyanza,2023-06-19,1590000,40292,117639,13,3,0,Normal
Loan2950035,Client81246,Rusizi,2023-06-19,1485000,629405,96064,13,2,0,Normal
Loan2950044,Client158442,Nyagatare,2023-06-19,2740000,66941,186048,13,3,0,Normal
Loan2950048,Client127665,Rusizi,2023-06-19,1590000,278055,101120,13,2,0,Normal
Loan2950064,Client162181,Rusizi,2023-06-19,2400000,453318,172742,13,3,0,Normal
Loan2950065,Client22128,HQ,2023-06-19,1726001,382291,140562,14,3,0,Normal
Loan2950073,Client12377,HQ,2023-06-19,1832551,175658,84769,14,2,0,Normal
Loan2950108,Client160226,Gasabo,2023-06-19,1450000,79139,115938,13,2,0,Normal
Loan2950116,Client103408,Nyanza,2023-06-19,3500000,297389,250218,13,2,0,Normal
Loan2950120,Client160790,Rusizi,2023-06-19,1500000,41541,114513,13,2,0,Normal
Loan2950147,Client130685,Nyagatare,2023-06-19,3450000,119945,264431,13,2,0,Normal
Loan2950148,Client149983,Rusizi,2023-06-19,1520000,100370,101120,13,2,0,Normal
Loan2950149,Client18298,Nyagatare,2023-06-19,1940000,529138,122475,13,3,0,Normal
Loan2950158,Client162519,Nyagatare,2023-06-19,1100000,56952,108657,13,3,0,Normal
Loan2950163,Client91340,Nyagatare,2023-06-19,2160000,178605,136783,13,3,0,Normal
Loan2950165,Client8051,Nyagatare,2023-06-19,3500000,132804,272806,13,2,0,Normal
Loan2950175,Client49839,Rusizi,2023-06-19,1770000,620696,101595,13,3,0,Normal
Loan2950197,Client45934,Gasabo,2023-06-20,1770000,162112,137560,13,2,0,Normal
Loan2950199,Client42810,Rutsiro,2023-06-20,1950000,98691,149287,13,3,0,Normal
Loan2950201,Client65046,Rusizi,2023-06-20,3500000,2010077,235130,13,3,0,Normal
Loan2950210,Client141760,Nyanza,2023-06-20,3070000,382732,228890,13,3,0,Normal
Loan2950214,Client7848,Rutsiro,2023-06-20,2150000,311595,138871,13,3,0,Normal
Loan2950220,Client48322,Nyamagabe,2023-06-20,1540000,519119,106662,13,3,0,Normal
Loan2950230,Client109878,Nyanza,2023-06-20,1580000,509706,99276,13,2,0,Normal
Loan2950251,Client40744,Nyamagabe,2023-06-20,1780000,279604,141558,13,2,0,Normal
Loan2950256,Client145874,Rutsiro,2023-06-20,1600000,213235,103063,13,3,0,Normal
Loan2950270,Client150250,Nyanza,2023-06-20,1590000,103423,100041,13,2,0,Normal
Loan2950275,Client170285,Nyagatare,2023-06-20,1520000,181753,108885,13,3,0,Normal
Loan2950283,Client61313,Nyagatare,2023-06-20,1680000,77961,142199,13,3,0,Normal
Loan2950294,Client50161,Kicukiro,2023-06-20,2410000,145608,237985,13,3,0,Normal
Loan2950297,Client148332,Nyanza,2023-06-20,1590000,286639,100041,13,2,0,Normal
Loan2950298,Client172327,Ngororero,2023-06-20,1570000,128384,114424,13,3,0,Normal
Loan2950311,Client134004,Ngororero,2023-06-20,3280000,238713,214634,13,3,0,Normal
Loan2950316,Client60941,Nyagatare,2023-06-20,1620000,437008,126135,13,2,0,Normal
Loan2950317,Client7541,Nyanza,2023-06-20,1300000,630516,301899,13,3,0,Normal
Loan2950326,Client158456,Nyagatare,2023-06-20,1590000,328105,98962,13,3,0,Normal
Loan2950329,Client17302,Nyamagabe,2023-06-20,3500000,905215,277057,13,2,0,Normal
Loan2950330,Client137507,Nyanza,2023-06-20,840000,320895,100652,14,2,0,Normal
Loan2950348,Client5312,Rusizi,2023-06-20,2410000,164780,184710,13,2,0,Normal
Loan2950377,Client104220,Rusizi,2023-06-20,1770000,93294,128981,13,2,0,Normal
Loan2950378,Client165463,Rubavu,2023-06-20,1590000,69870,107599,13,3,0,Normal
Loan2950380,Client147058,Rubavu,2023-06-20,1590000,59537,105934,13,3,0,Normal
Loan2950384,Client1602,Rubavu,2023-06-20,3500000,4501005,248829,13,2,0,Normal
Loan2950393,Client150141,Rusizi,2023-06-20,1590000,107987,122389,13,3,0,Normal
Loan2950394,Client160024,Rutsiro,2023-06-20,1485000,57342,99691,13,2,0,Normal
Loan2950395,Client129841,Kicukiro,2023-06-20,3470000,1285013,281500,14,3,1,Written off
Loan2950397,Client159588,Rusizi,2023-06-20,1540000,88112,119539,13,3,0,Normal
Loan2950399,Client80022,Nyamagabe,2023-06-20,1680000,256921,132335,13,2,0,Normal
Loan2950408,Client157994,Ngororero,2023-06-20,1000000,308312,97795,13,3,0,Normal
Loan2950449,Client101294,Gasabo,2023-06-20,1700000,69976,143200,13,2,0,Normal
Loan2950450,Client7653,Nyamagabe,2023-06-20,2920000,1255203,223669,13,3,0,Normal
Loan2950452,Client120956,Ngororero,2023-06-20,2900000,332732,230514,13,3,0,Normal
Loan2950467,Client102090,Nyarugenge,2023-06-20,2150000,170829,155958,14,2,0,Normal
Loan2950474,Client123548,Rusizi,2023-06-20,3500000,248239,231464,13,2,0,Normal
Loan2950490,Client86859,Nyanza,2023-06-20,3050000,856619,231517,13,2,0,Normal
Loan2950491,Client49958,Rusizi,2023-06-20,3430000,116700,229790,13,3,0,Normal
Loan2950516,Client121090,Nyarugenge,2023-06-20,2800000,631339,186697,13,2,0,Normal
Loan2950522,Client63822,Rusizi,2023-06-20,2280000,190970,265678,13,2,0,Normal
Loan2950523,Client118297,Rubavu,2023-06-20,1680000,90601,128452,13,2,0,Normal
Loan2950533,Client165346,Rusizi,2023-06-20,1450000,49706,106438,13,3,0,Normal
Loan2950560,Client174172,Rusizi,2023-06-20,1590000,71856,107232,13,3,0,Normal
Loan2950575,Client161184,Nyarugenge,2023-06-20,1600000,54233,116525,13,2,0,Normal
Loan2950627,Client31883,Kicukiro,2023-06-21,3400000,686348,230989,13,2,0,Normal
Loan2950645,Client163536,Gasabo,2023-06-21,2500000,657641,192396,14,2,0,Normal
Loan2950661,Client161769,Gasabo,2023-06-21,2500000,234788,228865,14,3,0,Normal
Loan2950686,Client79404,Nyamagabe,2023-06-21,3180000,1058489,226900,13,2,0,Normal
Loan2950690,Client139180,Nyanza,2023-06-21,2880000,215389,216540,13,3,0,Normal
Loan2950706,Client146107,Rubavu,2023-06-21,1590000,51935,113044,13,3,0,Normal
Loan2950709,Client9310,Gasabo,2023-06-21,3500000,207869,312613,14,3,0,Normal
Loan2950725,Client344,HQ,2023-06-21,1724605,284279,84769,14,2,0,Normal
Loan2950728,Client80842,HQ,2023-06-21,1724605,411817,59208,14,2,0,Normal
Loan2950737,Client189627,Kicukiro,2023-06-21,2500000,156369,175011,14,2,0,Normal
Loan2950749,Client99431,Nyamagabe,2023-06-21,2500000,176613,214261,13,2,0,Normal
Loan2950752,Client175422,Rusizi,2023-06-21,1590000,53226,102163,13,3,0,Normal
Loan2950759,Client79991,Nyagatare,2023-06-21,3120000,306929,294776,13,2,0,Normal
Loan2950766,Client49661,Ngororero,2023-06-21,1800000,2016992,254924,13,2,0,Normal
Loan2950768,Client100089,Kicukiro,2023-06-21,1600000,83496,108407,13,3,0,Normal
Loan2950770,Client13984,Nyarugenge,2023-06-21,1570000,285236,125730,13,3,0,Normal
Loan2950779,Client156954,Nyagatare,2023-06-21,1000000,201534,98962,13,3,0,Normal
Loan2950783,Client24809,Rusizi,2023-06-21,3500000,229288,246690,13,3,0,Normal
Loan2950787,Client42979,Rutsiro,2023-06-21,1800000,313793,140386,13,3,0,Normal
Loan2950797,Client49080,Ngororero,2023-06-21,1690000,138040,107771,13,2,0,Normal
Loan2950798,Client45879,Rusizi,2023-06-21,1725000,490731,137723,13,2,0,Normal
Loan2950809,Client186294,Rubavu,2023-06-21,615000,715102,133186,14,1,0,Normal
Loan2950815,Client66129,Ngororero,2023-06-21,1640000,229239,120856,13,3,0,Normal
Loan2950843,Client128409,Nyamagabe,2023-06-21,3020000,162611,239778,13,3,0,Normal
Loan2950872,Client147230,Rutsiro,2023-06-21,1600000,61983,101638,13,2,0,Normal
Loan2950878,Client149389,Nyanza,2023-06-21,1470000,64209,100041,13,2,0,Normal
Loan2950889,Client119443,Rutsiro,2023-06-21,2770000,457337,198454,13,3,0,Normal
Loan2950895,Client49483,Ngororero,2023-06-21,3500000,1264941,363834,13,3,0,Normal
Loan2950910,Client46740,Ngororero,2023-06-21,2820000,1755735,259674,13,3,0,Normal
Loan2950925,Client55885,Rubavu,2023-06-21,2680000,571600,179750,13,3,0,Normal
Loan2950934,Client149940,Rusizi,2023-06-21,1520000,262928,97795,13,2,0,Normal
Loan2950937,Client68876,Ngororero,2023-06-21,1600000,153370,123045,13,2,0,Normal
Loan2950957,Client167786,Rusizi,2023-06-21,1570000,283118,114515,13,2,0,Normal
Loan2950958,Client158002,Ngororero,2023-06-21,1570000,274695,102545,13,2,0,Normal
Loan2950972,Client88723,Rusizi,2023-06-21,1760000,486572,128060,13,3,0,Normal
Loan2950985,Client162256,Nyanza,2023-06-21,1520000,127278,111982,13,3,0,Normal
Loan2950987,Client127376,Nyamagabe,2023-06-21,2310000,162553,158397,14,3,0,Normal
Loan2950988,Client12165,Rusizi,2023-06-21,2260000,445922,174213,13,2,0,Normal
Loan2951016,Client65308,Rusizi,2023-06-21,3380000,1339722,223864,13,3,0,Normal
Loan2951034,Client125818,Rubavu,2023-06-22,2500000,88550,210000,14,3,0,Normal
Loan2951037,Client142879,Kicukiro,2023-06-22,1350000,32320,103389,13,3,0,Normal
Loan2951043,Client135306,Nyanza,2023-06-22,2350000,282596,151022,13,3,0,Normal
Loan2951086,Client172405,Rutsiro,2023-06-22,1600000,43436,107820,13,2,0,Normal
Loan2951102,Client188769,Gasabo,2023-06-22,2500000,175028,300630,14,3,0,Normal
Loan2951109,Client96598,Rutsiro,2023-06-22,3500000,232879,238700,13,3,0,Normal
Loan2951117,Client155886,Gasabo,2023-06-22,1590000,64324,116257,13,3,0,Normal
Loan2951119,Client45924,Rusizi,2023-06-22,1760000,181103,132810,13,3,0,Normal
Loan2951121,Client118210,Rubavu,2023-06-22,1410000,510029,107377,13,2,0,Normal
Loan2951130,Client23143,Rutsiro,2023-06-22,1830000,139840,242933,13,3,0,Normal
Loan2951166,Client152238,Nyanza,2023-06-22,1590000,320472,136135,13,3,0,Normal
Loan2951189,Client131502,Kicukiro,2023-06-22,3400000,1091139,228865,14,3,0,Normal
Loan2951193,Client88966,Rubavu,2023-06-22,3500000,1748848,247853,13,3,0,Normal
Loan2951212,Client13772,Rubavu,2023-06-22,2010000,222068,279292,13,2,0,Normal
Loan2951216,Client78636,Nyagatare,2023-06-22,1720000,112265,137275,13,3,0,Normal
Loan2951232,Client86557,Nyanza,2023-06-22,3270000,1790092,246870,13,2,0,Normal
Loan2951234,Client55920,Nyagatare,2023-06-22,1740000,144641,124563,13,3,0,Normal
Loan2951257,Client91176,Rubavu,2023-06-22,3500000,163902,268446,13,3,0,Normal
Loan2951294,Client46497,Rubavu,2023-06-22,1850000,75122,142462,13,3,0,Normal
Loan2951295,Client167536,Rutsiro,2023-06-22,1600000,25819,114513,13,3,0,Normal
Loan2951303,Client125546,Nyamagabe,2023-06-22,1550000,113847,254635,13,3,0,Normal
Loan2951325,Client44198,Nyagatare,2023-06-22,1630000,274110,137924,13,3,0,Normal
Loan2951326,Client150129,Nyanza,2023-06-22,1590000,43031,100041,13,3,0,Normal
Loan2951327,Client88349,Ngororero,2023-06-22,2300000,257935,151104,13,3,0,Normal
Loan2951329,Client111279,Nyagatare,2023-06-22,1680000,263705,105248,13,2,0,Normal
Loan2951335,Client120200,Nyagatare,2023-06-22,380000,121056,30000,14,2,0,Normal
Loan2951339,Client47216,Nyarugenge,2023-06-22,2300000,43669,150000,14,2,0,Normal
Loan2951389,Client162826,Nyamagabe,2023-06-22,1800000,113108,210845,13,3,0,Normal
Loan2951400,Client190898,Kicukiro,2023-06-22,950000,169843,289925,14,2,0,Normal
Loan2951437,Client104639,Nyagatare,2023-06-22,2760000,88957,197794,13,3,0,Normal
Loan2951446,Client126067,Nyagatare,2023-06-22,2760000,144997,236061,13,3,0,Normal
Loan2951448,Client190848,Nyarugenge,2023-06-22,1720000,513643,281500,14,3,1,Written off
Loan2951449,Client146480,Rutsiro,2023-06-22,1100000,156442,103063,13,3,0,Normal
Loan2951452,Client92782,Rusizi,2023-06-22,3500000,118355,250690,13,2,0,Normal
Loan2951453,Client80053,Nyamagabe,2023-06-22,3000000,1151317,305715,13,3,0,Normal
Loan2951460,Client82278,Rubavu,2023-06-22,3500000,503049,276917,13,2,0,Normal
Loan2951461,Client143647,Nyamagabe,2023-06-22,1448000,111499,100515,13,3,0,Normal
Loan2951478,Client11701,Nyarugenge,2023-06-22,2050000,213539,159990,13,2,0,Normal
Loan2951479,Client166269,Nyamagabe,2023-06-22,1200000,94337,106711,13,2,0,Normal
Loan2951484,Client86728,Rutsiro,2023-06-22,2700000,315136,213183,13,3,0,Normal
Loan2951490,Client128779,Nyamagabe,2023-06-22,3000000,99468,231653,13,2,0,Normal
Loan2951525,Client182913,Kicukiro,2023-06-22,1610000,91163,235900,14,3,0,Normal
Loan2951545,Client149805,Nyanza,2023-06-22,1540000,193097,97191,13,2,0,Normal
Loan2951584,Client52138,Nyamagabe,2023-06-22,2700000,112899,142508,13,1,0,Normal
Loan2951587,Client148118,Nyanza,2023-06-22,1470000,98055,122389,13,3,0,Normal
Loan2951735,Client42780,Rutsiro,2023-06-23,2080000,101830,134121,13,3,0,Normal
Loan2951742,Client17674,Nyamagabe,2023-06-23,1870000,939217,120904,13,3,0,Normal
Loan2951758,Client82940,Nyanza,2023-06-23,1850000,113191,142511,13,3,0,Normal
Loan2951779,Client122334,Rusizi,2023-06-23,2430000,478339,157464,13,3,0,Normal
Loan2951821,Client190786,Gasabo,2023-06-23,1060000,479536,228865,14,1,0,Normal
Loan2951826,Client168831,Rusizi,2023-06-23,1590000,57745,114513,13,3,0,Normal
Loan2951827,Client75997,Rubavu,2023-06-23,3370000,797374,261176,13,3,0,Normal
Loan2951832,Client145185,Nyamagabe,2023-06-23,1550000,51936,122621,13,2,0,Normal
Loan2951837,Client37047,Gasabo,2023-06-23,3500000,457228,351538,13,3,0,Normal
Loan2951841,Client88810,Nyamagabe,2023-06-23,2700000,466952,175847,13,2,0,Normal
Loan2951849,Client121549,Nyagatare,2023-06-23,3500000,89877,284431,13,2,0,Normal
Loan2951865,Client10139,Nyagatare,2023-06-23,2000000,786120,129551,13,3,0,Normal
Loan2951868,Client146874,Rubavu,2023-06-23,1590000,45364,101163,13,2,0,Normal
Loan2951889,Client65560,Ngororero,2023-06-23,3500000,310146,271436,13,3,0,Normal
Loan2951891,Client166394,Rusizi,2023-06-23,1500000,56391,103375,13,3,0,Normal
Loan2951926,Client168897,Rusizi,2023-06-23,1200000,113126,102000,13,3,0,Normal
Loan2951935,Client157235,Nyagatare,2023-06-23,1590000,57398,122289,13,3,0,Normal
Loan2951936,Client129161,Rubavu,2023-06-23,1515000,113516,96187,13,3,0,Normal
Loan2951942,Client108719,Nyanza,2023-06-23,3380000,1514767,250693,13,2,0,Normal
Loan2951943,Client47276,Ngororero,2023-06-23,2730000,109041,249265,13,3,0,Normal
Loan2951952,Client134216,Gasabo,2023-06-23,1590000,62986,103235,13,2,0,Normal
Loan2951973,Client132171,Nyagatare,2023-06-23,3470000,108401,208940,13,2,0,Normal
Loan2951974,Client158224,Ngororero,2023-06-23,1570000,136515,101120,13,3,0,Normal
Loan2951981,Client132426,Rubavu,2023-06-23,2290000,124182,197794,13,2,0,Normal
Loan2951987,Client170445,Nyagatare,2023-06-23,3500000,122165,238228,13,3,0,Normal
Loan2951999,Client170093,Nyamagabe,2023-06-23,3500000,139441,212109,13,2,0,Normal
Loan2952013,Client158424,Gasabo,2023-06-23,918000,27458,64662,14,2,0,Normal
Loan2952016,Client141141,Nyagatare,2023-06-23,2470000,99440,156915,13,3,0,Normal
Loan2952054,Client40436,Ngororero,2023-06-23,1640000,114002,114664,13,3,0,Normal
Loan2952136,Client154626,Rubavu,2023-06-23,1590000,62073,101163,13,2,0,Normal
Loan2952154,Client107964,Kicukiro,2023-06-23,2500000,132527,228865,14,2,0,Normal
Loan2952216,Client99979,Nyarugenge,2023-06-23,3500000,1176953,272190,13,2,0,Normal
Loan2952242,Client70282,Rubavu,2023-06-23,1760000,67687,101068,13,2,0,Normal
Loan2952252,Client24783,Rusizi,2023-06-23,1810000,305239,237326,13,2,0,Normal
Loan2952259,Client86918,Nyarugenge,2023-06-23,3500000,329324,287578,13,3,0,Normal
Loan2952270,Client164411,Nyagatare,2023-06-23,3500000,102298,252070,13,2,0,Normal
Loan2952277,Client174842,Nyanza,2023-06-23,3500000,611607,250805,13,3,0,Normal
Loan2952310,Client55445,Rubavu,2023-06-23,2700000,148999,259650,14,2,0,Normal
Loan2952316,Client24797,Rusizi,2023-06-23,2990000,831823,208707,13,3,0,Normal
Loan2952319,Client77938,Rusizi,2023-06-23,1655000,758903,277011,13,3,0,Normal
Loan2952327,Client162041,Rusizi,2023-06-23,1540000,212208,112993,13,3,0,Normal
Loan2952413,Client31815,Rusizi,2023-06-24,2500000,634282,194081,13,3,0,Normal
Loan2952556,Client126373,Rusizi,2023-06-24,3500000,371909,190328,13,3,0,Normal
Loan2952608,Client70317,Rusizi,2023-06-24,2000000,929673,231464,13,2,0,Normal
Loan2952665,Client162956,Rusizi,2023-06-24,1590000,316460,114976,13,2,0,Normal
Loan2952795,Client125695,Rusizi,2023-06-26,3500000,896541,230989,13,3,0,Normal
Loan2952912,Client48901,Rubavu,2023-06-26,3500000,397196,248549,13,2,0,Normal
Loan2952916,Client70091,Rutsiro,2023-06-26,1570000,158414,123948,13,2,0,Normal
Loan2952933,Client163490,Kicukiro,2023-06-26,2350000,537183,277005,14,2,0,Normal
Loan2952935,Client5752,Gasabo,2023-06-26,1590000,123125,101395,13,3,0,Normal
Loan2952955,Client123066,Rutsiro,2023-06-26,1570000,87604,101543,13,3,0,Normal
Loan2953036,Client28729,Nyamagabe,2023-06-26,3000000,838957,228669,13,2,0,Normal
Loan2953037,Client3851,Gasabo,2023-06-26,3500000,722145,314510,14,3,0,Normal
Loan2953083,Client61967,Gasabo,2023-06-26,3480000,1189667,229695,13,3,0,Normal
Loan2953094,Client167928,Nyanza,2023-06-26,1590000,79005,100602,13,2,0,Normal
Loan2953121,Client15638,Rusizi,2023-06-26,2000000,1157922,140148,13,3,0,Normal
Loan2953140,Client86849,Nyanza,2023-06-26,1550000,61741,107197,13,3,0,Normal
Loan2953162,Client26007,Nyamagabe,2023-06-26,1500000,226208,117895,13,3,0,Normal
Loan2953188,Client40288,Ngororero,2023-06-26,1690000,158068,131699,13,3,0,Normal
Loan2953212,Client104074,Nyagatare,2023-06-26,3500000,304201,344163,13,3,0,Normal
Loan2953229,Client166702,Rusizi,2023-06-26,1520000,282407,160276,13,2,0,Normal
Loan2953237,Client166430,Nyanza,2023-06-26,1590000,52624,114256,13,3,0,Normal
Loan2953240,Client62199,Nyagatare,2023-06-26,3500000,1149914,237480,13,2,0,Normal
Loan2953259,Client64578,Rusizi,2023-06-26,1770000,341252,129960,13,2,0,Normal
Loan2953268,Client157670,Gasabo,2023-06-26,1590000,58052,100646,13,3,0,Normal
Loan2953325,Client83123,Nyanza,2023-06-26,3200000,209181,238327,13,3,0,Normal
Loan2953336,Client171425,Rutsiro,2023-06-26,3500000,612212,259995,13,2,0,Normal
Loan2953423,Client7408,Nyarugenge,2023-06-26,3500000,1689536,288696,13,2,0,Normal
Loan2953464,Client82673,Gasabo,2023-06-26,3500000,1902714,309032,14,3,0,Normal
Loan2953498,Client159593,Kicukiro,2023-06-26,1500000,52825,121996,13,3,0,Normal
Loan2953527,Client167070,Rusizi,2023-06-26,1405000,65342,97413,13,2,0,Normal
Loan2953537,Client78717,Nyagatare,2023-06-26,1100000,118034,110730,13,2,0,Normal
Loan2953539,Client133989,Gasabo,2023-06-26,3250000,867577,171940,14,2,0,Normal
Loan2953543,Client169264,Nyagatare,2023-06-26,1590000,115743,113885,13,3,0,Normal
Loan2953550,Client159644,Nyanza,2023-06-26,2760000,173391,177897,13,2,0,Normal
Loan2953557,Client148590,Nyanza,2023-06-26,1590000,212725,100041,13,3,0,Normal
Loan2953558,Client103961,Rusizi,2023-06-26,3450000,209748,226714,13,3,0,Normal
Loan2953586,Client78979,Rusizi,2023-06-26,2100000,723547,295802,13,3,0,Normal
Loan2953596,Client166017,Nyanza,2023-06-26,2840000,117337,213743,13,3,0,Normal
Loan2953707,Client116942,Nyanza,2023-06-27,1580000,55665,99751,13,3,0,Normal
Loan2953720,Client127113,Nyanza,2023-06-27,1590000,148018,100041,13,3,0,Normal
Loan2953725,Client166331,Rusizi,2023-06-27,1590000,66110,114382,13,2,0,Normal
Loan2953737,Client123032,Gasabo,2023-06-27,2800000,158202,229132,13,3,0,Normal
Loan2953754,Client168511,Gasabo,2023-06-27,3500000,672440,236600,14,2,0,Normal
Loan2953759,Client27276,Nyagatare,2023-06-27,2700000,1281369,173065,13,2,0,Normal
Loan2953765,Client116919,Nyanza,2023-06-27,1680000,195199,106401,13,2,0,Normal
Loan2953780,Client123706,Nyanza,2023-06-27,1590000,297414,99566,13,3,0,Normal
Loan2953796,Client24253,Nyamagabe,2023-06-27,3380000,527941,221069,13,2,0,Normal
Loan2953799,Client76053,Rubavu,2023-06-27,3500000,1999671,268446,13,2,0,Normal
Loan2954813,Client113155,Rubavu,2023-06-27,1440000,50899,102842,13,2,0,Normal
Loan2954814,Client7515,Gasabo,2023-06-27,2200000,92635,207400,14,3,0,Normal
Loan2954832,Client105460,Gasabo,2023-06-27,3500000,380377,228865,14,3,0,Normal
Loan2954843,Client40743,Nyamagabe,2023-06-27,1780000,114323,139403,13,3,0,Normal
Loan2954875,Client100659,Rutsiro,2023-06-27,1750000,147378,129180,13,2,0,Normal
Loan2954877,Client17039,Rubavu,2023-06-27,3180000,1535533,207901,13,2,0,Normal
Loan2954908,Client42909,Rutsiro,2023-06-27,1750000,747931,113648,13,3,0,Normal
Loan2954928,Client59309,Gasabo,2023-06-27,2930000,171093,228957,13,2,0,Normal
Loan2954958,Client63177,Nyamagabe,2023-06-27,3500000,752937,228669,13,2,0,Normal
Loan2954993,Client59429,Nyanza,2023-06-27,1810000,198343,141086,13,2,0,Normal
Loan2955051,Client170818,Nyagatare,2023-06-27,2000000,138866,250690,13,3,0,Normal
Loan2955073,Client173606,Gasabo,2023-06-27,1324000,44196,108410,14,3,0,Normal
Loan2955120,Client156333,Gasabo,2023-06-27,1590000,52117,123814,13,3,0,Normal
Loan2955128,Client48303,Rusizi,2023-06-27,1775000,360644,250710,13,3,0,Normal
Loan2955153,Client62195,Rusizi,2023-06-27,3500000,1046392,232339,13,2,0,Normal
Loan2955157,Client141012,Nyamagabe,2023-06-27,2750000,698132,114931,13,3,0,Normal
Loan2955181,Client188777,Nyamagabe,2023-06-27,1760000,281241,130010,14,3,0,Normal
Loan2955191,Client144100,Nyamagabe,2023-06-27,1550000,31761,100515,13,3,0,Normal
Loan2955215,Client156750,Gasabo,2023-06-27,1590000,-9253,115938,13,2,0,Normal
Loan2955223,Client134047,Rusizi,2023-06-27,2770000,265904,180700,13,2,0,Normal
Loan2955253,Client54529,Rusizi,2023-06-27,1725000,179670,132755,13,2,0,Normal
Loan2955304,Client51167,Nyagatare,2023-06-27,1770000,15591,128481,13,1,0,Normal
Loan2955319,Client168521,Nyanza,2023-06-27,1590000,291943,228890,13,3,0,Normal
Loan2955417,Client160352,Gasabo,2023-06-27,1590000,316052,116257,13,3,0,Normal
Loan2955460,Client174238,Rutsiro,2023-06-27,3090000,264051,238800,13,3,0,Normal
Loan2955522,Client65280,Rusizi,2023-06-29,3200000,357096,240405,13,2,0,Normal
Loan2955547,Client125913,Rubavu,2023-06-29,1580000,141937,115270,13,3,0,Normal
Loan2955608,Client175146,Nyagatare,2023-06-29,1590000,34180,114832,13,3,0,Normal
Loan2955617,Client130198,Nyagatare,2023-06-29,2750000,311319,191787,13,3,0,Normal
Loan2955620,Client111042,Nyamagabe,2023-06-29,1650000,76987,104874,13,2,0,Normal
Loan2955659,Client52779,Nyagatare,2023-06-29,1700000,77037,136135,13,3,0,Normal
Loan2955679,Client47520,Nyagatare,2023-06-29,3500000,136799,279670,13,2,0,Normal
Loan2955742,Client155746,Rusizi,2023-06-29,1500000,305351,94038,13,2,0,Normal
Loan2955796,Client155965,Gasabo,2023-06-29,1500000,156791,101395,13,3,0,Normal
Loan2955814,Client170810,Nyagatare,2023-06-29,1590000,65052,114832,13,3,0,Normal
Loan2955847,Client56321,Rutsiro,2023-06-29,1700000,232880,113648,13,2,0,Normal
Loan2955862,Client97715,Rutsiro,2023-06-29,3500000,196165,266000,13,2,0,Normal
Loan2955874,Client189113,Rutsiro,2023-06-29,1200000,78676,160276,13,3,0,Normal
Loan2955877,Client157809,Ngororero,2023-06-29,600000,100489,94945,13,3,0,Normal
Loan2955902,Client138080,Rubavu,2023-06-29,3500000,464628,285086,13,2,0,Normal
Loan2955909,Client157980,Nyagatare,2023-06-29,1590000,102053,114013,13,3,0,Normal
Loan2955920,Client73860,Rubavu,2023-06-29,1850000,75541,142657,13,2,0,Normal
Loan2955957,Client132332,Nyagatare,2023-06-29,1590000,65092,113882,13,3,0,Normal
Loan2955963,Client8692,Rubavu,2023-06-29,2090000,335123,155768,13,3,0,Normal
Loan2955966,Client68983,Nyamagabe,2023-06-29,1710000,152178,133705,13,3,0,Normal
Loan2955973,Client49434,Nyagatare,2023-06-29,1620000,379780,127030,13,3,0,Normal
Loan2955977,Client127845,Nyamagabe,2023-06-29,2150000,75376,140572,13,3,0,Normal
Loan2955991,Client156931,Nyagatare,2023-06-29,1590000,255741,98962,13,3,0,Normal
Loan2956021,Client76288,Ngororero,2023-06-29,2480000,1359765,168202,13,3,0,Normal
Loan2956030,Client158056,Nyagatare,2023-06-29,1520000,53050,94212,13,2,0,Normal
Loan2956042,Client169867,Nyagatare,2023-06-29,1590000,221146,113882,13,3,0,Normal
Loan2956068,Client125625,Nyagatare,2023-06-29,1590000,45044,98962,13,3,0,Normal
Loan2956075,Client155685,Rusizi,2023-06-29,1600000,71645,114737,13,3,0,Normal
Loan2956107,Client171154,Nyagatare,2023-06-29,1590000,101039,115938,13,3,0,Normal
Loan2956122,Client41418,Nyarugenge,2023-06-29,3400000,85303,199000,14,3,1,Written off
Loan2956141,Client120801,Nyagatare,2023-06-29,1590000,61570,127703,13,3,0,Normal
Loan2956149,Client61861,Nyagatare,2023-06-29,2180000,371640,242305,13,3,0,Normal
Loan2956644,Client156046,Nyagatare,2023-06-30,1380000,282221,89462,13,3,0,Normal
Loan2956676,Client53864,Nyanza,2023-06-30,1650000,683177,103397,13,2,0,Normal
Loan2956819,Client69916,Nyanza,2023-06-30,3500000,241460,271381,13,2,0,Normal
Loan2956847,Client171745,Rutsiro,2023-06-30,1450000,32975,103244,13,3,0,Normal
Loan2956894,Client149767,Nyanza,2023-06-30,1440000,136869,100041,13,3,0,Normal
Loan2957089,Client105339,Kicukiro,2023-06-30,3500000,398561,301440,13,2,0,Normal
Loan2957121,Client68170,Gasabo,2023-06-30,3500000,326801,160276,13,2,0,Normal
Loan2957143,Client124012,Rutsiro,2023-06-30,3500000,309033,286053,13,3,0,Normal
Loan2957247,Client142917,Gasabo,2023-06-30,1590000,56306,119064,13,3,0,Normal
Loan2957251,Client161502,Nyagatare,2023-06-30,3230000,252932,221228,13,2,0,Normal
Loan2957283,Client167972,Rusizi,2023-06-30,1446000,47604,96000,13,2,0,Normal
Loan2957290,Client9266,Gasabo,2023-06-30,2080000,224304,135202,13,2,0,Normal
Loan2957294,Client93395,Rubavu,2023-06-30,3500000,185561,271387,13,3,0,Normal
Loan2957300,Client79161,Nyamagabe,2023-06-30,3400000,1529576,259463,13,3,0,Normal
Loan2957312,Client79010,Rusizi,2023-06-30,3500000,1913279,246231,13,2,0,Normal
Loan2957320,Client92807,Rusizi,2023-06-30,1770000,187868,135605,13,2,0,Normal
Loan2957343,Client109965,Ngororero,2023-06-30,1660000,205041,106090,13,2,0,Normal
Loan2957369,Client140689,Rubavu,2023-06-30,3090000,207411,202467,13,3,0,Normal
Loan2957393,Client124802,Nyarugenge,2023-06-30,1600000,97537,122544,13,2,0,Normal
Loan2957407,Client76206,Gasabo,2023-06-30,3500000,114761,272862,13,2,0,Normal
Loan2957410,Client23910,Nyamagabe,2023-06-30,1990000,552644,301364,13,3,0,Normal
Loan2957418,Client165210,Ngororero,2023-06-30,2680000,479739,182220,13,3,0,Normal
Loan2957420,Client62824,Rutsiro,2023-06-30,1860000,123195,138486,13,2,0,Normal
Loan2957445,Client159112,Rutsiro,2023-06-30,1600000,29038,101638,13,3,0,Normal
Loan2957447,Client120814,Nyagatare,2023-06-30,1590000,182393,122389,13,2,0,Normal
Loan2957464,Client117817,Ngororero,2023-06-30,2750000,314989,186048,13,2,0,Normal
Loan2957510,Client169228,Nyanza,2023-06-30,1450000,275162,123060,13,2,0,Normal
Loan2957518,Client139354,Nyamagabe,2023-06-30,1500000,108898,96240,13,3,0,Normal
Loan2957532,Client20028,Nyagatare,2023-06-30,1920000,213517,131778,13,3,0,Normal
Loan2957542,Client163474,Kicukiro,2023-06-30,2620000,360899,190082,14,3,0,Normal
Loan2957554,Client41448,Nyarugenge,2023-06-30,1840000,340306,130501,13,2,0,Normal
Loan2957572,Client11999,Nyamagabe,2023-06-30,2200000,296749,152244,13,3,0,Normal
Loan2957575,Client158560,Nyarugenge,2023-06-30,1600000,122755,111775,13,2,0,Normal
Loan2957584,Client154721,Gasabo,2023-06-30,3300000,204458,217878,13,3,0,Normal
Loan2957592,Client163690,Gasabo,2023-06-30,3500000,380377,228865,14,2,0,Normal
Loan2957603,Client65919,Rutsiro,2023-06-30,1820000,165809,119766,13,2,0,Normal
Loan2957632,Client157803,Ngororero,2023-06-30,1560000,53535,113832,13,3,0,Normal
Loan2957641,Client155198,Gasabo,2023-06-30,1590000,151340,101543,13,3,0,Normal
Loan2957652,Client157719,Ngororero,2023-06-30,1500000,36521,96370,13,2,0,Normal
Loan2957679,Client159873,Gasabo,2023-06-30,1520000,36087,103907,13,2,0,Normal
Loan2957726,Client86828,Nyanza,2023-06-30,3500000,375581,294277,13,2,0,Normal
Loan2957749,Client167947,Nyanza,2023-06-30,1590000,76769,115938,13,2,0,Normal
Loan2957762,Client68729,Nyanza,2023-06-30,1650000,101058,123060,13,3,0,Normal
Loan2957869,Client154331,Rusizi,2023-06-30,1590000,227759,101638,13,3,0,Normal
Loan2958389,Client151052,Rusizi,2023-07-01,1663000,351659,48922,14,2,0,Normal
Loan2958643,Client141434,Nyagatare,2023-07-01,3300000,166128,212067,13,2,0,Normal
Loan2958664,Client130725,Nyagatare,2023-07-01,1450000,44637,123814,13,3,0,Normal
Loan2958883,Client157241,Nyagatare,2023-07-01,3500000,696798,249380,13,3,0,Normal
Loan2958967,Client155432,Nyagatare,2023-07-01,1520000,80446,94212,13,3,0,Normal
Loan2958991,Client97342,Nyagatare,2023-07-01,1680000,202903,128981,13,3,0,Normal
Loan2962326,Client134033,Ngororero,2023-07-03,3280000,109381,265507,13,2,0,Normal
Loan2962514,Client19268,Rusizi,2023-07-03,1940000,896523,124710,13,3,0,Normal
Loan2962644,Client40234,Ngororero,2023-07-03,3500000,459876,277761,13,3,0,Normal
Loan2962743,Client149311,Rusizi,2023-07-03,1590000,88797,101120,13,3,0,Normal
Loan2962752,Client141263,Kicukiro,2023-07-03,1570000,58257,114832,13,3,0,Normal
Loan2962777,Client25661,Nyagatare,2023-07-03,1860000,847913,116676,13,3,0,Normal
Loan2962793,Client145487,Rusizi,2023-07-03,3500000,481964,186048,13,2,0,Normal
Loan2962884,Client154625,Rusizi,2023-07-03,1200000,310051,96888,13,3,0,Normal
Loan2962920,Client157447,Gasabo,2023-07-03,1590000,63641,105864,13,3,0,Normal
Loan2962945,Client148642,Nyanza,2023-07-03,1590000,83292,122389,13,3,0,Normal
Loan2962967,Client173303,Kicukiro,2023-07-03,1450000,215580,109763,13,3,0,Normal
Loan2962995,Client110946,Kicukiro,2023-07-03,3070000,145608,237985,13,3,0,Normal
Loan2963028,Client49416,Ngororero,2023-07-03,1135000,801281,65647,14,2,0,Normal
Loan2963041,Client171955,Nyagatare,2023-07-03,1590000,204104,122987,13,3,0,Normal
Loan2963043,Client144470,Rutsiro,2023-07-03,800000,181746,101638,13,3,0,Normal
Loan2963056,Client96020,Nyagatare,2023-07-03,1770000,160616,135105,13,2,0,Normal
Loan2963081,Client56000,Nyagatare,2023-07-03,3100000,919249,241942,13,2,0,Normal
Loan2963084,Client39283,Kicukiro,2023-07-03,2180000,686585,114357,13,2,0,Normal
Loan2963186,Client158479,Gasabo,2023-07-03,3250000,204494,281500,14,2,1,Written off
Loan2963382,Client57765,Nyarugenge,2023-07-03,1870000,134733,179645,13,2,0,Normal
Loan2964655,Client31211,Nyagatare,2023-07-05,3500000,370030,273260,14,3,0,Normal
Loan2964776,Client118199,Rutsiro,2023-07-05,1680000,211664,108009,13,3,0,Normal
Loan2964818,Client140219,Rubavu,2023-07-05,1440000,127321,112569,13,3,0,Normal
Loan2964826,Client2417,Rutsiro,2023-07-05,2150000,665608,128698,13,2,0,Normal
Loan2964869,Client151132,Rubavu,2023-07-05,1500000,239667,122146,13,2,0,Normal
Loan2964870,Client42674,Rutsiro,2023-07-05,1900000,696488,148903,13,2,0,Normal
Loan2964885,Client140366,Rubavu,2023-07-05,1590000,121660,101163,13,2,0,Normal
Loan2964895,Client62809,Rubavu,2023-07-05,3500000,2018097,268446,13,3,0,Normal
Loan2964899,Client20671,Rubavu,2023-07-05,3500000,372801,249380,13,3,0,Normal
Loan2964916,Client152402,Gasabo,2023-07-05,3000000,515660,208884,13,2,0,Normal
Loan2964957,Client69088,Nyanza,2023-07-05,3500000,380803,290952,13,2,0,Normal
Loan2964990,Client34439,Nyamagabe,2023-07-05,3500000,144491,274245,13,3,0,Normal
Loan2965012,Client79556,Gasabo,2023-07-05,3500000,1241701,254712,13,3,0,Normal
Loan2965027,Client9179,Kicukiro,2023-07-05,3500000,601696,250438,13,3,0,Normal
Loan2965029,Client175607,Rutsiro,2023-07-05,1600000,275675,101136,13,3,0,Normal
Loan2965120,Client111800,Kicukiro,2023-07-05,3500000,703008,235412,14,2,0,Normal
Loan2965143,Client155783,Gasabo,2023-07-05,1590000,252120,101395,13,2,0,Normal
Loan2965191,Client97675,Nyamagabe,2023-07-05,1720000,648503,110937,13,3,0,Normal
Loan2965207,Client25458,Rusizi,2023-07-05,1790000,879358,114976,13,3,0,Normal
Loan2965253,Client157471,Gasabo,2023-07-05,1590000,99849,115938,13,2,0,Normal
Loan2965260,Client9299,Rusizi,2023-07-05,2590000,1286809,168652,13,3,0,Normal
Loan2965263,Client110458,Rutsiro,2023-07-05,2750000,859576,198800,13,2,0,Normal
Loan2965281,Client109487,Gasabo,2023-07-05,1680000,302980,143379,13,2,0,Normal
Loan2965291,Client14977,Gasabo,2023-07-05,2050000,501666,158396,13,2,0,Normal
Loan2965300,Client171447,Ngororero,2023-07-05,800000,118342,103559,13,3,0,Normal
Loan2965345,Client157568,Gasabo,2023-07-05,1520000,216494,101395,13,3,0,Normal
Loan2965372,Client147170,Rubavu,2023-07-05,1590000,140209,101163,13,2,0,Normal
Loan2965386,Client168053,Nyamagabe,2023-07-05,1550000,74666,114625,13,3,0,Normal
Loan2965410,Client141135,Rusizi,2023-07-05,600000,270560,96888,13,3,0,Normal
Loan2965507,Client154705,Kicukiro,2023-07-05,1500000,4579,114513,13,3,0,Normal
Loan2965519,Client163498,Gasabo,2023-07-05,2200000,340662,382167,14,2,0,Normal
Loan2965533,Client59637,Kicukiro,2023-07-05,2880000,179168,240880,13,2,0,Normal
Loan2965534,Client147295,Nyanza,2023-07-05,1590000,112156,114832,13,2,0,Normal
Loan2965537,Client157660,Gasabo,2023-07-05,1520000,34950,115938,13,3,0,Normal
Loan2965598,Client120614,Rusizi,2023-07-05,2765000,493944,181305,13,2,0,Normal
Loan2965610,Client123988,Rusizi,2023-07-05,1590000,240998,101120,13,3,0,Normal
Loan2965654,Client161239,Rusizi,2023-07-05,3470000,383643,177470,13,3,0,Normal
Loan2966103,Client176806,Gasabo,2023-07-06,3230000,546412,226256,13,3,0,Normal
Loan2966133,Client170832,Nyagatare,2023-07-06,1590000,142351,109132,13,3,0,Normal
Loan2966141,Client158048,Gasabo,2023-07-06,1590000,322186,98962,13,2,0,Normal
Loan2966146,Client175160,Nyagatare,2023-07-06,1590000,57274,110050,13,2,0,Normal
Loan2966153,Client117975,Rusizi,2023-07-06,1690000,196432,128886,13,3,0,Normal
Loan2966198,Client155297,Nyagatare,2023-07-06,1590000,58567,122389,13,2,0,Normal
Loan2966210,Client48117,Nyagatare,2023-07-06,2680000,488861,171165,13,2,0,Normal
Loan2966253,Client161061,Nyamagabe,2023-07-06,1500000,59178,101184,13,3,0,Normal
Loan2966273,Client119871,Rutsiro,2023-07-06,2050000,338778,144899,13,2,0,Normal
Loan2966315,Client65602,Rutsiro,2023-07-06,1600000,106198,123629,13,2,0,Normal
Loan2966318,Client19957,Nyamagabe,2023-07-06,3490000,563286,272285,13,3,0,Normal
Loan2966323,Client128390,Ngororero,2023-07-06,1300000,353953,82131,13,2,0,Normal
Loan2966344,Client176193,Ngororero,2023-07-06,1570000,82364,107834,13,2,0,Normal
Loan2966362,Client12001,Nyamagabe,2023-07-06,2680000,167773,271381,13,3,0,Normal
Loan2966381,Client118811,Nyanza,2023-07-06,1670000,513060,106401,13,3,0,Normal
Loan2966391,Client109899,Nyanza,2023-07-06,3500000,1259373,250693,13,3,0,Normal
Loan2966413,Client161841,Nyagatare,2023-07-06,1590000,165494,108900,13,1,0,Normal
Loan2966416,Client4407,Ngororero,2023-07-06,1970000,232760,150582,13,3,0,Normal
Loan2966420,Client162632,Nyagatare,2023-07-06,1590000,105510,107288,13,3,0,Normal
Loan2966422,Client167121,Ngororero,2023-07-06,600000,106285,110674,13,3,0,Normal
Loan2966424,Client59093,Nyanza,2023-07-06,3220000,259383,229315,13,2,0,Normal
Loan2966438,Client55799,Nyanza,2023-07-06,1760000,726154,111947,13,3,0,Normal
Loan2966447,Client133685,Nyagatare,2023-07-06,1410000,87715,119064,13,2,0,Normal
Loan2966459,Client165139,Kicukiro,2023-07-06,700000,156119,106913,13,3,0,Normal
Loan2966463,Client157861,Nyagatare,2023-07-06,1590000,238161,249380,13,2,0,Normal
Loan2966469,Client15743,Ngororero,2023-07-06,3450000,128809,233357,13,2,0,Normal
Loan2966476,Client125283,Nyanza,2023-07-06,2000000,548998,173767,14,2,0,Normal
Loan2966479,Client157199,Nyagatare,2023-07-06,1590000,94286,98962,13,2,0,Normal
Loan2966488,Client155418,Nyagatare,2023-07-06,1590000,274477,115938,13,3,0,Normal
Loan2966557,Client67507,Nyamagabe,2023-07-06,1700000,138268,109512,13,3,0,Normal
Loan2966649,Client65155,Rusizi,2023-07-06,1710000,664636,108889,13,2,0,Normal
Loan2966678,Client94118,Nyamagabe,2023-07-06,1200000,649554,111887,13,2,0,Normal
Loan2966696,Client17214,Nyarugenge,2023-07-06,1860000,350611,144822,13,2,0,Normal
Loan2966707,Client28311,Nyamagabe,2023-07-06,2640000,1356455,198356,13,3,0,Normal
Loan2966723,Client176568,Rutsiro,2023-07-06,2950000,95822,211132,13,3,0,Normal
Loan2966785,Client76640,Ngororero,2023-07-06,3500000,277753,389956,13,3,0,Normal
Loan2966807,Client43518,Rusizi,2023-07-06,1870000,188457,143838,13,2,0,Normal
Loan2966816,Client109893,Nyanza,2023-07-06,3500000,1281214,250693,13,2,0,Normal
Loan2966850,Client101797,Nyagatare,2023-07-06,2820000,564267,179856,13,3,0,Normal
Loan2966852,Client101019,Nyanza,2023-07-06,3500000,151687,250693,13,2,0,Normal
Loan2966882,Client55797,Nyanza,2023-07-06,3190000,427290,240880,13,3,0,Normal
Loan2966892,Client129316,Nyanza,2023-07-06,1590000,188133,114513,13,3,0,Normal
Loan2966914,Client173710,Rusizi,2023-07-06,1590000,93408,108687,13,2,0,Normal
Loan2966923,Client91939,Nyanza,2023-07-06,2000000,93632,160671,13,2,0,Normal
Loan2966956,Client101185,Nyanza,2023-07-06,1280000,818113,228865,14,2,0,Normal
Loan2966961,Client129347,Rusizi,2023-07-06,3500000,177537,271381,13,2,0,Normal
Loan2966981,Client105437,Nyanza,2023-07-06,3240000,789009,166480,13,3,0,Normal
Loan2967243,Client79340,Nyagatare,2023-07-07,2750000,110760,197541,13,3,0,Normal
Loan2967298,Client175032,Gasabo,2023-07-07,1380000,226947,93615,14,3,0,Normal
Loan2967327,Client120636,Nyanza,2023-07-07,3000000,1004241,113667,13,2,0,Normal
Loan2967365,Client127274,Rutsiro,2023-07-07,1500000,249170,96793,13,3,0,Normal
Loan2967381,Client41882,Gasabo,2023-07-07,1770000,677742,113648,13,2,0,Normal
Loan2967401,Client139396,Nyanza,2023-07-07,2320000,564731,177897,13,3,0,Normal
Loan2967437,Client62478,Rutsiro,2023-07-07,1850000,720220,116916,13,3,0,Normal
Loan2967456,Client167284,Rutsiro,2023-07-07,1600000,289077,142508,13,3,0,Normal
Loan2967480,Client191067,Gasabo,2023-07-07,1370000,54732,115100,14,3,0,Normal
Loan2967481,Client175582,Rubavu,2023-07-07,3500000,96745,237411,13,3,0,Normal
Loan2967498,Client172428,Ngororero,2023-07-07,1550000,125914,131069,13,3,0,Normal
Loan2967518,Client164349,Gasabo,2023-07-07,2500000,155521,228865,14,2,0,Normal
Loan2967522,Client133129,Rusizi,2023-07-07,1500000,296295,102545,13,2,0,Normal
Loan2967542,Client25415,Nyamagabe,2023-07-07,1680000,93844,133199,13,3,0,Normal
Loan2967643,Client173286,Kicukiro,2023-07-07,1500000,372986,107554,14,3,0,Normal
Loan2967650,Client70250,Ngororero,2023-07-07,1700000,76647,132285,13,3,0,Normal
Loan2967681,Client163263,Rubavu,2023-07-07,3500000,129882,231215,13,3,0,Normal
Loan2967688,Client45772,Rubavu,2023-07-07,2740000,213861,186992,13,2,0,Normal
Loan2967691,Client65392,Rusizi,2023-07-07,2930000,1258455,191803,13,2,0,Normal
Loan2967712,Client1958,Rutsiro,2023-07-07,2700000,1206128,180962,13,2,0,Normal
Loan2967730,Client42707,Rutsiro,2023-07-07,1785000,68156,133612,13,2,0,Normal
Loan2967747,Client65914,Rutsiro,2023-07-07,3500000,252473,236637,13,3,0,Normal
Loan2967754,Client43583,Rusizi,2023-07-07,1870000,97860,132913,13,3,0,Normal
Loan2967780,Client121104,Nyanza,2023-07-07,1610000,58677,100041,13,3,0,Normal
Loan2967814,Client13246,Ngororero,2023-07-07,1800000,264578,147209,13,2,0,Normal
Loan2967843,Client163439,Ngororero,2023-07-07,1500000,192265,102163,13,3,0,Normal
Loan2967844,Client165166,Nyanza,2023-07-07,1370000,32716,98039,13,3,0,Normal
Loan2967854,Client171062,Nyagatare,2023-07-07,3500000,253434,239880,13,3,0,Normal
Loan2967877,Client190509,Gasabo,2023-07-07,3170000,131379,287478,14,2,0,Normal
Loan2967893,Client162790,Nyagatare,2023-07-07,1590000,65595,116689,13,3,0,Normal
Loan2967898,Client109624,Rusizi,2023-07-07,3500000,169898,287727,13,3,0,Normal
Loan2967901,Client147943,Nyagatare,2023-07-07,1350000,553682,228485,13,3,0,Normal
Loan2967919,Client141467,Nyagatare,2023-07-07,3500000,779367,226317,13,3,0,Normal
Loan2967928,Client150800,Rusizi,2023-07-07,3500000,136979,231464,13,3,0,Normal
Loan2967949,Client4818,Nyamagabe,2023-07-07,2700000,4376,124224,14,2,0,Normal
Loan2967955,Client13839,Kicukiro,2023-07-07,1900000,517819,123760,13,2,0,Normal
Loan2967957,Client157481,Gasabo,2023-07-07,1590000,288801,101395,13,3,0,Normal
Loan2968014,Client68541,Nyagatare,2023-07-07,3500000,227260,269310,13,3,0,Normal
Loan2968016,Client164058,Nyanza,2023-07-07,1590000,293385,160276,13,2,0,Normal
Loan2968044,Client157339,Nyagatare,2023-07-07,1590000,149771,98962,13,3,0,Normal
Loan2968102,Client123620,Rubavu,2023-07-07,2040000,150945,131685,13,2,0,Normal
Loan2968171,Client51159,Kicukiro,2023-07-07,3500000,1053702,340909,13,2,0,Normal
Loan2968178,Client163205,Rusizi,2023-07-07,3500000,146925,250805,13,3,0,Normal
Loan2968200,Client159625,Rusizi,2023-07-07,1590000,29777,101120,13,2,0,Normal
Loan2968228,Client69102,Nyanza,2023-07-07,1720000,104449,132755,13,2,0,Normal
Loan2968283,Client74489,Kicukiro,2023-07-07,3500000,210485,258490,14,2,0,Normal
Loan2968295,Client174164,Rusizi,2023-07-07,1590000,248733,114513,13,3,0,Normal
Loan2968747,Client170325,Nyagatare,2023-07-08,1230000,42643,119064,13,3,0,Normal
Loan2968754,Client171162,Nyagatare,2023-07-08,3500000,113204,218940,13,3,0,Normal
Loan2968774,Client157263,Nyagatare,2023-07-08,1590000,54797,98962,13,3,0,Normal
Loan2968918,Client171167,Nyagatare,2023-07-08,1500000,55772,109763,13,3,0,Normal
Loan2968933,Client119187,Nyagatare,2023-07-08,1680000,264873,128522,13,3,0,Normal
Loan2969687,Client150956,Rusizi,2023-07-10,1590000,89600,250690,13,3,0,Normal
Loan2969716,Client25521,Nyamagabe,2023-07-10,1800000,88034,140608,13,2,0,Normal
Loan2969748,Client64247,Nyarugenge,2023-07-10,1840000,732401,119291,13,2,0,Normal
Loan2969801,Client166295,Rubavu,2023-07-10,1485000,55803,100709,13,2,0,Normal
Loan2969819,Client146967,Rubavu,2023-07-10,1100000,153839,101163,13,3,0,Normal
Loan2969847,Client12960,Nyagatare,2023-07-10,3200000,674439,240517,13,3,0,Normal
Loan2969863,Client92842,Rusizi,2023-07-10,1770000,555630,113639,13,3,0,Normal
Loan2969867,Client30660,Rubavu,2023-07-10,2150000,1055442,138871,13,2,0,Normal
Loan2969883,Client13334,Nyagatare,2023-07-10,3500000,132934,237632,13,2,0,Normal
Loan2969885,Client147069,Rubavu,2023-07-10,1470000,302484,93563,13,3,0,Normal
Loan2969892,Client23014,Nyamagabe,2023-07-10,1700000,339608,133958,13,3,0,Normal
Loan2969901,Client118334,Rusizi,2023-07-10,1685000,423457,108029,13,3,0,Normal
Loan2969919,Client118976,Nyarugenge,2023-07-10,1690000,125753,103063,13,3,0,Normal
Loan2969927,Client79263,Nyamagabe,2023-07-10,1200000,140176,105237,13,2,0,Normal
Loan2969936,Client160990,Nyamagabe,2023-07-10,1450000,26795,92915,13,3,0,Normal
Loan2969955,Client87749,Nyagatare,2023-07-10,700000,566517,110730,13,2,0,Normal
Loan2969964,Client133718,Rusizi,2023-07-10,3500000,397878,232889,13,3,0,Normal
Loan2969984,Client175140,Nyagatare,2023-07-10,3500000,188765,239728,13,3,0,Normal
Loan2970002,Client100846,Ngororero,2023-07-10,3490000,867399,228728,13,2,0,Normal
Loan2970045,Client140328,Rubavu,2023-07-10,1590000,218287,101163,13,3,0,Normal
Loan2970066,Client119156,Nyagatare,2023-07-10,1680000,507961,105248,13,3,0,Normal
Loan2970068,Client25151,Rusizi,2023-07-10,1860000,165647,143933,13,2,0,Normal
Loan2970087,Client66208,HQ,2023-07-10,3500000,416034,359905,14,2,0,Normal
Loan2970091,Client12851,Nyamagabe,2023-07-10,2320000,838070,154857,13,3,0,Normal
Loan2970095,Client145810,Nyanza,2023-07-10,1590000,73329,103055,13,2,0,Normal
Loan2970098,Client100874,Rusizi,2023-07-10,1725000,407222,104704,13,2,0,Normal
Loan2970122,Client171322,Nyagatare,2023-07-10,1590000,287813,174015,13,3,0,Normal
Loan2970130,Client80576,Nyamagabe,2023-07-10,1730000,280805,110937,13,3,0,Normal
Loan2970147,Client147493,Rubavu,2023-07-10,1000000,92841,96413,13,3,0,Normal
Loan2970160,Client154451,Rubavu,2023-07-10,1590000,126310,105934,13,2,0,Normal
Loan2970167,Client167831,Rubavu,2023-07-10,1600000,69747,96413,13,3,0,Normal
Loan2970169,Client130416,Nyamagabe,2023-07-10,3500000,223817,274245,13,3,0,Normal
Loan2970206,Client13826,Rubavu,2023-07-10,1890000,285215,148179,13,2,0,Normal
Loan2970217,Client95487,Ngororero,2023-07-10,2650000,182517,173537,13,3,0,Normal
Loan2970221,Client67425,Nyamagabe,2023-07-10,2770000,1270265,112759,13,3,0,Normal
Loan2970222,Client148620,Rubavu,2023-07-10,1590000,324595,101163,13,3,0,Normal
Loan2970233,Client160270,Gasabo,2023-07-10,500000,90556,114994,13,2,0,Normal
Loan2970244,Client47266,Ngororero,2023-07-10,3180000,349002,240880,13,2,0,Normal
Loan2970256,Client157684,Gasabo,2023-07-10,1590000,156664,101543,13,2,0,Normal
Loan2970269,Client174608,Ngororero,2023-07-10,1500000,156981,102163,13,2,0,Normal
Loan2970271,Client173436,Nyanza,2023-07-10,800000,78383,104755,13,3,0,Normal
Loan2970297,Client67364,Nyamagabe,2023-07-10,3500000,285636,296652,13,3,0,Normal
Loan2970300,Client59673,Rusizi,2023-07-10,3500000,1522347,248295,13,2,0,Normal
Loan2970316,Client176161,Ngororero,2023-07-10,1570000,44268,112957,13,2,0,Normal
Loan2970354,Client134858,Kicukiro,2023-07-10,2090000,260249,203230,14,2,0,Normal
Loan2970369,Client40532,Nyarugenge,2023-07-10,1820000,139597,118341,13,2,0,Normal
Loan2970374,Client145327,Nyanza,2023-07-10,1200000,312748,100041,13,3,0,Normal
Loan2970400,Client45754,Rusizi,2023-07-10,1860000,832209,119251,13,3,0,Normal
Loan2970404,Client105156,Nyagatare,2023-07-10,3500000,1787733,280637,14,2,0,Normal
Loan2970405,Client2866,Gasabo,2023-07-10,1376000,50407,212096,14,3,0,Normal
Loan2970413,Client43627,Rusizi,2023-07-10,1860000,85350,143933,13,3,0,Normal
Loan2970423,Client176296,Nyagatare,2023-07-10,1500000,272322,122987,13,2,0,Normal
Loan2970459,Client25143,Rusizi,2023-07-10,1775000,800168,113164,13,3,0,Normal
Loan2970482,Client5576,Rusizi,2023-07-10,2450000,495409,270266,13,2,0,Normal
Loan2970490,Client5592,Rusizi,2023-07-10,2000000,825409,154873,13,2,0,Normal
Loan2970748,Client121227,Nyagatare,2023-07-11,3230000,1133640,251536,13,2,0,Normal
Loan2970802,Client173835,Rutsiro,2023-07-11,1450000,82394,103063,13,2,0,Normal
Loan2970815,Client156604,Gasabo,2023-07-11,1590000,323619,101395,13,3,0,Normal
Loan2970863,Client191043,Gasabo,2023-07-11,840000,380377,228865,14,2,0,Normal
Loan2970870,Client161522,Rutsiro,2023-07-11,2500000,295826,176000,13,3,0,Normal
Loan2970907,Client42662,Rutsiro,2023-07-11,3500000,1344229,231690,13,3,0,Normal
Loan2970908,Client171961,Gasabo,2023-07-11,3090000,400103,208884,13,3,0,Normal
Loan2970918,Client148634,Rusizi,2023-07-11,1590000,65981,122389,13,2,0,Normal
Loan2970953,Client18224,Rusizi,2023-07-11,1805000,213604,145487,13,2,0,Normal
Loan2970960,Client52145,Nyanza,2023-07-11,1760000,750766,111472,13,2,0,Normal
Loan2970964,Client1048,Rutsiro,2023-07-11,2000000,185072,137175,13,2,0,Normal
Loan2970979,Client59718,Nyanza,2023-07-11,1760000,535310,136135,13,3,0,Normal
Loan2970986,Client81960,Kicukiro,2023-07-11,3450000,970316,228916,13,2,0,Normal
Loan2970987,Client123167,Nyagatare,2023-07-11,2760000,96433,209511,13,3,0,Normal
Loan2971005,Client101021,Nyanza,2023-07-11,1760000,128815,128522,13,3,0,Normal
Loan2971016,Client137752,Nyanza,2023-07-11,1180000,45846,100652,14,3,0,Normal
Loan2971018,Client157775,Ngororero,2023-07-11,1500000,95865,97795,13,3,0,Normal
Loan2971037,Client142227,Rubavu,2023-07-11,2430000,102527,179845,13,2,0,Normal
Loan2971046,Client175621,Nyanza,2023-07-11,1500000,298415,192569,13,3,0,Normal
Loan2971077,Client88793,Kicukiro,2023-07-11,3500000,575223,269353,13,3,0,Normal
Loan2971080,Client160654,Gasabo,2023-07-11,2290000,538155,174487,13,2,0,Normal
Loan2971095,Client54091,Rusizi,2023-07-11,1830000,383578,140324,13,2,0,Normal
Loan2971114,Client165018,Rusizi,2023-07-11,1520000,117824,102000,13,3,0,Normal
Loan2971116,Client14994,Nyanza,2023-07-11,1940000,617568,128522,13,3,0,Normal
Loan2971130,Client161122,Nyanza,2023-07-11,3500000,429030,248430,13,3,0,Normal
Loan2971142,Client173824,Gasabo,2023-07-11,1590000,245446,115938,13,3,0,Normal
Loan2971145,Client9087,Nyarugenge,2023-07-11,2000000,691159,140296,13,2,0,Normal
Loan2971155,Client167932,Rubavu,2023-07-11,1500000,116607,105125,13,3,0,Normal
Loan2971171,Client16770,Rubavu,2023-07-11,2380000,839945,181593,13,2,0,Normal
Loan2971189,Client167300,Rubavu,2023-07-11,1500000,252744,107359,13,2,0,Normal
Loan2971196,Client88900,Rubavu,2023-07-11,1590000,235867,136739,13,2,0,Normal
Loan2971199,Client69111,Nyamagabe,2023-07-11,1730000,75915,111421,13,3,0,Normal
Loan2971217,Client108306,Rubavu,2023-07-11,1760000,213440,112993,13,2,0,Normal
Loan2971233,Client153752,Gasabo,2023-07-11,1590000,87677,116257,13,2,0,Normal
Loan2971234,Client126578,Kicukiro,2023-07-11,3050000,325549,137949,14,3,0,Normal
Loan2971242,Client29071,Nyarugenge,2023-07-11,2300000,321847,177853,13,3,0,Normal
Loan2971264,Client81905,Nyanza,2023-07-11,1550000,311351,124680,13,2,0,Normal
Loan2971291,Client43315,Nyamagabe,2023-07-11,2710000,175553,237980,13,3,0,Normal
Loan2971293,Client170799,Nyagatare,2023-07-11,3300000,249369,235605,13,3,0,Normal
Loan2971306,Client125027,Nyagatare,2023-07-11,1810000,303795,139658,13,2,0,Normal
Loan2971314,Client10981,Nyamagabe,2023-07-11,2090000,315283,134761,13,3,0,Normal
Loan2971343,Client176199,Nyamagabe,2023-07-11,2700000,483123,185392,13,3,0,Normal
Loan2971349,Client190822,Kicukiro,2023-07-11,2000000,66266,172586,14,3,0,Normal
Loan2971354,Client30840,Nyamagabe,2023-07-11,3500000,191307,285865,13,2,0,Normal
Loan2971361,Client24257,Ngororero,2023-07-11,1800000,227054,141699,13,2,0,Normal
Loan2971385,Client76320,Ngororero,2023-07-11,1200000,98384,123260,13,3,0,Normal
Loan2971401,Client145511,Nyanza,2023-07-11,3500000,281922,228890,13,3,0,Normal
Loan2971447,Client2039,Rutsiro,2023-07-11,3500000,1223882,131216,13,2,0,Normal
Loan2971460,Client136847,Kicukiro,2023-07-11,3000000,1061330,228865,14,2,0,Normal
Loan2971498,Client128591,Gasabo,2023-07-11,3450000,124093,248056,13,2,0,Normal
Loan2971500,Client109259,Nyarugenge,2023-07-11,2950000,773262,228768,13,2,0,Normal
Loan2971509,Client157590,Kicukiro,2023-07-11,1570000,306861,103063,13,2,0,Normal
Loan2971516,Client63277,Rutsiro,2023-07-11,1210000,206298,78085,14,2,0,Normal
Loan2971536,Client79368,Gasabo,2023-07-11,3370000,329859,262356,13,2,0,Normal
Loan2971557,Client87646,Rusizi,2023-07-11,3440000,274174,300927,13,3,0,Normal
Loan2971576,Client69355,Nyarugenge,2023-07-11,3000000,513369,227825,13,2,0,Normal
Loan2971827,Client40347,Ngororero,2023-07-12,3500000,246572,352216,13,3,0,Normal
Loan2971910,Client177988,Gasabo,2023-07-12,1600000,39666,116525,13,2,0,Normal
Loan2971976,Client18447,Rutsiro,2023-07-12,1600000,868326,125730,13,3,0,Normal
Loan2971986,Client134164,Gasabo,2023-07-12,1650000,123194,251958,14,2,1,Written off
Loan2972000,Client157293,Nyagatare,2023-07-12,1590000,112215,98962,13,2,0,Normal
Loan2972002,Client148810,Nyamagabe,2023-07-12,2500000,169200,162038,13,2,0,Normal
Loan2972008,Client170732,Rutsiro,2023-07-12,1600000,113978,114832,13,3,0,Normal
Loan2972009,Client122277,Gasabo,2023-07-12,3090000,1098297,239410,13,2,0,Normal
Loan2972013,Client123109,Rutsiro,2023-07-12,1550000,66262,119539,13,2,0,Normal
Loan2972028,Client157168,Nyagatare,2023-07-12,1590000,54173,98962,13,3,0,Normal
Loan2972029,Client46772,Nyamagabe,2023-07-12,2590000,187414,175847,13,3,0,Normal
Loan2972038,Client121029,Nyamagabe,2023-07-12,1560000,50573,121996,13,3,0,Normal
Loan2972053,Client158454,Rubavu,2023-07-12,1520000,54040,96413,13,3,0,Normal
Loan2972064,Client147470,Rubavu,2023-07-12,1590000,123190,107359,13,3,0,Normal
Loan2972066,Client40984,Kicukiro,2023-07-12,1830000,95361,142699,13,2,0,Normal
Loan2972067,Client188664,Nyamagabe,2023-07-12,1590000,54714,107834,13,3,0,Normal
Loan2972086,Client70139,Rutsiro,2023-07-12,1770000,69936,113116,13,2,0,Normal
Loan2972109,Client159060,Rutsiro,2023-07-12,1450000,33723,105332,13,3,0,Normal
Loan2972126,Client19436,Nyamagabe,2023-07-12,1880000,249116,147953,13,3,0,Normal
Loan2972130,Client64047,Rutsiro,2023-07-12,2830000,213769,224538,13,2,0,Normal
Loan2972131,Client29543,Nyanza,2023-07-12,2970000,95647,227171,13,3,0,Normal
Loan2972139,Client171139,Nyagatare,2023-07-12,1470000,33873,114987,13,3,0,Normal
Loan2972146,Client143047,Kicukiro,2023-07-12,1450000,177998,96370,13,3,0,Normal
Loan2972158,Client49,Ngororero,2023-07-12,2100000,189778,163521,13,3,0,Normal
Loan2972174,Client125164,Nyagatare,2023-07-12,2500000,333107,170215,13,3,0,Normal
Loan2972180,Client165641,Nyanza,2023-07-12,1590000,278098,215894,13,3,0,Normal
Loan2972187,Client126942,Kicukiro,2023-07-12,1570000,407802,101638,13,2,0,Normal
Loan2972196,Client159747,Nyagatare,2023-07-12,1590000,87240,101120,13,2,0,Normal
Loan2972205,Client118932,Rusizi,2023-07-12,2510000,156489,284628,13,3,0,Normal
Loan2972210,Client178851,Gasabo,2023-07-12,1930000,267398,134666,14,2,0,Normal
Loan2972214,Client16231,Rubavu,2023-07-12,1130000,131437,143167,13,2,0,Normal
Loan2972233,Client147051,Rubavu,2023-07-12,1590000,109982,101163,13,3,0,Normal
Loan2972259,Client165246,Rusizi,2023-07-12,1590000,298402,121996,13,3,0,Normal
Loan2972270,Client61111,Ngororero,2023-07-12,2650000,486886,172013,13,3,0,Normal
Loan2972306,Client99810,Rubavu,2023-07-12,1530000,172439,97163,13,2,0,Normal
Loan2972326,Client80761,Nyagatare,2023-07-12,1800000,413248,136753,13,3,0,Normal
Loan2972330,Client99707,Nyarugenge,2023-07-12,3500000,663694,290046,13,2,0,Normal
Loan2972339,Client58384,Ngororero,2023-07-12,2760000,628015,110314,13,2,0,Normal
Loan2972363,Client176122,Ngororero,2023-07-12,2400000,135430,176860,13,3,0,Normal
Loan2972372,Client157603,Gasabo,2023-07-12,1000000,203840,95220,13,2,0,Normal
Loan2972373,Client170657,Nyagatare,2023-07-12,3230000,460518,210581,13,3,0,Normal
Loan2972379,Client133812,Nyagatare,2023-07-12,3400000,156089,241145,13,3,0,Normal
Loan2972385,Client76354,Ngororero,2023-07-12,3500000,1720664,223551,13,3,0,Normal
Loan2972388,Client33457,Nyagatare,2023-07-12,2660000,125933,191144,13,2,0,Normal
Loan2972399,Client182961,Rutsiro,2023-07-12,3500000,364245,259060,14,2,0,Normal
Loan2972405,Client121736,Nyanza,2023-07-12,1680000,941042,228890,13,2,0,Normal
Loan2972406,Client125535,Nyamagabe,2023-07-12,2500000,118611,241665,13,3,0,Normal
Loan2972417,Client9422,Nyanza,2023-07-12,2140000,454426,164339,13,3,0,Normal
Loan2972427,Client160365,Nyanza,2023-07-12,1590000,61199,116257,13,2,0,Normal
Loan2972431,Client69339,Nyagatare,2023-07-12,3000000,203965,214261,13,2,0,Normal
Loan2972434,Client71204,HQ,2023-07-12,1724605,757606,84769,14,2,0,Normal
Loan2972443,Client59645,Ngororero,2023-07-12,3500000,1837075,259674,13,3,0,Normal
Loan2972445,Client147355,Rusizi,2023-07-12,1590000,329543,101120,13,2,0,Normal
Loan2972447,Client175203,Nyagatare,2023-07-12,3500000,119939,106724,13,3,0,Normal
Loan2972463,Client157309,Nyagatare,2023-07-12,1590000,66074,110082,13,2,0,Normal
Loan2972468,Client170346,Nyagatare,2023-07-12,1520000,80406,113885,13,3,0,Normal
Loan2972469,Client151751,Nyanza,2023-07-12,1590000,135679,115937,13,3,0,Normal
Loan2972485,Client151121,Rusizi,2023-07-12,1475000,53807,122389,13,2,0,Normal
Loan2972487,Client161376,Rutsiro,2023-07-12,3400000,56836,223045,13,3,0,Normal
Loan2972493,Client149068,Nyanza,2023-07-12,1590000,206534,100041,13,3,0,Normal
Loan2972495,Client46548,Ngororero,2023-07-12,3500000,1330864,205965,13,2,0,Normal
Loan2972528,Client164842,Rutsiro,2023-07-12,1480000,127718,100200,13,2,0,Normal
Loan2972536,Client84574,Nyamagabe,2023-07-12,3500000,341907,304727,13,2,0,Normal
Loan2972547,Client154383,Rusizi,2023-07-12,1600000,62914,116430,13,2,0,Normal
Loan2972552,Client163477,Nyagatare,2023-07-12,1780000,84365,214000,14,2,0,Normal
Loan2972564,Client81801,Nyamagabe,2023-07-12,2650000,1024042,117509,13,3,0,Normal
Loan2972565,Client85380,Rutsiro,2023-07-12,3500000,407200,268726,13,3,0,Normal
Loan2972589,Client9702,Nyagatare,2023-07-12,3500000,1865982,411787,14,2,0,Normal
Loan2972595,Client134651,Gasabo,2023-07-12,2020000,639406,166300,14,3,1,Written off
Loan2972937,Client94089,Rubavu,2023-07-13,1610000,626709,102863,13,2,0,Normal
Loan2972945,Client178400,Rubavu,2023-07-13,1600000,272117,137907,13,2,0,Normal
Loan2972991,Client11178,Rubavu,2023-07-13,2630000,1127103,171330,13,3,0,Normal
Loan2972997,Client86933,Nyarugenge,2023-07-13,3500000,307498,309075,13,2,0,Normal
Loan2973002,Client99799,Rubavu,2023-07-13,3500000,499640,265459,13,2,0,Normal
Loan2973019,Client59747,Rutsiro,2023-07-13,3500000,314104,282953,13,3,0,Normal
Loan2973044,Client66645,Rutsiro,2023-07-13,1560000,194879,120880,13,2,0,Normal
Loan2973061,Client146575,Rubavu,2023-07-13,1120000,320460,101120,13,3,0,Normal
Loan2973067,Client173810,Rutsiro,2023-07-13,1450000,58123,101638,13,2,0,Normal
Loan2973072,Client130464,Rutsiro,2023-07-13,3500000,294857,272285,13,3,0,Normal
Loan2973080,Client44366,Gasabo,2023-07-13,2070000,148422,151000,14,2,0,Normal
Loan2973082,Client88957,Rutsiro,2023-07-13,2650000,758801,180700,13,2,0,Normal
Loan2973094,Client56431,Rutsiro,2023-07-13,3500000,1062215,355440,13,3,0,Normal
Loan2973111,Client39684,Ngororero,2023-07-13,3500000,1922370,248266,13,3,0,Normal
Loan2973154,Client147916,Nyanza,2023-07-13,1500000,134533,113613,13,3,0,Normal
Loan2973165,Client96811,Gasabo,2023-07-13,2400000,38003,193254,14,3,0,Normal
Loan2973168,Client58780,Nyanza,2023-07-13,1760000,82043,111947,13,3,0,Normal
Loan2973182,Client133768,Nyamagabe,2023-07-13,1470000,219408,100515,13,3,0,Normal
Loan2973201,Client37210,Gasabo,2023-07-13,2260000,275682,173892,13,2,0,Normal
Loan2973217,Client84309,Nyamagabe,2023-07-13,2200000,244330,240160,13,3,0,Normal
Loan2973249,Client191040,Gasabo,2023-07-13,970000,196576,228865,14,3,0,Normal
Loan2973256,Client100079,Nyarugenge,2023-07-13,2000000,429577,278646,13,2,0,Normal
Loan2973260,Client48009,Nyamagabe,2023-07-13,2100000,207749,171070,13,3,0,Normal
Loan2973264,Client150578,Rusizi,2023-07-13,1590000,326922,101120,13,2,0,Normal
Loan2973266,Client167255,Nyanza,2023-07-13,1420000,68362,94009,13,3,0,Normal
Loan2973273,Client174760,Nyamagabe,2023-07-13,1550000,277564,171517,13,3,0,Normal
Loan2973282,Client110706,Rusizi,2023-07-13,2970000,413848,223827,13,2,0,Normal
Loan2973285,Client176839,Gasabo,2023-07-13,1590000,84553,107739,13,2,0,Normal
Loan2973288,Client108288,Rubavu,2023-07-13,1680000,394310,121949,13,2,0,Normal
Loan2973293,Client157462,Gasabo,2023-07-13,1590000,150883,101395,13,3,0,Normal
Loan2973310,Client131110,Gasabo,2023-07-13,3500000,553693,271381,13,2,0,Normal
Loan2973334,Client15532,Rubavu,2023-07-13,1870000,304319,146017,13,2,0,Normal
Loan2973339,Client103467,Rusizi,2023-07-13,2755000,271150,197541,13,3,0,Normal
Loan2973342,Client68819,Ngororero,2023-07-13,1730000,152975,112996,13,3,0,Normal
Loan2973343,Client25530,Nyamagabe,2023-07-13,1820000,209112,116858,13,3,0,Normal
Loan2973353,Client127295,Rutsiro,2023-07-13,1590000,106608,180700,13,2,0,Normal
Loan2973361,Client146306,Rubavu,2023-07-13,1590000,150504,105934,13,3,0,Normal
Loan2973377,Client130157,Ngororero,2023-07-13,1480000,366650,94584,13,2,0,Normal
Loan2973403,Client165841,Rutsiro,2023-07-13,3240000,611986,210842,13,3,0,Normal
Loan2973410,Client168091,Rusizi,2023-07-13,1435000,31946,102545,13,3,0,Normal
Loan2973417,Client142210,Gasabo,2023-07-13,3270000,326640,237432,14,3,0,Normal
Loan2973428,Client120477,Rutsiro,2023-07-13,1680000,195825,123019,13,2,0,Normal
Loan2973446,Client168195,Nyanza,2023-07-13,1590000,194859,99702,13,3,0,Normal
Loan2973451,Client190762,Gasabo,2023-07-13,1400000,199938,349396,14,3,0,Normal
Loan2973454,Client165895,Rusizi,2023-07-13,1590000,58407,114513,13,3,0,Normal
Loan2973463,Client162059,Nyamagabe,2023-07-13,1570000,57316,106409,13,3,0,Normal
Loan2973476,Client5061,Rutsiro,2023-07-13,2800000,880546,181443,13,2,0,Normal
Loan2973485,Client98418,Gasabo,2023-07-13,1720000,294315,110798,13,2,0,Normal
Loan2973528,Client108197,Nyarugenge,2023-07-13,2500000,445413,160276,13,3,0,Normal
Loan2973552,Client151002,Rusizi,2023-07-13,1520000,95903,101595,13,3,0,Normal
Loan2973556,Client57164,Ngororero,2023-07-13,1730000,154078,248265,13,2,0,Normal
Loan2973570,Client169231,Rusizi,2023-07-13,1590000,52825,115307,13,2,0,Normal
Loan2973593,Client141942,Gasabo,2023-07-13,2760000,114669,207100,14,3,0,Normal
Loan2973619,Client159566,Gasabo,2023-07-13,1200000,106398,100495,13,2,0,Normal
Loan2973662,Client44458,Rusizi,2023-07-13,3500000,642464,291123,13,3,0,Normal
Loan2973884,Client146078,Rutsiro,2023-07-14,1500000,179556,98313,13,3,0,Normal
Loan2973899,Client160612,Gasabo,2023-07-14,1590000,73917,111188,13,2,0,Normal
Loan2973917,Client9240,Nyamagabe,2023-07-14,2000000,491094,154859,13,3,0,Normal
Loan2973923,Client146629,Gasabo,2023-07-14,2890000,630317,160276,13,3,0,Normal
Loan2973934,Client148978,Nyanza,2023-07-14,1120000,324785,114832,13,3,0,Normal
Loan2973937,Client123163,Ngororero,2023-07-14,1280000,63013,98199,13,3,0,Normal
Loan2973943,Client107821,Gasabo,2023-07-14,3500000,2921406,372346,13,3,1,Written off
Loan2973945,Client158018,Ngororero,2023-07-14,1570000,132938,101120,13,2,0,Normal
Loan2973954,Client169018,Nyanza,2023-07-14,1100000,63968,106913,13,3,0,Normal
Loan2973961,Client126045,Rutsiro,2023-07-14,1580000,18038,101543,13,3,0,Normal
Loan2973970,Client147107,Rubavu,2023-07-14,1590000,104605,101163,13,3,0,Normal
Loan2973973,Client155188,Nyarugenge,2023-07-14,1570000,105936,101638,13,2,0,Normal
Loan2973981,Client169940,Nyagatare,2023-07-14,1590000,248423,107834,13,3,0,Normal
Loan2973990,Client71130,Rusizi,2023-07-14,3500000,440873,306190,13,2,0,Normal
Loan2973992,Client132304,Nyarugenge,2023-07-14,3500000,952006,233970,13,2,0,Normal
Loan2973993,Client126722,Rutsiro,2023-07-14,1450000,66380,113519,13,2,0,Normal
Loan2973994,Client131972,Rubavu,2023-07-14,1500000,40415,122146,13,2,0,Normal
Loan2973998,Client127129,Nyanza,2023-07-14,1400000,128459,92916,13,3,0,Normal
Loan2974008,Client161514,Nyagatare,2023-07-14,1470000,53920,108657,13,3,0,Normal
Loan2974028,Client166657,Rusizi,2023-07-14,1520000,66247,109288,13,3,0,Normal
Loan2974029,Client42704,Rutsiro,2023-07-14,3250000,759194,304111,13,2,0,Normal
Loan2974035,Client171253,Nyagatare,2023-07-14,1590000,288618,114513,13,3,0,Normal
Loan2974046,Client171753,Ngororero,2023-07-14,700000,69170,98000,13,3,0,Normal
Loan2974048,Client169715,Rutsiro,2023-07-14,3500000,656551,222140,13,3,0,Normal
Loan2974059,Client170878,Nyagatare,2023-07-14,1520000,198551,109763,13,3,0,Normal
Loan2974080,Client132612,Nyamagabe,2023-07-14,1540000,94126,100515,13,2,0,Normal
Loan2974093,Client125582,Nyagatare,2023-07-14,2760000,401048,249380,13,3,0,Normal
Loan2974108,Client119260,Nyagatare,2023-07-14,1440000,208432,226222,13,1,0,Normal
Loan2974116,Client26003,Rubavu,2023-07-14,1590000,327200,96413,13,3,0,Normal
Loan2974122,Client162264,Rubavu,2023-07-14,1590000,99978,96888,13,2,0,Normal
Loan2974135,Client130160,Ngororero,2023-07-14,1450000,63902,118539,13,3,0,Normal
Loan2974140,Client158050,Nyagatare,2023-07-14,1590000,40926,114513,13,3,0,Normal
Loan2974144,Client91149,Rubavu,2023-07-14,1610000,8506,160276,13,3,0,Normal
Loan2974147,Client45247,Kicukiro,2023-07-14,1840000,165335,137949,13,3,0,Normal
Loan2974151,Client129684,Rubavu,2023-07-14,2400000,812189,250533,13,3,0,Normal
Loan2974153,Client86486,Ngororero,2023-07-14,2120000,297901,156048,13,3,0,Normal
Loan2974175,Client122752,Nyagatare,2023-07-14,3500000,699966,46780,13,3,0,Normal
Loan2974176,Client158376,Rubavu,2023-07-14,1590000,31192,101163,13,3,0,Normal
Loan2974177,Client175710,Rubavu,2023-07-14,1500000,135274,101163,13,3,0,Normal
Loan2974180,Client176781,Gasabo,2023-07-14,3070000,139891,220365,13,3,0,Normal
Loan2974207,Client131472,Nyagatare,2023-07-14,1500000,50745,94212,13,3,0,Normal
Loan2974217,Client165040,Kicukiro,2023-07-14,1540000,129632,114832,13,3,0,Normal
Loan2974220,Client94128,Rubavu,2023-07-14,3500000,287246,256168,14,2,0,Normal
Loan2974230,Client159254,Rusizi,2023-07-14,3500000,244145,236000,13,2,0,Normal
Loan2974239,Client144967,Nyamagabe,2023-07-14,1550000,218812,99090,13,2,0,Normal
Loan2974255,Client154317,Rusizi,2023-07-14,1370000,189403,97944,13,2,0,Normal
Loan2974269,Client124150,Nyagatare,2023-07-14,1520000,161639,94212,13,3,0,Normal
Loan2974274,Client147855,Rusizi,2023-07-14,1590000,62422,101120,13,2,0,Normal
Loan2974287,Client171297,Nyagatare,2023-07-14,1590000,67486,193547,13,3,0,Normal
Loan2974291,Client167424,Rusizi,2023-07-14,1590000,158543,167424,13,2,0,Normal
Loan2974336,Client153881,Kicukiro,2023-07-14,1570000,27983,122389,13,2,0,Normal
Loan2974343,Client134050,Ngororero,2023-07-14,1000000,199600,116639,13,3,0,Normal
Loan2974385,Client191042,Gasabo,2023-07-14,1600000,272659,188400,14,3,0,Normal
Loan2974418,Client158138,Ngororero,2023-07-14,1570000,143480,102545,13,2,0,Normal
Loan2974437,Client40130,Ngororero,2023-07-14,1780000,98059,138849,13,2,0,Normal
Loan2974442,Client16059,Ngororero,2023-07-14,1800000,200836,140303,13,2,0,Normal
Loan2974443,Client46964,Gasabo,2023-07-14,1700000,164323,119332,13,3,0,Normal
Loan2974453,Client122679,Ngororero,2023-07-14,3500000,87409,238658,13,3,0,Normal
Loan2974737,Client111271,Nyagatare,2023-07-15,1640000,363528,102398,13,3,0,Normal
Loan2974743,Client156813,Nyagatare,2023-07-15,1470000,68385,108338,13,3,0,Normal
Loan2974746,Client51219,Nyagatare,2023-07-15,1630000,279180,117155,13,3,0,Normal
Loan2974748,Client124214,Nyagatare,2023-07-15,1590000,406734,98962,13,3,0,Normal
Loan2974758,Client50172,Nyagatare,2023-07-15,3500000,1041971,273805,13,1,0,Normal
Loan2974763,Client109959,Nyagatare,2023-07-15,2760000,176245,174166,13,3,0,Normal
Loan2974862,Client155449,Nyagatare,2023-07-15,1590000,320254,98962,13,3,0,Normal
Loan2974865,Client52269,Nyagatare,2023-07-15,2180000,412742,243030,13,2,0,Normal
Loan2974872,Client175147,Nyagatare,2023-07-15,1520000,58602,109763,13,3,0,Normal
Loan2974883,Client176222,Nyagatare,2023-07-15,2770000,113704,218000,13,3,0,Normal
Loan2974916,Client60347,Nyagatare,2023-07-15,2750000,312316,173291,13,3,0,Normal
Loan2974924,Client171957,Nyagatare,2023-07-15,1520000,277167,110082,13,2,0,Normal
Loan2974933,Client84556,Nyagatare,2023-07-15,3500000,415124,281940,13,2,0,Normal
Loan2975525,Client84711,Gasabo,2023-07-17,3500000,470135,335258,14,3,0,Normal
Loan2975534,Client175863,Rubavu,2023-07-17,1130000,272934,115424,13,3,0,Normal
Loan2975551,Client130374,Gasabo,2023-07-17,1590000,396999,101543,13,3,0,Normal
Loan2975593,Client108703,Rubavu,2023-07-17,1200000,84730,175950,13,2,0,Normal
Loan2975600,Client56786,Nyamagabe,2023-07-17,3500000,1162818,406097,14,2,0,Normal
Loan2975646,Client103778,Nyamagabe,2023-07-17,2980000,859036,194206,13,2,0,Normal
Loan2975650,Client159275,Gasabo,2023-07-17,3500000,565653,281500,14,3,1,Written off
Loan2975696,Client102184,Kicukiro,2023-07-17,3440000,1286222,271381,13,3,0,Normal
Loan2975722,Client79653,Rusizi,2023-07-17,3500000,327276,309128,13,3,0,Normal
Loan2975723,Client129142,Rubavu,2023-07-17,2500000,1091652,265933,13,2,0,Normal
Loan2975726,Client176837,Gasabo,2023-07-17,1520000,60799,101113,13,2,0,Normal
Loan2975729,Client83305,Nyagatare,2023-07-17,1770000,135806,136135,13,3,0,Normal
Loan2975731,Client86750,Rubavu,2023-07-17,3500000,1654482,208841,13,2,0,Normal
Loan2975735,Client18785,Rutsiro,2023-07-17,3500000,1546519,629024,14,2,0,Normal
Loan2975745,Client61522,Rutsiro,2023-07-17,1750000,435387,135605,13,3,0,Normal
Loan2975746,Client176783,Rubavu,2023-07-17,1600000,231650,181775,13,3,0,Normal
Loan2975762,Client134211,Gasabo,2023-07-17,1590000,61186,101543,13,3,0,Normal
Loan2975772,Client132818,Ngororero,2023-07-17,2150000,649904,202372,13,3,0,Normal
Loan2975787,Client45255,Rusizi,2023-07-17,3500000,3018784,355624,13,3,0,Normal
Loan2975793,Client9462,Kicukiro,2023-07-17,3360000,1646830,222626,13,3,0,Normal
Loan2975808,Client41404,Kicukiro,2023-07-17,2980000,196908,192519,14,2,0,Normal
Loan2975809,Client146311,Rubavu,2023-07-17,1590000,120388,105934,13,2,0,Normal
Loan2975820,Client67701,Nyagatare,2023-07-17,2670000,360960,208561,13,2,0,Normal
Loan2975830,Client44210,Nyagatare,2023-07-17,1750000,757049,135641,13,3,0,Normal
Loan2975832,Client29695,Kicukiro,2023-07-17,2240000,551959,160276,13,2,0,Normal
Loan2975834,Client27432,Nyagatare,2023-07-17,3500000,2086108,247946,13,2,0,Normal
Loan2975842,Client12376,Rusizi,2023-07-17,1995000,540028,148209,13,3,0,Normal
Loan2975849,Client132219,Nyagatare,2023-07-17,1590000,123736,98962,13,3,0,Normal
Loan2975857,Client101843,Nyagatare,2023-07-17,1680000,75048,105248,13,2,0,Normal
Loan2975861,Client62862,Nyamagabe,2023-07-17,3500000,402587,299426,13,3,0,Normal
Loan2975866,Client155493,Nyagatare,2023-07-17,1590000,52579,98962,13,2,0,Normal
Loan2975876,Client158083,Nyagatare,2023-07-17,1590000,64755,114832,13,3,0,Normal
Loan2975886,Client69336,Nyagatare,2023-07-17,1770000,87550,107880,13,3,0,Normal
Loan2975888,Client149318,Rusizi,2023-07-17,3380000,136750,221964,13,3,0,Normal
Loan2975891,Client171141,Nyagatare,2023-07-17,1590000,34971,115938,13,3,0,Normal
Loan2975911,Client65599,Rusizi,2023-07-17,1775000,114033,136040,13,3,0,Normal
Loan2975917,Client5113,Ngororero,2023-07-17,450000,241659,149781,13,2,0,Normal
Loan2975921,Client154321,Rusizi,2023-07-17,1590000,328035,122417,13,2,0,Normal
Loan2975942,Client34713,Kicukiro,2023-07-17,3500000,157687,805900,14,2,0,Normal
Loan2975946,Client121963,Nyarugenge,2023-07-17,3500000,586412,252070,13,3,0,Normal
Loan2975947,Client129052,Nyagatare,2023-07-17,2760000,71834,175915,13,2,0,Normal
Loan2975954,Client157991,Ngororero,2023-07-17,800000,91463,102545,13,3,0,Normal
Loan2975966,Client21055,Ngororero,2023-07-17,3000000,574104,222234,13,2,0,Normal
Loan2975968,Client100599,Kicukiro,2023-07-17,1560000,56187,114363,13,3,0,Normal
Loan2975975,Client174217,Gasabo,2023-07-17,1590000,208488,115938,13,3,0,Normal
Loan2975982,Client95479,Ngororero,2023-07-17,1730000,404439,111571,13,2,0,Normal
Loan2976006,Client142333,Kicukiro,2023-07-17,1570000,37096,114396,13,3,0,Normal
Loan2976017,Client17768,Nyarugenge,2023-07-17,3500000,450789,250438,13,2,0,Normal
Loan2976019,Client189111,Rubavu,2023-07-17,3500000,522008,238000,13,2,0,Normal
Loan2976020,Client159804,Rusizi,2023-07-17,1520000,132611,112496,13,2,0,Normal
Loan2976043,Client176088,Rubavu,2023-07-17,1600000,52521,107834,13,3,0,Normal
Loan2976064,Client91110,Rubavu,2023-07-17,1725000,102959,133234,13,3,0,Normal
Loan2976068,Client60785,Ngororero,2023-07-17,1730000,249147,112996,13,2,0,Normal
Loan2976085,Client48172,Nyagatare,2023-07-17,1670000,184992,138700,13,3,0,Normal
Loan2976100,Client174389,Nyagatare,2023-07-17,1590000,54958,107288,13,3,0,Normal
Loan2976108,Client111048,Nyamagabe,2023-07-17,1500000,325105,127137,13,3,0,Normal
Loan2976123,Client63333,HQ,2023-07-17,3500000,2344578,474975,14,3,0,Normal
Loan2976130,Client101023,Rutsiro,2023-07-17,3500000,832556,284136,13,3,0,Normal
Loan2976153,Client172509,Ngororero,2023-07-17,1200000,55858,98752,13,3,0,Normal
Loan2976158,Client47764,Ngororero,2023-07-17,2720000,156131,212261,13,3,0,Normal
Loan2976171,Client161474,Nyagatare,2023-07-17,3500000,184029,229905,13,3,0,Normal
Loan2976176,Client12168,Rusizi,2023-07-17,2100000,943125,134935,13,2,0,Normal
Loan2976184,Client166259,Nyamagabe,2023-07-17,1500000,220893,115100,13,3,0,Normal
Loan2976207,Client172439,Ngororero,2023-07-17,1280000,251078,92035,13,3,0,Normal
Loan2976251,Client130545,Rusizi,2023-07-17,1600000,348622,101120,13,2,0,Normal
Loan2976262,Client173926,Rusizi,2023-07-17,1600000,287043,131374,13,2,0,Normal
Loan2976279,Client28765,Rusizi,2023-07-17,2140000,495501,164339,13,2,0,Normal
Loan2976282,Client45779,Rusizi,2023-07-17,1860000,824523,120676,13,2,0,Normal
Loan2976474,Client129864,Kicukiro,2023-07-18,1570000,286339,249380,13,3,0,Normal
Loan2976499,Client59245,Nyanza,2023-07-18,1760000,95226,111947,13,3,0,Normal
Loan2976516,Client19122,Nyanza,2023-07-18,1900000,150223,146053,13,3,0,Normal
Loan2976537,Client173620,Nyanza,2023-07-18,1590000,26433,112366,13,3,0,Normal
Loan2976559,Client188379,Nyanza,2023-07-18,1700000,258687,193648,14,3,0,Normal
Loan2976593,Client121676,Nyanza,2023-07-18,3380000,623037,228890,13,2,0,Normal
Loan2976597,Client55401,Nyanza,2023-07-18,1760000,559812,136135,13,3,0,Normal
Loan2976637,Client99760,Kicukiro,2023-07-18,1740000,75148,135605,13,3,0,Normal
Loan2976655,Client24091,Nyarugenge,2023-07-18,3480000,942747,229790,13,2,0,Normal
Loan2976666,Client28728,Nyamagabe,2023-07-18,1500000,1018574,143771,13,3,0,Normal
Loan2976698,Client124670,Gasabo,2023-07-18,3500000,1038191,196148,14,3,0,Normal
Loan2976700,Client121700,Rusizi,2023-07-18,1685000,180817,100645,13,2,0,Normal
Loan2976718,Client118934,Rusizi,2023-07-18,1695000,128376,249170,13,3,0,Normal
Loan2976738,Client169710,Nyamagabe,2023-07-18,1500000,51013,93915,13,2,0,Normal
Loan2976741,Client99517,Rusizi,2023-07-18,3500000,370359,322108,13,2,0,Normal
Loan2976743,Client21772,Nyarugenge,2023-07-18,1840000,689443,119766,13,2,0,Normal
Loan2976802,Client162586,Nyamagabe,2023-07-18,2700000,575158,175813,13,2,0,Normal
Loan2976818,Client1634,Kicukiro,2023-07-18,3040000,409130,190082,14,2,0,Normal
Loan2976828,Client75058,Nyarugenge,2023-07-18,400000,245886,113164,13,2,0,Normal
Loan2976832,Client131121,Nyamagabe,2023-07-18,800000,342005,91531,13,3,0,Normal
Loan2976854,Client129257,Rusizi,2023-07-18,2125000,501363,189853,13,2,0,Normal
Loan2976855,Client127118,Nyanza,2023-07-18,1590000,96795,100041,13,3,0,Normal
Loan2976864,Client38876,Gasabo,2023-07-18,3500000,3142798,350600,14,2,0,Normal
Loan2976874,Client151799,Nyanza,2023-07-18,1470000,54686,101213,13,3,0,Normal
Loan2976877,Client100866,Rusizi,2023-07-18,1770000,274071,128981,13,3,0,Normal
Loan2976888,Client160386,Nyanza,2023-07-18,2770000,155348,186255,14,2,0,Normal
Loan2976902,Client187720,Kicukiro,2023-07-18,1550000,256623,121299,14,3,0,Normal
Loan2976918,Client161950,Nyamagabe,2023-07-18,1410000,203325,103861,13,2,0,Normal
Loan2976925,Client109613,Rusizi,2023-07-18,3025000,271819,258870,13,3,0,Normal
Loan2976954,Client134243,Nyanza,2023-07-18,3090000,781336,200142,13,2,0,Normal
Loan2976964,Client118039,Gasabo,2023-07-18,3500000,1409210,254712,13,2,0,Normal
Loan2976975,Client12438,Nyarugenge,2023-07-18,1800000,206212,142262,13,2,0,Normal
Loan2976989,Client131161,Nyamagabe,2023-07-18,1550000,383473,99565,13,3,0,Normal
Loan2977011,Client163935,Rusizi,2023-07-18,3500000,109935,231740,13,2,0,Normal
Loan2977020,Client149022,Nyamagabe,2023-07-18,1570000,90439,115899,13,3,0,Normal
Loan2977027,Client38693,Kicukiro,2023-07-18,1760000,306471,114501,13,2,0,Normal
Loan2977033,Client67235,Nyamagabe,2023-07-18,3500000,2034765,293251,13,3,0,Normal
Loan2977043,Client146613,Nyamagabe,2023-07-18,1570000,347838,100515,13,3,0,Normal
Loan2977050,Client68415,Rusizi,2023-07-18,1555000,210883,117135,13,2,0,Normal
Loan2977064,Client30657,Rusizi,2023-07-18,2150000,554371,147466,13,3,0,Normal
Loan2977078,Client31777,Nyamagabe,2023-07-18,3500000,997581,343248,13,2,0,Normal
Loan2977086,Client72108,Nyamagabe,2023-07-18,2590000,326783,204761,13,2,0,Normal
Loan2977090,Client144717,Nyamagabe,2023-07-18,1560000,178171,99565,13,2,0,Normal
Loan2977093,Client51062,Rusizi,2023-07-18,3500000,1981373,264603,13,2,0,Normal
Loan2977126,Client117891,Nyarugenge,2023-07-18,3380000,326304,253022,13,2,0,Normal
Loan2977547,Client178825,Gasabo,2023-07-19,1400000,118744,228865,14,3,0,Normal
Loan2977897,Client67506,Nyanza,2023-07-20,2760000,99990,199219,13,3,0,Normal
Loan2978084,Client14453,Ngororero,2023-07-20,1730000,637830,251070,13,3,0,Normal
Loan2978119,Client76351,HQ,2023-07-20,1900000,818113,76681,14,3,0,Normal
Loan2978155,Client8401,Ngororero,2023-07-20,2000000,108073,160146,13,2,0,Normal
Loan2979549,Client167308,Gasabo,2023-07-24,850000,26531,107349,13,3,0,Normal
Loan2980460,Client79578,Nyanza,2023-07-26,3000000,232272,228957,13,2,0,Normal
Loan2982049,Client178355,Gasabo,2023-07-28,2760000,113486,181225,13,3,0,Normal
Loan2982082,Client157467,Gasabo,2023-07-28,1590000,323574,101395,13,2,0,Normal
Loan2982099,Client134299,Gasabo,2023-07-28,3420000,149380,242861,13,2,0,Normal
Loan2982118,Client129615,Rutsiro,2023-07-28,1200000,207777,96793,13,3,0,Normal
Loan2982125,Client30942,Rubavu,2023-07-28,2000000,1251110,218295,13,3,0,Normal
Loan2982162,Client66334,Rutsiro,2023-07-28,2700000,477819,209511,13,2,0,Normal
Loan2982164,Client158103,Ngororero,2023-07-28,1570000,40386,114069,13,3,0,Normal
Loan2982204,Client42675,Rutsiro,2023-07-28,2500000,455612,330000,13,2,0,Normal
Loan2982250,Client111093,Rubavu,2023-07-28,3500000,136886,286037,13,2,0,Normal
Loan2982275,Client138854,Rutsiro,2023-07-28,1600000,249432,199779,13,3,0,Normal
Loan2982287,Client176123,Ngororero,2023-07-28,1570000,124055,102163,13,2,0,Normal
Loan2982298,Client66414,Rubavu,2023-07-28,3500000,533843,285995,13,3,0,Normal
Loan2982314,Client163417,Ngororero,2023-07-28,1570000,71744,122019,13,3,0,Normal
Loan2982323,Client149274,Nyanza,2023-07-28,1520000,78441,95291,13,2,0,Normal
Loan2982336,Client49195,Gasabo,2023-07-28,2400000,247347,315701,14,2,0,Normal
Loan2982339,Client111053,Nyanza,2023-07-28,1680000,199723,105926,13,3,0,Normal
Loan2982367,Client40401,Ngororero,2023-07-28,3500000,174736,249380,13,2,0,Normal
Loan2982378,Client25533,Nyamagabe,2023-07-28,2170000,750250,160525,13,3,0,Normal
Loan2982381,Client156659,Gasabo,2023-07-28,1500000,89845,249265,13,2,0,Normal
Loan2982407,Client55656,Nyamagabe,2023-07-28,3000000,365970,196350,13,3,0,Normal
Loan2982410,Client178290,Gasabo,2023-07-28,1600000,182992,116849,13,2,0,Normal
Loan2982424,Client130463,Nyanza,2023-07-28,2400000,456280,191753,13,2,0,Normal
Loan2982452,Client168077,Nyanza,2023-07-28,1000000,57942,111447,13,3,0,Normal
Loan2982456,Client45936,Rusizi,2023-07-28,2920000,285832,222017,13,2,0,Normal
Loan2982474,Client133887,Rubavu,2023-07-28,3450000,491777,226465,13,2,0,Normal
Loan2982486,Client119618,Rubavu,2023-07-28,3500000,187462,285309,13,2,0,Normal
Loan2982513,Client133883,Rubavu,2023-07-28,1520000,158344,96413,13,2,0,Normal
Loan2982520,Client168096,Rusizi,2023-07-28,1450000,142210,188400,13,3,0,Normal
Loan2982549,Client5467,Rusizi,2023-07-28,3500000,643957,236135,13,2,0,Normal
Loan2982550,Client25519,Gasabo,2023-07-28,1860000,135072,143933,13,2,0,Normal
Loan2982552,Client148841,Rubavu,2023-07-28,1520000,201937,96413,13,2,0,Normal
Loan2982591,Client68701,Nyanza,2023-07-28,2500000,571530,287478,13,2,0,Normal
Loan2982603,Client174797,Rusizi,2023-07-28,3500000,432198,239778,13,3,0,Normal
Loan2982650,Client142533,Nyanza,2023-07-28,1590000,314294,117639,13,3,0,Normal
Loan2982661,Client5605,Nyamagabe,2023-07-28,2100000,970783,147003,13,2,0,Normal
Loan2982676,Client37189,Gasabo,2023-07-28,2670000,740471,203762,13,2,0,Normal
Loan2982701,Client95366,Rusizi,2023-07-28,1545000,387597,98270,13,3,0,Normal
Loan2982743,Client70225,Ngororero,2023-07-28,2720000,481849,249380,13,3,0,Normal
Loan2982755,Client132365,Nyagatare,2023-07-28,3230000,678004,206972,13,3,0,Normal
Loan2982765,Client157796,Ngororero,2023-07-28,1440000,314940,107232,13,2,0,Normal
Loan2982793,Client156393,Gasabo,2023-07-28,1590000,203753,115938,13,2,0,Normal
Loan2982822,Client172282,Nyagatare,2023-07-28,1470000,50626,113487,13,3,0,Normal
Loan2982850,Client104296,Gasabo,2023-07-28,3500000,926025,288695,13,2,0,Normal
Loan2982854,Client111257,Nyagatare,2023-07-28,1640000,220498,123314,13,2,0,Normal
Loan2982856,Client128314,Nyamagabe,2023-07-28,1300000,78297,116525,13,2,0,Normal
Loan2982879,Client175493,Nyanza,2023-07-28,1440000,45569,103264,13,3,0,Normal
Loan2982892,Client31316,Ngororero,2023-07-28,1180000,403836,201575,13,3,0,Normal
Loan2982916,Client146853,Nyagatare,2023-07-28,1470000,55090,93045,13,2,0,Normal
Loan2982936,Client7562,Gasabo,2023-07-28,3440000,628656,232640,13,2,0,Normal
Loan2982965,Client185132,Nyarugenge,2023-07-28,3500000,713836,311032,13,2,0,Normal
Loan2982990,Client162416,Nyagatare,2023-07-28,1590000,58038,110082,13,3,0,Normal
Loan2983047,Client129000,Nyagatare,2023-07-28,1590000,385442,98962,13,3,0,Normal
Loan2983063,Client127196,Rusizi,2023-07-28,1590000,223271,123814,13,3,0,Normal
Loan2983065,Client85627,Nyanza,2023-07-28,2700000,135368,235317,13,3,0,Normal
Loan2983117,Client16386,Nyanza,2023-07-28,3500000,1027289,287872,13,3,0,Normal
Loan2983122,Client23095,Nyagatare,2023-07-28,1860000,197209,147279,13,3,0,Normal
Loan2983151,Client151621,Gasabo,2023-07-28,1590000,65803,116257,13,3,0,Normal
Loan2983161,Client190986,Gasabo,2023-07-28,1459000,199789,123579,14,2,0,Normal
Loan2983168,Client47154,Nyanza,2023-07-28,3500000,488088,338310,13,2,0,Normal
Loan2983179,Client58660,Gasabo,2023-07-28,1770000,265167,113648,13,2,0,Normal
Loan2983186,Client120135,Gasabo,2023-07-28,3090000,292350,203797,13,3,0,Normal
Loan2983198,Client129581,Nyagatare,2023-07-28,1590000,85034,98962,13,2,0,Normal
Loan2983244,Client10397,Nyagatare,2023-07-28,3500000,945935,250511,13,3,0,Normal
Loan2983253,Client111663,Rusizi,2023-07-28,3500000,1612419,288275,13,3,0,Normal
Loan2984598,Client173654,Rubavu,2023-07-31,3470000,185507,214983,13,3,0,Normal
Loan2984692,Client176038,Nyarugenge,2023-07-31,1550000,65787,100290,14,2,0,Normal
Loan2984728,Client140402,Nyamagabe,2023-07-31,1570000,37033,100515,13,3,0,Normal
Loan2984949,Client128085,Nyanza,2023-07-31,2640000,121689,169822,13,2,0,Normal
Loan2984959,Client124550,Nyamagabe,2023-07-31,3500000,82977,286053,13,2,0,Normal
Loan2985006,Client53422,Gasabo,2023-07-31,1700000,145162,132810,13,2,0,Normal
Loan2985028,Client65879,Nyanza,2023-07-31,3500000,140040,228890,13,3,0,Normal
Loan2985074,Client64091,Nyanza,2023-07-31,3500000,473271,260645,13,3,0,Normal
Loan2985089,Client104724,Gasabo,2023-07-31,3500000,1209632,288695,13,2,0,Normal
Loan2985122,Client44989,Rusizi,2023-07-31,1690000,111523,107939,13,2,0,Normal
Loan2985134,Client155311,Nyagatare,2023-07-31,1590000,66042,114513,13,3,0,Normal
Loan2985137,Client122689,Gasabo,2023-07-31,1500000,121156,123814,13,2,0,Normal
Loan2985153,Client135460,Gasabo,2023-07-31,600000,111078,70673,14,3,0,Normal
Loan2985163,Client21770,Nyamagabe,2023-07-31,1930000,145015,152121,13,2,0,Normal
Loan2985166,Client34856,Rusizi,2023-07-31,2155000,294149,191619,13,2,0,Normal
Loan2985167,Client56653,Nyarugenge,2023-07-31,3500000,1565337,270626,13,2,0,Normal
Loan2985183,Client157737,Ngororero,2023-07-31,2720000,407723,181305,13,3,0,Normal
Loan2985202,Client15197,Rusizi,2023-07-31,3450000,802643,266686,13,3,0,Normal
Loan2985223,Client87673,Kicukiro,2023-07-31,1740000,57422,135850,13,3,0,Normal
Loan2985247,Client176747,Rubavu,2023-07-31,3500000,218505,250533,13,3,0,Normal
Loan2985249,Client97032,Gasabo,2023-07-31,1570000,93071,122347,13,2,0,Normal
Loan2985260,Client170698,Nyagatare,2023-07-31,800000,173949,94212,13,3,0,Normal
Loan2985287,Client65867,Nyagatare,2023-07-31,3500000,938407,288134,13,3,0,Normal
Loan2985307,Client123330,Gasabo,2023-07-31,1590000,122181,101543,13,2,0,Normal
Loan2985322,Client168119,Rusizi,2023-07-31,1435000,83094,96000,13,3,0,Normal
Loan2985325,Client22962,Nyagatare,2023-07-31,1000000,798470,109076,13,2,0,Normal
Loan2985369,Client60539,Gasabo,2023-07-31,1590000,313000,101395,13,2,0,Normal
Loan2985405,Client188479,Rutsiro,2023-07-31,3500000,309999,245325,13,3,0,Normal
Loan2985470,Client16127,Nyarugenge,2023-07-31,1550000,142363,100292,14,2,0,Normal
Loan2985481,Client46141,Gasabo,2023-07-31,1740000,108428,135130,13,2,0,Normal
Loan2985488,Client20636,HQ,2023-07-31,1724605,1053251,84769,14,2,0,Normal
Loan2985495,Client158579,Nyarugenge,2023-07-31,1500000,95151,95988,13,3,0,Normal
Loan2985501,Client79747,Gasabo,2023-07-31,1770000,703449,113441,13,2,0,Normal
Loan2985520,Client120894,Gasabo,2023-07-31,3500000,373299,235877,13,2,0,Normal
Loan2985522,Client60195,Nyarugenge,2023-07-31,3500000,292345,236188,13,2,0,Normal
Loan2985544,Client154596,Rusizi,2023-07-31,1405000,182414,111464,13,3,0,Normal
Loan2985549,Client87456,Gasabo,2023-07-31,1700000,207313,108691,13,2,0,Normal
Loan2985560,Client165643,Rusizi,2023-07-31,1590000,45435,107291,13,2,0,Normal
Loan2985564,Client167329,Rusizi,2023-07-31,1590000,206324,100582,13,2,0,Normal
Loan2985569,Client118111,Gasabo,2023-07-31,1680000,546879,123814,13,3,0,Normal
Loan2985584,Client189715,Gasabo,2023-07-31,2290000,76825,156995,14,2,0,Normal
Loan2985622,Client21065,Gasabo,2023-07-31,3300000,290391,255505,14,2,0,Normal
Loan2985628,Client64174,Rusizi,2023-07-31,3200000,1257498,195261,13,3,0,Normal
Loan2985695,Client160247,Rusizi,2023-07-31,1520000,176081,102000,13,2,0,Normal
Loan2985719,Client19269,Rusizi,2023-07-31,1905000,98104,145487,13,3,0,Normal
Loan2985739,Client26201,Rusizi,2023-07-31,2070000,192603,138260,13,3,0,Normal
Loan2985770,Client118368,Rusizi,2023-07-31,1670000,104974,107554,13,2,0,Normal
Loan2985776,Client5352,Rusizi,2023-07-31,2000000,217535,128850,13,2,0,Normal
Loan2985779,Client72003,Rusizi,2023-07-31,1670000,66917,119844,13,2,0,Normal
Loan2987323,Client37071,Gasabo,2023-08-01,2500000,1759722,246878,13,3,0,Normal
Loan2987439,Client109577,Nyamagabe,2023-08-01,1580000,58162,123756,13,3,0,Normal
Loan2987478,Client145116,Rubavu,2023-08-01,1590000,58969,107359,13,3,0,Normal
Loan2987561,Client109585,Nyamagabe,2023-08-01,3500000,612498,271436,13,3,0,Normal
Loan2987619,Client40281,Ngororero,2023-08-01,1900000,597639,123301,13,3,0,Normal
Loan2987640,Client126426,Nyamagabe,2023-08-01,1560000,410058,99997,13,3,0,Normal
Loan2987681,Client71057,Kicukiro,2023-08-01,3300000,472544,297851,13,3,0,Normal
Loan2987706,Client16237,Nyanza,2023-08-01,1600000,823250,132187,13,3,0,Normal
Loan2987719,Client42932,Rutsiro,2023-08-01,1800000,80916,139658,13,3,0,Normal
Loan2987754,Client125891,Nyagatare,2023-08-01,3500000,177322,237985,13,2,0,Normal
Loan2987784,Client157618,Gasabo,2023-08-01,1590000,128272,101395,13,3,0,Normal
Loan2987816,Client191064,Gasabo,2023-08-01,1180000,152777,112544,14,2,0,Normal
Loan2987824,Client47021,Nyamagabe,2023-08-01,1600000,869209,109987,13,2,0,Normal
Loan2987862,Client168933,Rutsiro,2023-08-01,1450000,46991,106438,13,3,0,Normal
Loan2987899,Client68981,Nyamagabe,2023-08-01,1470000,128650,105250,13,3,0,Normal
Loan2987958,Client125724,Nyagatare,2023-08-01,2670000,148774,175915,13,3,0,Normal
Loan2987975,Client70565,Kicukiro,2023-08-01,3210000,552920,251639,13,2,0,Normal
Loan2987977,Client23345,Rubavu,2023-08-01,2750000,507583,179546,13,3,0,Normal
Loan2987989,Client155813,Gasabo,2023-08-01,1590000,174020,101395,13,3,0,Normal
Loan2987992,Client55184,Rubavu,2023-08-01,1860000,171809,142862,13,2,0,Normal
Loan2988006,Client40414,Ngororero,2023-08-01,1750000,475666,112764,13,2,0,Normal
Loan2988042,Client99752,Kicukiro,2023-08-01,3180000,150583,227707,13,3,0,Normal
Loan2988056,Client40143,Ngororero,2023-08-01,2000000,1337138,202640,13,2,0,Normal
Loan2988071,Client162191,Rusizi,2023-08-01,1510000,271005,134338,13,2,0,Normal
Loan2988137,Client82795,Ngororero,2023-08-01,1640000,256274,128485,13,2,0,Normal
Loan2988147,Client51043,Nyanza,2023-08-01,3500000,137548,228890,13,3,0,Normal
Loan2988158,Client41147,Nyanza,2023-08-01,1850000,465944,117964,13,2,0,Normal
Loan2988159,Client48983,Ngororero,2023-08-01,1580000,657972,101596,13,2,0,Normal
Loan2988178,Client40115,Ngororero,2023-08-01,1840000,661142,118551,13,2,0,Normal
Loan2988193,Client85117,Nyarugenge,2023-08-01,3500000,84274,308659,14,2,0,Normal
Loan2988215,Client31711,Nyagatare,2023-08-01,2500000,408635,189592,13,2,0,Normal
Loan2988223,Client118424,Rusizi,2023-08-01,2645000,110536,201345,13,2,0,Normal
Loan2988228,Client134997,Gasabo,2023-08-01,1369000,103906,128981,14,3,0,Normal
Loan2988256,Client83154,Kicukiro,2023-08-01,3150000,1108507,216178,14,2,0,Normal
Loan2988293,Client173551,Nyanza,2023-08-01,1590000,31718,122389,13,2,0,Normal
Loan2988360,Client86909,Nyarugenge,2023-08-01,3500000,2048960,289603,13,3,0,Normal
Loan2988388,Client66130,Nyarugenge,2023-08-01,790000,87303,244630,13,2,0,Normal
Loan2988391,Client9014,Kicukiro,2023-08-01,1600000,122543,244515,13,3,0,Normal
Loan2988407,Client48090,Gasabo,2023-08-01,3500000,430241,232545,13,2,0,Normal
Loan2988426,Client75638,Kicukiro,2023-08-01,1740000,687883,135605,13,2,0,Normal
Loan2988450,Client164532,Rutsiro,2023-08-01,2770000,292540,183824,13,2,0,Normal
Loan2988471,Client25090,Rusizi,2023-08-01,1790000,858037,111651,13,2,0,Normal
Loan2988488,Client100283,Ngororero,2023-08-01,1730000,290579,135135,13,3,0,Normal
Loan2988643,Client45203,Gasabo,2023-08-01,2290000,227964,269694,14,2,0,Normal
Loan2988713,Client118935,Gasabo,2023-08-01,2070000,46900,207400,14,3,0,Normal
Loan2988808,Client48704,Nyarugenge,2023-08-01,2740000,702466,180320,13,3,0,Normal
Loan2988824,Client63298,Gasabo,2023-08-01,3000000,700831,270626,13,3,0,Normal
Loan2988855,Client161294,Nyarugenge,2023-08-01,1500000,35999,89925,13,2,0,Normal
Loan2988884,Client155992,Gasabo,2023-08-01,1590000,130125,101395,13,2,0,Normal
Loan2989538,Client29064,Nyarugenge,2023-08-02,1500000,644303,139952,13,3,0,Normal
Loan2989580,Client103984,Rubavu,2023-08-02,3500000,749085,282856,13,2,0,Normal
Loan2989613,Client166339,Nyanza,2023-08-02,1590000,256747,95291,13,2,0,Normal
Loan2989665,Client176046,Nyamagabe,2023-08-02,700000,54932,116849,13,2,0,Normal
Loan2989689,Client148136,Rubavu,2023-08-02,1590000,52625,107359,13,2,0,Normal
Loan2989701,Client137807,Rutsiro,2023-08-02,1600000,92467,103063,13,3,0,Normal
Loan2989733,Client75089,Rutsiro,2023-08-02,1700000,625432,108898,13,2,0,Normal
Loan2989745,Client144390,Rutsiro,2023-08-02,1500000,53627,103063,13,3,0,Normal
Loan2989759,Client15719,Rubavu,2023-08-02,2100000,1991217,312070,13,2,0,Normal
Loan2989772,Client178981,Rubavu,2023-08-02,3500000,669376,466500,14,2,0,Normal
Loan2989777,Client150758,Rusizi,2023-08-02,3405000,135527,225289,13,2,0,Normal
Loan2989800,Client88779,Nyamagabe,2023-08-02,3000000,144330,225205,13,3,0,Normal
Loan2989809,Client69133,Nyanza,2023-08-02,3000000,185159,201384,13,3,0,Normal
Loan2989817,Client88907,Rutsiro,2023-08-02,1550000,59633,113648,13,2,0,Normal
Loan2989839,Client129703,Gasabo,2023-08-02,1590000,65005,101543,13,3,0,Normal
Loan2989882,Client158935,Rutsiro,2023-08-02,1600000,171556,115100,13,2,0,Normal
Loan2989891,Client89378,Nyanza,2023-08-02,1760000,102042,137030,13,3,0,Normal
Loan2989895,Client63521,Gasabo,2023-08-02,1770000,384827,113648,13,2,0,Normal
Loan2989900,Client71409,Rubavu,2023-08-02,3500000,351010,73229,14,3,0,Normal
Loan2989910,Client43578,Rusizi,2023-08-02,1800000,192870,140133,13,2,0,Normal
Loan2989930,Client39106,Rutsiro,2023-08-02,3050000,303060,249296,14,2,0,Normal
Loan2989973,Client157622,Gasabo,2023-08-02,1590000,35400,115938,13,3,0,Normal
Loan2989977,Client69031,Rusizi,2023-08-02,2615000,956193,170380,13,2,0,Normal
Loan2989978,Client100168,Nyanza,2023-08-02,3500000,488570,256845,13,2,0,Normal
Loan2989981,Client142229,Rubavu,2023-08-02,3090000,64579,202467,13,3,0,Normal
Loan2989992,Client134603,Gasabo,2023-08-02,3500000,107299,266710,13,2,0,Normal
Loan2989997,Client117733,Nyanza,2023-08-02,3500000,110385,251086,13,2,0,Normal
Loan2990022,Client76006,Rubavu,2023-08-02,2920000,522818,223871,13,2,0,Normal
Loan2990024,Client150868,Rusizi,2023-08-02,1580000,60741,122389,13,3,0,Normal
Loan2990034,Client10758,Ngororero,2023-08-02,2680000,814652,174978,13,3,0,Normal
Loan2990035,Client16963,Nyarugenge,2023-08-02,1930000,290701,143337,13,3,0,Normal
Loan2990043,Client158128,Ngororero,2023-08-02,1500000,146270,102545,13,2,0,Normal
Loan2990054,Client62510,Rutsiro,2023-08-02,2000000,92951,180225,13,2,0,Normal
Loan2990066,Client77706,Rutsiro,2023-08-02,1750000,189277,136298,13,2,0,Normal
Loan2990071,Client103400,Rusizi,2023-08-02,2200000,1260315,171271,13,3,0,Normal
Loan2990091,Client66473,Rutsiro,2023-08-02,1730000,376209,110798,13,2,0,Normal
Loan2990092,Client59781,Nyarugenge,2023-08-02,3090000,943547,203797,13,2,0,Normal
Loan2990103,Client108286,Rutsiro,2023-08-02,2650000,109030,179750,13,2,0,Normal
Loan2990129,Client190847,Kicukiro,2023-08-02,2320000,169352,228865,14,2,0,Normal
Loan2990130,Client161461,Nyamagabe,2023-08-02,1580000,35870,115938,13,3,0,Normal
Loan2990134,Client159713,Rutsiro,2023-08-02,2500000,217979,189100,14,3,0,Normal
Loan2990135,Client162005,Nyanza,2023-08-02,2430000,516361,226040,13,3,0,Normal
Loan2990150,Client149583,Nyanza,2023-08-02,1590000,62050,123019,13,3,0,Normal
Loan2990169,Client154806,Rusizi,2023-08-02,1600000,70876,101638,13,2,0,Normal
Loan2990179,Client133751,Rusizi,2023-08-02,3470000,700532,227890,13,3,0,Normal
Loan2990190,Client187643,Gasabo,2023-08-02,3400000,162927,281500,14,3,1,Written off
Loan2990211,Client122826,Rusizi,2023-08-02,2755000,411905,199219,13,3,0,Normal
Loan2990229,Client97426,Rusizi,2023-08-02,1600000,611293,128535,13,3,0,Normal
Loan2990243,Client166126,Rusizi,2023-08-02,1500000,47117,114832,13,3,0,Normal
Loan2990256,Client34243,Rubavu,2023-08-02,3000000,1957882,328575,13,2,0,Normal
Loan2990308,Client4327,Nyarugenge,2023-08-02,3500000,886625,272717,13,2,0,Normal
Loan2990384,Client51349,Nyagatare,2023-08-02,3500000,319428,270760,13,2,0,Normal
Loan2990394,Client41911,Nyamagabe,2023-08-02,3500000,186127,291231,13,3,0,Normal
Loan2990420,Client174080,Rusizi,2023-08-02,1590000,288208,224339,13,3,0,Normal
Loan2990465,Client158808,Nyagatare,2023-08-02,3500000,308352,227742,13,2,0,Normal
Loan2990477,Client123064,Rubavu,2023-08-02,1590000,69041,101068,13,2,0,Normal
Loan2990483,Client129932,Nyagatare,2023-08-02,3500000,305970,250006,13,3,0,Normal
Loan2990500,Client161926,Rusizi,2023-08-02,1500000,288799,98270,13,3,0,Normal
Loan2990542,Client178332,Gasabo,2023-08-02,1590000,50169,115938,13,3,0,Normal
Loan2990552,Client67107,Nyamagabe,2023-08-02,3500000,769468,266071,13,2,0,Normal
Loan2990554,Client126854,Nyanza,2023-08-02,3220000,856012,222413,13,3,0,Normal
Loan2990579,Client9227,Nyamagabe,2023-08-02,1600000,165279,163046,13,3,0,Normal
Loan2990595,Client87851,Rubavu,2023-08-02,3188000,336402,209249,13,3,0,Normal
Loan2990596,Client164336,Rusizi,2023-08-02,2770000,145632,186000,13,2,0,Normal
Loan2990602,Client135461,Gasabo,2023-08-02,590000,121591,228865,14,2,0,Normal
Loan2990616,Client17395,Rutsiro,2023-08-02,3500000,433459,348535,13,3,0,Normal
Loan2990623,Client38063,Nyanza,2023-08-02,3500000,3268638,382551,14,3,0,Normal
Loan2990627,Client51605,Nyamagabe,2023-08-02,3100000,287827,241017,13,2,0,Normal
Loan2990650,Client124064,Nyamagabe,2023-08-02,1560000,443961,99997,13,3,0,Normal
Loan2990653,Client164022,Nyanza,2023-08-02,1280000,109470,220632,13,3,0,Normal
Loan2990669,Client80754,Nyagatare,2023-08-02,3500000,464214,243788,13,3,0,Normal
Loan2990684,Client96672,Nyagatare,2023-08-02,3500000,670859,226317,13,3,0,Normal
Loan2990705,Client133816,Rubavu,2023-08-02,2050000,499548,493850,14,2,0,Normal
Loan2990710,Client132199,Gasabo,2023-08-02,3000000,888363,230989,13,2,0,Normal
Loan2990743,Client47022,Nyamagabe,2023-08-02,2500000,161955,211411,13,3,0,Normal
Loan2991465,Client40338,Ngororero,2023-08-03,2150000,116093,207061,13,3,0,Normal
Loan2991467,Client126291,Kicukiro,2023-08-03,2930000,-59517,228865,14,3,0,Normal
Loan2991470,Client172013,Nyamagabe,2023-08-03,2870000,429615,193000,13,2,0,Normal
Loan2991549,Client143514,Rutsiro,2023-08-03,1500000,178772,96888,13,3,0,Normal
Loan2991552,Client172395,Ngororero,2023-08-03,1570000,90321,102163,13,2,0,Normal
Loan2991571,Client110632,Nyamagabe,2023-08-03,1660000,293346,106349,13,3,0,Normal
Loan2991575,Client42845,Rubavu,2023-08-03,1860000,238579,142508,13,2,0,Normal
Loan2991637,Client121666,Nyanza,2023-08-03,2640000,901112,155957,13,3,0,Normal
Loan2991680,Client91348,Rutsiro,2023-08-03,2750000,103051,215352,13,3,0,Normal
Loan2991704,Client1869,Ngororero,2023-08-03,3500000,2239399,271932,13,3,0,Normal
Loan2991732,Client125292,Nyanza,2023-08-03,2760000,649733,177897,13,3,0,Normal
Loan2991755,Client62870,Nyamagabe,2023-08-03,4690000,157996,234660,11,1,0,Normal
Loan2991763,Client155656,Kicukiro,2023-08-03,1500000,284265,117639,13,3,0,Normal
Loan2991778,Client75748,Rutsiro,2023-08-03,3500000,963317,223700,13,3,0,Normal
Loan2991784,Client38743,Nyarugenge,2023-08-03,1800000,449584,116916,13,2,0,Normal
Loan2991788,Client14923,Rubavu,2023-08-03,3000000,391185,234796,13,2,0,Normal
Loan2991795,Client14990,Nyanza,2023-08-03,3380000,786652,241203,13,3,0,Normal
Loan2991809,Client118260,Rubavu,2023-08-03,1670000,531742,107377,13,3,0,Normal
Loan2991837,Client14241,Nyarugenge,2023-08-03,1800000,165604,134149,13,2,0,Normal
Loan2991871,Client59927,Ngororero,2023-08-03,1650000,669028,106821,13,2,0,Normal
Loan2991951,Client23174,Rusizi,2023-08-03,1855000,470576,142508,13,2,0,Normal
Loan2991956,Client79022,Nyarugenge,2023-08-03,3440000,72036,245221,13,2,0,Normal
Loan2992014,Client23895,Nyanza,2023-08-03,1790000,135609,139280,13,2,0,Normal
Loan2992036,Client86902,Nyarugenge,2023-08-03,3500000,747441,307650,13,2,0,Normal
Loan2992082,Client110881,Kicukiro,2023-08-03,3500000,568969,330900,14,2,0,Normal
Loan2992105,Client125056,Kicukiro,2023-08-03,3360000,992814,223140,13,3,0,Normal
Loan2992120,Client99205,Nyamagabe,2023-08-03,3050000,633133,219682,13,3,0,Normal
Loan2992135,Client170771,Nyamagabe,2023-08-03,3450000,622442,201097,13,2,0,Normal
Loan2992138,Client164907,Rutsiro,2023-08-03,1600000,268511,101638,13,2,0,Normal
Loan2992140,Client167054,Rusizi,2023-08-03,1590000,59625,114837,13,2,0,Normal
Loan2992183,Client8396,Ngororero,2023-08-03,2730000,339484,202761,13,3,0,Normal
Loan2992197,Client89700,Rutsiro,2023-08-03,3500000,1312754,291508,13,2,0,Normal
Loan2992206,Client15609,Rusizi,2023-08-03,2340000,59748,145970,14,3,0,Normal
Loan2992325,Client130076,Nyanza,2023-08-03,3920000,92869,178586,13,1,0,Normal
Loan2992375,Client166543,Rusizi,2023-08-03,3450000,114664,228139,13,3,0,Normal
Loan2992407,Client4139,Rusizi,2023-08-03,2140000,524134,164339,13,3,0,Normal
Loan2992428,Client85764,Rutsiro,2023-08-03,3500000,265338,250645,13,2,0,Normal
Loan2992439,Client55771,Rusizi,2023-08-03,3500000,177825,253045,13,3,0,Normal
Loan2992457,Client33718,Nyarugenge,2023-08-03,2370000,488983,182896,13,3,0,Normal
Loan2992469,Client41559,Nyarugenge,2023-08-03,2130000,1032143,139109,13,3,0,Normal
Loan2992471,Client45376,Rusizi,2023-08-03,3500000,2942319,363217,13,2,0,Normal
Loan2992492,Client88784,Nyamagabe,2023-08-03,3900000,91275,213519,13,1,0,Normal
Loan2992494,Client79029,Rusizi,2023-08-03,1770000,529599,113164,13,2,0,Normal
Loan2992538,Client164170,Rusizi,2023-08-03,2500000,516590,251564,13,3,0,Normal
Loan2992568,Client158546,Nyarugenge,2023-08-03,1570000,287425,101543,13,2,0,Normal
Loan2992625,Client58442,Rusizi,2023-08-03,3200000,1006438,242442,13,2,0,Normal
Loan2992670,Client150793,Rusizi,2023-08-03,1475000,285596,93520,13,3,0,Normal
Loan2995940,Client110390,Nyagatare,2023-08-07,1770000,492113,117139,13,3,0,Normal
Loan2995947,Client189846,Kicukiro,2023-08-07,850000,62118,228865,14,3,0,Normal
Loan2996045,Client153902,Rubavu,2023-08-07,1500000,322391,101163,13,1,1,Written off
Loan2996109,Client14159,Kicukiro,2023-08-07,2880000,299818,197408,14,3,0,Normal
Loan2996208,Client78723,Nyagatare,2023-08-07,3500000,1198581,223467,13,3,0,Normal
Loan2996214,Client121706,Rusizi,2023-08-07,3500000,272337,294316,13,2,0,Normal
Loan2996254,Client146892,Rubavu,2023-08-07,1590000,56342,107359,13,2,0,Normal
Loan2996262,Client134028,Ngororero,2023-08-07,1570000,265451,101234,13,2,0,Normal
Loan2996297,Client118802,Rusizi,2023-08-07,2770000,685368,252070,13,2,0,Normal
Loan2996303,Client53130,Gasabo,2023-08-07,3500000,1154931,150141,14,3,0,Normal
Loan2996316,Client188612,Nyarugenge,2023-08-07,2980000,52633,228865,14,2,0,Normal
Loan2996336,Client175897,Rutsiro,2023-08-07,3500000,533329,234065,13,3,0,Normal
Loan2996370,Client18368,Rutsiro,2023-08-07,1800000,106105,122880,13,2,0,Normal
Loan2996371,Client14642,Ngororero,2023-08-07,3500000,1792360,319467,13,3,0,Normal
Loan2996381,Client61285,Rusizi,2023-08-07,3500000,198325,269353,13,3,0,Normal
Loan2996428,Client16066,Ngororero,2023-08-07,1849000,531841,123301,13,2,0,Normal
Loan2996473,Client65260,Rusizi,2023-08-07,1770000,307821,137030,13,3,0,Normal
Loan2996476,Client131164,Nyamagabe,2023-08-07,1310000,161641,172538,13,3,0,Normal
Loan2996484,Client143382,Rutsiro,2023-08-07,1600000,110291,103063,13,2,0,Normal
Loan2996499,Client145226,Gasabo,2023-08-07,2750000,1647072,2600000,14,3,0,Normal
Loan2996510,Client65163,Rusizi,2023-08-07,2650000,456687,203371,14,3,0,Normal
Loan2996517,Client4450,Nyamagabe,2023-08-07,2500000,527229,205743,13,3,0,Normal
Loan2996518,Client111706,Nyagatare,2023-08-07,2290000,403586,206972,13,3,0,Normal
Loan2996546,Client8683,Ngororero,2023-08-07,2000000,345869,163339,13,3,0,Normal
Loan2996581,Client78991,Rusizi,2023-08-07,1770000,335045,130435,13,3,0,Normal
Loan2996668,Client66920,Ngororero,2023-08-07,2680000,234840,175437,13,2,0,Normal
Loan2996672,Client161573,Rusizi,2023-08-07,1600000,111151,101638,13,3,0,Normal
Loan2996700,Client82008,Kicukiro,2023-08-07,3500000,201831,269353,13,2,0,Normal
Loan2996704,Client49464,Nyamagabe,2023-08-07,1720000,128623,135185,13,2,0,Normal
Loan2996709,Client166397,Rusizi,2023-08-07,1375000,185746,86760,13,2,0,Normal
Loan2996723,Client178740,Kicukiro,2023-08-07,2800000,258186,206701,14,3,0,Normal
Loan2996724,Client109864,Gasabo,2023-08-07,3500000,-592180,342942,13,3,0,Normal
Loan2996763,Client175388,Nyarugenge,2023-08-07,1300000,709391,109434,14,2,1,Written off
Loan2996770,Client190455,Kicukiro,2023-08-07,1930000,107163,46600,14,3,0,Normal
Loan2996783,Client110448,Kicukiro,2023-08-07,3220000,442505,213786,13,2,0,Normal
Loan2996790,Client160502,Rusizi,2023-08-07,1520000,81658,111188,13,3,0,Normal
Loan2996791,Client76764,Nyagatare,2023-08-07,3500000,236585,293235,14,2,0,Normal
Loan2996805,Client2244,Ngororero,2023-08-07,1350000,1174973,138795,13,4,0,Normal
Loan2996833,Client54968,Nyagatare,2023-08-07,3500000,314874,251086,13,3,0,Normal
Loan2996834,Client86800,Rusizi,2023-08-07,3500000,445432,253045,13,2,0,Normal
Loan2996837,Client173473,Ngororero,2023-08-07,700000,32250,107834,13,3,0,Normal
Loan2996873,Client142180,Nyarugenge,2023-08-07,1600000,42964,103063,13,3,0,Normal
Loan2996908,Client119622,Rusizi,2023-08-07,3500000,1426663,160276,13,2,0,Normal
Loan2996915,Client98943,Rusizi,2023-08-07,2760000,652844,179405,13,3,0,Normal
Loan2996929,Client9108,Rusizi,2023-08-07,2140000,152254,159494,13,3,0,Normal
Loan2996937,Client154023,Rusizi,2023-08-07,1600000,101642,123719,13,3,0,Normal
Loan2996947,Client168574,Rusizi,2023-08-07,1520000,242086,182728,13,3,0,Normal
Loan2996962,Client45805,Rusizi,2023-08-07,1705000,457412,116401,13,2,0,Normal
Loan2996977,Client118362,Rusizi,2023-08-07,1615000,454690,102804,13,3,0,Normal
Loan2996986,Client64909,Rusizi,2023-08-07,2770000,190274,215591,13,3,0,Normal
Loan2997008,Client129737,Rusizi,2023-08-07,1545000,392513,101120,13,3,0,Normal
Loan2997014,Client148919,Rusizi,2023-08-07,1590000,155140,119064,13,3,0,Normal
Loan2997266,Client40306,Ngororero,2023-08-08,1400000,914908,117601,13,3,0,Normal
Loan2997326,Client44224,Nyanza,2023-08-08,2760000,108660,177897,13,2,0,Normal
Loan2997357,Client133145,Kicukiro,2023-08-08,2400000,142875,271381,13,4,0,Normal
Loan2997362,Client91186,Rubavu,2023-08-08,3200000,431642,313223,13,2,0,Normal
Loan2997390,Client139062,Nyanza,2023-08-08,3060000,739513,238985,13,3,0,Normal
Loan2997448,Client123860,Rutsiro,2023-08-08,1580000,441853,101543,13,3,0,Normal
Loan2997459,Client145841,Rutsiro,2023-08-08,1500000,159225,103063,13,3,0,Normal
Loan2997473,Client8359,Rubavu,2023-08-08,2090000,294599,161468,13,2,0,Normal
Loan2997475,Client74046,Kicukiro,2023-08-08,3500000,109168,444900,14,2,0,Normal
Loan2997480,Client144919,Nyamagabe,2023-08-08,1420000,294006,90516,13,3,0,Normal
Loan2997502,Client41359,Nyanza,2023-08-08,1500000,84773,142700,13,2,0,Normal
Loan2997509,Client166080,Nyamagabe,2023-08-08,3500000,233233,272236,13,3,0,Normal
Loan2997514,Client146816,Rubavu,2023-08-08,1520000,34327,109875,13,3,0,Normal
Loan2997526,Client129732,Rusizi,2023-08-08,1590000,36104,115938,13,2,0,Normal
Loan2997550,Client161834,Nyagatare,2023-08-08,3500000,709944,250805,13,2,0,Normal
Loan2997597,Client95364,Rusizi,2023-08-08,1700000,112961,131385,13,2,0,Normal
Loan2997604,Client91018,Nyamagabe,2023-08-08,1740000,371345,136834,13,3,0,Normal
Loan2997690,Client109974,Ngororero,2023-08-08,1619000,549766,104665,13,2,0,Normal
Loan2997698,Client187571,Rusizi,2023-08-08,1170000,97043,228865,14,3,0,Normal
Loan2997717,Client155397,Nyagatare,2023-08-08,1590000,83532,98962,13,2,0,Normal
Loan2997720,Client166499,Rusizi,2023-08-08,1470000,91546,107232,13,3,0,Normal
Loan2997741,Client13071,Nyamagabe,2023-08-08,3360000,283433,261881,13,2,0,Normal
Loan2997786,Client163701,Rusizi,2023-08-08,2760000,541167,100429,13,3,0,Normal
Loan2997823,Client159584,Kicukiro,2023-08-08,3000000,144855,237985,13,2,0,Normal
Loan2997832,Client80763,Nyagatare,2023-08-08,2870000,174924,371450,14,3,0,Normal
Loan2997849,Client59684,Rusizi,2023-08-08,1770000,604609,159235,13,2,0,Normal
Loan2997861,Client133055,Gasabo,2023-08-08,3500000,350322,232640,13,3,0,Normal
Loan2997888,Client129227,Nyarugenge,2023-08-08,1400000,741896,220208,13,3,1,Written off
Loan2997934,Client164090,Rusizi,2023-08-08,1440000,26987,102990,13,2,0,Normal
Loan2997968,Client97415,Rusizi,2023-08-08,1650000,280770,105564,13,3,0,Normal
Loan2998193,Client23030,Ngororero,2023-08-09,1730000,250799,135135,13,3,0,Normal
Loan2998213,Client103430,Rubavu,2023-08-09,3500000,605525,290816,13,3,0,Normal
Loan2998246,Client10769,Ngororero,2023-08-09,1800000,425227,148903,13,2,0,Normal
Loan2998259,Client43122,Rusizi,2023-08-09,1850000,191998,142604,13,3,0,Normal
Loan2998280,Client145071,Nyamagabe,2023-08-09,2620000,335614,171063,13,3,0,Normal
Loan2998291,Client40576,Ngororero,2023-08-09,2420000,472657,164419,13,2,0,Normal
Loan2998396,Client111051,Nyamagabe,2023-08-09,1660000,60891,128581,13,3,0,Normal
Loan2998400,Client172452,Ngororero,2023-08-09,1500000,45482,114424,13,2,0,Normal
Loan2998414,Client130568,Rusizi,2023-08-09,1550000,319786,98270,13,2,0,Normal
Loan2998422,Client16850,Ngororero,2023-08-09,750000,115758,121778,13,2,0,Normal
Loan2998434,Client154019,Rusizi,2023-08-09,1600000,313689,96888,13,3,0,Normal
Loan2998459,Client157807,Rubavu,2023-08-09,1238000,112637,250645,14,3,0,Normal
Loan2998462,Client167612,Rusizi,2023-08-09,1590000,90166,116257,13,3,0,Normal
Loan2998466,Client121070,Nyamagabe,2023-08-09,1500000,220541,177747,13,3,0,Normal
Loan2998470,Client166379,Rusizi,2023-08-09,1590000,251475,123730,13,2,0,Normal
Loan2998490,Client18217,Rusizi,2023-08-09,3420000,1050605,171805,13,3,0,Normal
Loan2998497,Client163493,Ngororero,2023-08-09,3500000,77436,232640,13,3,0,Normal
Loan2998510,Client55182,Rutsiro,2023-08-09,2150000,206849,140529,13,3,0,Normal
Loan2998529,Client61716,Rusizi,2023-08-09,1740000,279166,160276,13,2,0,Normal
Loan2998550,Client41327,Kicukiro,2023-08-09,1650000,658270,113100,14,2,0,Normal
Loan2998600,Client66485,Rutsiro,2023-08-09,2200000,293656,136298,13,3,0,Normal
Loan2998644,Client173971,Rusizi,2023-08-09,1400000,31999,103588,13,3,0,Normal
Loan2998661,Client171096,Nyagatare,2023-08-09,3500000,70128,226842,13,3,0,Normal
Loan2998697,Client175716,Rusizi,2023-08-09,3500000,233670,238836,13,3,0,Normal
Loan2998786,Client137979,Rusizi,2023-08-09,2685000,143258,176555,13,2,0,Normal
Loan2999031,Client89295,Rubavu,2023-08-10,1770000,666177,135823,13,3,0,Normal
Loan2999044,Client146819,Rubavu,2023-08-10,1590000,69018,96413,13,2,0,Normal
Loan2999096,Client112884,Nyanza,2023-08-10,2600000,1070890,287270,13,2,0,Normal
Loan2999109,Client2189,Ngororero,2023-08-10,1200000,767914,81346,14,2,0,Normal
Loan2999156,Client19081,Gasabo,2023-08-10,900000,152036,1023053,14,3,0,Normal
Loan2999167,Client145575,Rutsiro,2023-08-10,1600000,243540,101638,13,2,0,Normal
Loan2999184,Client117676,Nyanza,2023-08-10,1680000,59331,121998,13,3,0,Normal
Loan2999191,Client66576,Rutsiro,2023-08-10,3450000,666240,241780,13,2,0,Normal
Loan2999213,Client145991,Rutsiro,2023-08-10,1600000,133519,101638,13,3,0,Normal
Loan2999225,Client7795,Rutsiro,2023-08-10,3500000,1176524,288183,13,2,0,Normal
Loan2999236,Client23503,Nyamagabe,2023-08-10,3140000,560634,57507,14,2,0,Normal
Loan2999238,Client108573,Rubavu,2023-08-10,1640000,91825,126067,13,3,0,Normal
Loan2999245,Client14662,Rutsiro,2023-08-10,2050000,978760,131949,13,2,0,Normal
Loan2999266,Client104248,Rutsiro,2023-08-10,3500000,157213,271786,13,3,0,Normal
Loan2999279,Client174874,Nyanza,2023-08-10,3060000,119842,236336,13,2,0,Normal
Loan2999291,Client172376,Ngororero,2023-08-10,1570000,286099,103063,13,2,0,Normal
Loan2999363,Client119127,Nyagatare,2023-08-10,1590000,275359,98962,13,3,0,Normal
Loan2999414,Client42849,Nyagatare,2023-08-10,3500000,1603185,284334,13,2,0,Normal
Loan2999452,Client170334,Nyagatare,2023-08-10,2800000,367567,204009,13,3,0,Normal
Loan2999455,Client188791,Gasabo,2023-08-10,1500000,70596,113100,14,3,0,Normal
Loan2999464,Client157292,Nyagatare,2023-08-10,1590000,169226,98962,13,3,0,Normal
Loan2999526,Client173946,Nyanza,2023-08-10,1470000,58869,106438,13,3,0,Normal
Loan2999534,Client48104,Nyagatare,2023-08-10,3500000,1233641,372255,13,2,0,Normal
Loan2999535,Client120501,Rutsiro,2023-08-10,2250000,1040087,187647,13,2,0,Normal
Loan2999541,Client73079,Nyagatare,2023-08-10,3500000,1694159,226317,13,3,0,Normal
Loan2999567,Client19958,Nyamagabe,2023-08-10,1600000,444879,194206,13,2,0,Normal
Loan2999618,Client148845,Rubavu,2023-08-10,1590000,243108,122544,13,3,0,Normal
Loan2999619,Client87581,Rusizi,2023-08-10,1655000,131875,378400,13,3,0,Normal
Loan2999634,Client89461,Rusizi,2023-08-10,1100000,175092,133285,13,2,0,Normal
Loan2999658,Client30115,Nyarugenge,2023-08-10,2220000,247121,143217,13,3,0,Normal
Loan2999667,Client149971,Rusizi,2023-08-10,1590000,319714,101120,13,3,0,Normal
Loan2999673,Client7595,Rusizi,2023-08-10,3400000,1783303,223101,13,3,0,Normal
Loan2999680,Client190664,Rusizi,2023-08-10,1590000,17494,109763,13,2,0,Normal
Loan2999684,Client159614,Rusizi,2023-08-10,1470000,142677,114396,13,2,0,Normal
Loan2999690,Client21255,Rusizi,2023-08-10,1900000,126434,147862,13,2,0,Normal
Loan2999710,Client79015,Rusizi,2023-08-10,2525000,1276978,163608,13,2,0,Normal
Loan2999718,Client190757,Rusizi,2023-08-10,2000000,210297,196329,14,3,0,Normal
Loan2999723,Client173959,Rusizi,2023-08-10,2445000,310551,161509,13,3,0,Normal
Loan2999726,Client122875,Rusizi,2023-08-10,3500000,1530531,155539,14,3,0,Normal
Loan3001832,Client163787,Kicukiro,2023-08-18,3960000,98446,198490,14,1,0,Normal
Loan3001835,Client67254,Nyamagabe,2023-08-18,2780000,270429,251337,13,2,0,Normal
Loan3001914,Client8737,Nyagatare,2023-08-19,2150000,331853,164688,13,2,0,Normal
Loan3001949,Client20550,Nyagatare,2023-08-19,3500000,346759,169740,13,3,0,Normal
Loan3001955,Client191034,Nyagatare,2023-08-19,1200000,73915,249380,14,3,0,Normal
Loan3002038,Client157831,Ngororero,2023-08-21,1500000,77055,102545,13,2,0,Normal
Loan3002142,Client118989,Rusizi,2023-08-21,3450000,400742,226714,13,2,0,Normal
Loan3002173,Client42841,Rutsiro,2023-08-21,1850000,835241,143907,13,3,0,Normal
Loan3002175,Client155612,Nyagatare,2023-08-21,1590000,151920,113513,13,1,0,Normal
Loan3002183,Client78633,Nyagatare,2023-08-21,3500000,1679989,253836,13,3,0,Normal
Loan3002192,Client23171,Rusizi,2023-08-21,3500000,126950,236207,13,2,0,Normal
Loan3002239,Client18074,Rusizi,2023-08-21,2540000,338844,199694,13,3,0,Normal
Loan3002260,Client91027,Nyamagabe,2023-08-21,2900000,1304100,172870,14,2,0,Normal
Loan3002292,Client121038,Nyamagabe,2023-08-21,1550000,477100,99997,13,2,0,Normal
Loan3002297,Client169961,Nyagatare,2023-08-21,950000,160851,114832,13,3,0,Normal
Loan3002327,Client137857,Nyamagabe,2023-08-21,2400000,225043,237985,13,2,0,Normal
Loan3002349,Client172430,Ngororero,2023-08-21,1500000,270130,114424,13,2,0,Normal
Loan3002363,Client63260,Ngororero,2023-08-21,2700000,235616,195541,13,3,0,Normal
Loan3002375,Client59855,Ngororero,2023-08-21,3350000,838246,229251,13,2,0,Normal
Loan3002381,Client172529,Ngororero,2023-08-21,1500000,93254,113674,13,2,0,Normal
Loan3002424,Client2584,Ngororero,2023-08-21,2600000,141599,187256,13,2,0,Normal
Loan3002448,Client10669,Ngororero,2023-08-21,1950000,251534,130747,13,2,0,Normal
Loan3002454,Client118352,Rusizi,2023-08-21,3125000,295833,204202,13,2,0,Normal
Loan3002459,Client52718,Gasabo,2023-08-21,2420000,99653,271335,14,3,0,Normal
Loan3002495,Client110723,Rusizi,2023-08-21,3500000,1470385,321078,13,2,0,Normal
Loan3002526,Client124713,Rubavu,2023-08-22,1515000,110821,117645,13,3,0,Normal
Loan3002548,Client163317,Rubavu,2023-08-22,1590000,263898,159226,13,2,0,Normal
Loan3002575,Client158687,Gasabo,2023-08-22,2390000,827242,363400,14,2,1,Written off
Loan3002576,Client22812,Rubavu,2023-08-22,2760000,1151478,57264,14,2,0,Normal
Loan3002616,Client144168,Rutsiro,2023-08-22,1200000,313957,230740,13,3,0,Normal
Loan3002618,Client65877,Rutsiro,2023-08-22,2260000,575904,168917,13,2,0,Normal
Loan3002650,Client105144,Nyamagabe,2023-08-22,3200000,1361220,321220,13,2,0,Normal
Loan3002656,Client125936,Rubavu,2023-08-22,1580000,44808,108454,13,3,0,Normal
Loan3002680,Client53237,Nyamagabe,2023-08-22,1660000,204669,131385,13,2,0,Normal
Loan3002684,Client91111,Rubavu,2023-08-22,1500000,671271,112993,13,2,0,Normal
Loan3002694,Client141978,Ngororero,2023-08-22,3380000,279982,263631,13,3,0,Normal
Loan3002764,Client46421,Rusizi,2023-08-22,3500000,203521,104869,13,2,0,Normal
Loan3002770,Client131646,Nyagatare,2023-08-22,3500000,250491,237632,13,3,0,Normal
Loan3002809,Client157893,Nyagatare,2023-08-22,1520000,178273,94212,13,3,0,Normal
Loan3002813,Client165492,Nyanza,2023-08-22,1590000,65172,107288,13,2,0,Normal
Loan3002821,Client10052,Kicukiro,2023-08-22,1770000,134518,110250,14,2,0,Normal
Loan3002835,Client64096,Rusizi,2023-08-22,1860000,290539,143933,13,2,0,Normal
Loan3002878,Client42684,Rutsiro,2023-08-22,700000,243454,164417,13,3,0,Normal
Loan3002884,Client56155,Rutsiro,2023-08-22,1760000,157444,135605,13,2,0,Normal
Loan3002926,Client110923,Gasabo,2023-08-22,2650000,228066,126181,14,2,0,Normal
Loan3002929,Client140347,Rubavu,2023-08-22,1520000,34744,96413,13,2,0,Normal
Loan3002968,Client79301,Nyarugenge,2023-08-22,1750000,706495,113648,13,2,0,Normal
Loan3002971,Client2182,Rubavu,2023-08-22,1840000,77272,122919,13,3,0,Normal
Loan3003110,Client11542,Rusizi,2023-08-22,2180000,69429,136135,13,2,0,Normal
Loan3003113,Client26169,Rusizi,2023-08-22,1835000,867613,130660,13,2,0,Normal
Loan3003115,Client188307,Rusizi,2023-08-22,1735000,135546,141157,14,2,0,Normal
Loan3003116,Client25128,Rusizi,2023-08-22,1860000,127675,142508,13,3,0,Normal
Loan3003164,Client25965,Gasabo,2023-08-23,3500000,1572202,130838,14,3,0,Normal
Loan3003165,Client126693,Ngororero,2023-08-23,1380000,224308,300927,13,3,0,Normal
Loan3003183,Client176527,Rubavu,2023-08-23,1600000,50515,115424,13,3,0,Normal
Loan3003233,Client16984,Nyarugenge,2023-08-23,1750000,122551,128610,13,3,0,Normal
Loan3003245,Client134006,Ngororero,2023-08-23,2380000,111171,187271,13,2,0,Normal
Loan3003302,Client2249,Rubavu,2023-08-23,2140000,608202,138107,13,3,0,Normal
Loan3003386,Client17400,Nyamagabe,2023-08-23,1860000,405779,149287,13,2,0,Normal
Loan3003389,Client2100,Rubavu,2023-08-23,2820000,165690,214571,13,3,0,Normal
Loan3003428,Client178244,Nyagatare,2023-08-23,1770000,106294,192344,13,3,0,Normal
Loan3004410,Client119442,Rubavu,2023-08-24,3500000,494263,281303,13,3,0,Normal
Loan3004528,Client40782,Rubavu,2023-08-24,1000000,167278,190161,13,2,0,Normal
Loan3004594,Client40976,Ngororero,2023-08-24,3000000,591449,223864,13,3,0,Normal
Loan3004748,Client140557,Rubavu,2023-08-24,2830000,82092,146735,13,3,0,Normal
Loan3004772,Client91183,Rubavu,2023-08-24,1760000,172327,136084,13,2,0,Normal
Loan3004851,Client167004,Rusizi,2023-08-24,2830000,792217,281500,14,2,1,Written off
Loan3004868,Client58255,Rubavu,2023-08-24,3220000,363907,242105,13,3,0,Normal
Loan3005481,Client166060,Rubavu,2023-08-25,1590000,49899,107359,13,2,0,Normal
Loan3005513,Client120895,Kicukiro,2023-08-25,1300000,295214,159364,13,2,0,Normal
Loan3005529,Client100801,Gasabo,2023-08-25,3500000,1699709,254712,13,2,0,Normal
Loan3005552,Client142321,Gasabo,2023-08-25,1680000,146617,113722,13,3,0,Normal
Loan3005571,Client99385,Nyamagabe,2023-08-25,1650000,250269,111910,13,3,0,Normal
Loan3005699,Client64311,Rutsiro,2023-08-25,1850000,110286,142699,13,2,0,Normal
Loan3005723,Client176924,Gasabo,2023-08-25,1600000,269507,116525,13,3,0,Normal
Loan3005725,Client13824,Rutsiro,2023-08-25,3500000,413831,293904,13,2,0,Normal
Loan3005783,Client49751,Rutsiro,2023-08-25,3050000,514458,200947,13,2,0,Normal
Loan3005792,Client63965,Rutsiro,2023-08-25,3400000,190094,258145,13,2,0,Normal
Loan3005865,Client143460,Kicukiro,2023-08-25,1200000,87022,82113,13,2,0,Normal
Loan3005889,Client66683,Rutsiro,2023-08-25,2050000,605634,143379,13,3,0,Normal
Loan3006003,Client147521,Rubavu,2023-08-25,1590000,324917,107834,13,2,0,Normal
Loan3006035,Client80200,Nyanza,2023-08-25,1610000,497932,101983,13,2,0,Normal
Loan3006043,Client190680,Rubavu,2023-08-25,1500000,100341,167495,14,3,0,Normal
Loan3006072,Client157465,Gasabo,2023-08-25,1590000,249290,101395,13,3,0,Normal
Loan3006075,Client189690,Kicukiro,2023-08-25,1580000,282533,235425,14,3,0,Normal
Loan3006117,Client157930,Gasabo,2023-08-25,3090000,682389,203797,13,2,0,Normal
Loan3006141,Client157487,Gasabo,2023-08-25,1590000,289182,107288,13,2,0,Normal
Loan3006143,Client165830,Rutsiro,2023-08-25,3100000,575931,230740,13,3,0,Normal
Loan3006147,Client144244,Rutsiro,2023-08-25,1580000,316191,103063,13,3,0,Normal
Loan3006178,Client55436,Gasabo,2023-08-25,1770000,713257,117847,13,2,0,Normal
Loan3007216,Client44804,Gasabo,2023-08-28,3500000,473063,302827,13,2,0,Normal
Loan3007252,Client166146,Rutsiro,2023-08-28,1580000,252922,113648,13,3,0,Normal
Loan3007299,Client110692,Nyamagabe,2023-08-28,1600000,158362,103024,13,2,0,Normal
Loan3007331,Client151090,Nyamagabe,2023-08-28,2420000,100528,177763,13,3,0,Normal
Loan3007451,Client85710,Nyamagabe,2023-08-28,3500000,229820,175605,13,2,0,Normal
Loan3007466,Client101006,Nyanza,2023-08-28,3450000,645344,266631,13,3,0,Normal
Loan3007468,Client125450,Ngororero,2023-08-28,1560000,245524,100046,13,2,0,Normal
Loan3007491,Client132003,Gasabo,2023-08-28,2840000,720395,186512,13,2,0,Normal
Loan3007501,Client137612,Kicukiro,2023-08-28,1570000,320765,266599,13,3,0,Normal
Loan3007531,Client37049,Gasabo,2023-08-28,2260000,167920,174213,13,3,0,Normal
Loan3007675,Client38408,Nyamagabe,2023-08-28,1350000,823765,139658,13,2,0,Normal
Loan3007712,Client158822,Gasabo,2023-08-28,1500000,423035,145978,14,2,0,Normal
Loan3007743,Client98757,Gasabo,2023-08-28,2000000,144818,273900,14,2,0,Normal
Loan3007755,Client154160,Nyanza,2023-08-28,1590000,368052,100041,13,2,0,Normal
Loan3007861,Client132423,Gasabo,2023-08-28,1500000,354158,111071,13,2,0,Normal
Loan3007872,Client83607,HQ,2023-08-28,1100000,260743,306152,13,2,0,Normal
Loan3007909,Client87633,Rusizi,2023-08-28,3275000,292813,305715,13,3,0,Normal
Loan3007995,Client151183,Rusizi,2023-08-28,1450000,56853,114314,13,2,0,Normal
Loan3008336,Client164455,Nyamagabe,2023-08-29,2430000,48027,182359,13,3,0,Normal
Loan3008376,Client155901,Gasabo,2023-08-29,1200000,82579,116257,13,3,0,Normal
Loan3008408,Client124850,Gasabo,2023-08-29,2150000,767467,158760,13,2,0,Normal
Loan3008444,Client48105,Gasabo,2023-08-29,2900000,124206,198600,14,2,0,Normal
Loan3008505,Client174735,Nyamagabe,2023-08-29,1600000,582873,103063,13,3,0,Normal
Loan3008512,Client130714,Nyanza,2023-08-29,1590000,36737,100041,13,3,0,Normal
Loan3008515,Client98821,Ngororero,2023-08-29,1760000,435091,130000,14,3,0,Normal
Loan3008550,Client45835,Rusizi,2023-08-29,1790000,150419,139183,13,3,0,Normal
Loan3008552,Client38247,Nyanza,2023-08-29,3500000,1241174,361861,13,3,0,Normal
Loan3008569,Client174005,Gasabo,2023-08-29,1590000,232739,107288,13,3,0,Normal
Loan3008572,Client151765,Nyanza,2023-08-29,3380000,229002,240465,13,3,0,Normal
Loan3008576,Client165123,Rutsiro,2023-08-29,1450000,48925,103063,13,2,0,Normal
Loan3008577,Client131639,Rusizi,2023-08-29,2665000,513687,179841,13,2,0,Normal
Loan3008587,Client48313,Nyamagabe,2023-08-29,1550000,503863,122392,13,2,0,Normal
Loan3008611,Client57464,Nyagatare,2023-08-29,3500000,1074256,371216,14,2,0,Normal
Loan3008615,Client176134,Nyanza,2023-08-29,1590000,266398,106288,13,3,0,Normal
Loan3008619,Client87849,Nyanza,2023-08-29,1200000,176668,111947,13,3,0,Normal
Loan3008625,Client149825,Nyanza,2023-08-29,1500000,214464,114832,13,3,0,Normal
Loan3008640,Client137590,Nyanza,2023-08-29,2950000,727981,219390,13,3,0,Normal
Loan3008647,Client121716,Rusizi,2023-08-29,1574000,227279,197541,13,2,0,Normal
Loan3008686,Client18238,Rusizi,2023-08-29,1865000,908662,119251,13,3,0,Normal
Loan3008706,Client25646,Nyagatare,2023-08-29,1860000,767664,147279,13,2,0,Normal
Loan3008713,Client68263,Nyagatare,2023-08-29,3500000,447510,290969,13,3,0,Normal
Loan3008726,Client100698,Nyamagabe,2023-08-29,1660000,63936,128522,13,3,0,Normal
Loan3008737,Client124175,Gasabo,2023-08-29,2500000,748064,251958,13,2,0,Normal
Loan3008740,Client13511,Nyagatare,2023-08-29,3500000,1586738,240741,13,2,0,Normal
Loan3008745,Client14262,Nyagatare,2023-08-29,1990000,157715,152825,13,3,0,Normal
Loan3008760,Client45836,Rusizi,2023-08-29,1860000,155974,142508,13,2,0,Normal
Loan3008776,Client150162,Nyanza,2023-08-29,1590000,56401,100041,13,3,0,Normal
Loan3008808,Client47070,Nyamagabe,2023-08-29,3270000,1606528,248654,14,3,0,Normal
Loan3008854,Client19587,Rusizi,2023-08-29,3500000,1932102,298409,13,3,0,Normal
Loan3008917,Client21184,Rusizi,2023-08-29,3500000,1189845,355283,13,3,0,Normal
Loan3008933,Client158049,Nyagatare,2023-08-29,1590000,145481,98962,13,2,0,Normal
Loan3008964,Client113051,Nyagatare,2023-08-29,2770000,248522,187794,13,2,0,Normal
Loan3008966,Client154804,Rusizi,2023-08-29,1595000,250247,101638,13,2,0,Normal
Loan3009004,Client170813,Nyagatare,2023-08-29,1450000,49155,93152,13,3,0,Normal
Loan3009037,Client23700,Rusizi,2023-08-29,1745000,94427,109376,13,2,0,Normal
Loan3009251,Client164630,Nyamagabe,2023-08-30,3000000,681758,168785,13,3,0,Normal
Loan3009287,Client40556,Ngororero,2023-08-30,1760000,124090,137899,13,2,0,Normal
Loan3009320,Client21212,Rutsiro,2023-08-30,3300000,238977,236395,13,3,0,Normal
Loan3009364,Client5065,Rutsiro,2023-08-30,2250000,203800,172788,13,2,0,Normal
Loan3009389,Client165892,Gasabo,2023-08-30,2300000,81696,196652,14,3,0,Normal
Loan3009416,Client77738,Rutsiro,2023-08-30,3500000,739974,272261,13,3,0,Normal
Loan3009423,Client77786,Rutsiro,2023-08-30,3300000,1407779,216395,13,3,0,Normal
Loan3009447,Client66818,Ngororero,2023-08-30,1570000,729632,111571,13,2,0,Normal
Loan3009492,Client161181,Nyamagabe,2023-08-30,1570000,207934,106000,13,2,0,Normal
Loan3009497,Client24234,Gasabo,2023-08-30,1860000,222675,144233,13,2,0,Normal
Loan3009498,Client88001,Rubavu,2023-08-30,3500000,214397,261412,13,2,0,Normal
Loan3009560,Client116922,Nyanza,2023-08-30,2000000,685789,228485,13,3,0,Normal
Loan3009567,Client74501,Nyanza,2023-08-30,3500000,333986,301440,13,2,0,Normal
Loan3009597,Client6632,Nyamagabe,2023-08-30,2320000,635897,181770,13,3,0,Normal
Loan3009660,Client67002,Gasabo,2023-08-30,1500000,114082,137560,13,2,0,Normal
Loan3009708,Client191050,Gasabo,2023-08-30,1450000,16411,139712,14,2,0,Normal
Loan3009739,Client175021,Nyamagabe,2023-08-30,2970000,564896,178663,13,2,0,Normal
Loan3009760,Client16939,Ngororero,2023-08-30,1900000,513760,147903,13,3,0,Normal
Loan3009763,Client157402,Gasabo,2023-08-30,1500000,98672,101395,13,3,0,Normal
Loan3009805,Client16851,Ngororero,2023-08-30,1500000,429332,162996,13,2,0,Normal
Loan3009807,Client161996,Gasabo,2023-08-30,1000000,30106,111188,13,3,0,Normal
Loan3009818,Client47318,Ngororero,2023-08-30,1730000,143775,130385,13,3,0,Normal
Loan3009819,Client173083,Nyamagabe,2023-08-30,2440000,472042,160276,13,2,0,Normal
Loan3009857,Client158304,Ngororero,2023-08-30,1500000,173124,101120,13,3,0,Normal
Loan3009881,Client162921,Kicukiro,2023-08-30,1650000,379258,94000,14,2,0,Normal
Loan3009892,Client76292,Ngororero,2023-08-30,1730000,149850,135135,13,3,0,Normal
Loan3009895,Client68620,Nyagatare,2023-08-30,2750000,482668,209251,13,2,0,Normal
Loan3009903,Client50465,Gasabo,2023-08-30,1860000,394878,119766,13,3,0,Normal
Loan3009920,Client191025,Gasabo,2023-08-30,1940000,35621,123579,14,3,0,Normal
Loan3009921,Client14995,Kicukiro,2023-08-30,2730000,132245,202733,14,2,0,Normal
Loan3010041,Client175685,Kicukiro,2023-08-30,2000000,68175,249380,13,3,0,Normal
Loan3010187,Client110087,Gasabo,2023-08-31,3500000,7670930,829018,14,3,0,Normal
Loan3010188,Client61523,Rubavu,2023-08-31,1760000,434217,136739,13,3,0,Normal
Loan3010190,Client100179,Nyanza,2023-08-31,2500000,377021,249245,13,3,0,Normal
Loan3010203,Client155916,Gasabo,2023-08-31,1590000,159362,101543,13,3,0,Normal
Loan3010226,Client142834,Rutsiro,2023-08-31,1580000,320964,101638,13,3,0,Normal
Loan3010259,Client139238,Nyanza,2023-08-31,1590000,247060,142511,13,3,0,Normal
Loan3010262,Client162604,Gasabo,2023-08-31,1580000,301096,116257,13,2,0,Normal
Loan3010266,Client58308,Rusizi,2023-08-31,3200000,505925,229132,13,3,0,Normal
Loan3010285,Client59890,Rubavu,2023-08-31,1570000,150406,130112,13,3,0,Normal
Loan3010362,Client170477,Nyagatare,2023-08-31,3200000,527070,228631,13,3,0,Normal
Loan3010364,Client22362,Nyanza,2023-08-31,1670000,726923,106247,13,2,0,Normal
Loan3010373,Client119932,Rutsiro,2023-08-31,1650000,51916,113519,13,3,0,Normal
Loan3010387,Client103699,Kicukiro,2023-08-31,2180000,378762,139896,13,3,0,Normal
Loan3010401,Client54524,Nyanza,2023-08-31,1850000,85908,142511,13,3,0,Normal
Loan3010441,Client100085,Nyanza,2023-08-31,3000000,172795,256845,13,3,0,Normal
Loan3010449,Client126993,Nyanza,2023-08-31,1500000,284261,92441,13,3,0,Normal
Loan3010468,Client59109,Nyanza,2023-08-31,1760000,171859,136135,13,3,0,Normal
Loan3010473,Client24864,Rubavu,2023-08-31,1870000,199358,143903,13,3,0,Normal
Loan3010479,Client171347,Nyagatare,2023-08-31,1350000,101455,97061,13,3,0,Normal
Loan3010483,Client5296,Rusizi,2023-08-31,2385000,661600,180640,13,2,0,Normal
Loan3010501,Client168432,Rutsiro,2023-08-31,1600000,239666,142983,13,2,0,Normal
Loan3010514,Client116990,Kicukiro,2023-08-31,3310000,171734,307108,13,3,0,Normal
Loan3010515,Client69439,Nyagatare,2023-08-31,3500000,193969,288171,13,2,0,Normal
Loan3010529,Client166739,Rutsiro,2023-08-31,1000000,58575,110082,13,2,0,Normal
Loan3010535,Client169762,Nyagatare,2023-08-31,1450000,42327,105588,13,3,0,Normal
Loan3010538,Client71689,Kicukiro,2023-08-31,2740000,279737,222655,14,3,0,Normal
Loan3010540,Client76044,Rubavu,2023-08-31,3500000,1264079,241846,13,2,0,Normal
Loan3010550,Client157186,Nyagatare,2023-08-31,1000000,311609,98962,13,3,0,Normal
Loan3010590,Client49980,Nyagatare,2023-08-31,2500000,125786,195535,13,2,0,Normal
Loan3010606,Client157133,Nyagatare,2023-08-31,1590000,248798,114832,13,2,0,Normal
Loan3010630,Client13083,Nyanza,2023-08-31,1500000,244851,121456,13,3,0,Normal
Loan3010639,Client65670,Rutsiro,2023-08-31,1650000,84718,106048,13,2,0,Normal
Loan3010649,Client172019,Nyagatare,2023-08-31,1460000,111694,106913,13,3,0,Normal
Loan3010678,Client111276,Nyagatare,2023-08-31,1650000,169380,105248,13,3,0,Normal
Loan3010683,Client1271,Nyagatare,2023-08-31,1930000,56232,148812,13,3,0,Normal
Loan3010703,Client78588,Nyagatare,2023-08-31,3500000,574088,242381,13,2,0,Normal
Loan3010709,Client109963,Ngororero,2023-08-31,1570000,134431,123231,13,3,0,Normal
Loan3010736,Client157721,Ngororero,2023-08-31,1480000,160138,113832,13,3,0,Normal
Loan3010760,Client166554,Rusizi,2023-08-31,1590000,256825,96895,13,2,0,Normal
Loan3010806,Client158084,Nyagatare,2023-08-31,1590000,34287,98962,13,2,0,Normal
Loan3010833,Client66552,Rutsiro,2023-08-31,1580000,518604,110798,13,3,0,Normal
Loan3010834,Client78998,Rusizi,2023-08-31,3500000,489505,281590,13,2,0,Normal
Loan3010854,Client122886,Rusizi,2023-08-31,1590000,354993,101120,13,3,0,Normal
Loan3010877,Client67873,Rusizi,2023-08-31,3500000,324973,323334,13,3,0,Normal
Loan3011902,Client165186,Kicukiro,2023-09-01,800000,50448,110082,13,3,0,Normal
Loan3011928,Client155848,Gasabo,2023-09-01,1590000,316009,101543,13,2,0,Normal
Loan3011940,Client121659,Rubavu,2023-09-01,3500000,1200489,231215,13,2,0,Normal
Loan3011959,Client123076,Rubavu,2023-09-01,1600000,347369,101543,13,2,0,Normal
Loan3011967,Client134048,Ngororero,2023-09-01,1480000,349599,95059,13,2,0,Normal
Loan3012092,Client80702,Rusizi,2023-09-01,3500000,258917,273666,13,3,0,Normal
Loan3012134,Client173980,Rusizi,2023-09-01,1590000,285097,116257,13,3,0,Normal
Loan3012173,Client191174,Kicukiro,2023-09-01,1552500,59181,228865,14,3,0,Normal
Loan3012179,Client56961,Gasabo,2023-09-01,3500000,1122589,232545,13,3,0,Normal
Loan3012255,Client49818,Nyamagabe,2023-09-01,3500000,204753,266071,13,3,0,Normal
Loan3012257,Client40226,Ngororero,2023-09-01,2430000,296257,166106,13,2,0,Normal
Loan3012303,Client157905,Ngororero,2023-09-01,1300000,50475,97795,13,3,0,Normal
Loan3012323,Client88498,Gasabo,2023-09-01,3500000,589875,270011,14,2,0,Normal
Loan3012330,Client46469,Rubavu,2023-09-01,1850000,824357,126057,13,2,0,Normal
Loan3012348,Client30253,Kicukiro,2023-09-01,2320000,237751,163472,13,3,0,Normal
Loan3012365,Client91164,Rubavu,2023-09-01,3500000,1743533,234698,13,3,0,Normal
Loan3012376,Client58320,Rusizi,2023-09-01,3325000,1020326,227664,13,2,0,Normal
Loan3012428,Client56576,Ngororero,2023-09-01,3500000,159051,320296,13,3,0,Normal
Loan3012502,Client168112,Rusizi,2023-09-01,1475000,234811,121996,13,2,0,Normal
Loan3012616,Client47256,Ngororero,2023-09-01,1730000,741122,111571,13,2,0,Normal
Loan3012741,Client87271,Nyarugenge,2023-09-01,3500000,334901,135660,14,3,0,Normal
Loan3012745,Client25686,Nyagatare,2023-09-01,2690000,186378,209719,13,2,0,Normal
Loan3012746,Client129533,Ngororero,2023-09-01,1550000,115354,101234,13,2,0,Normal
Loan3012907,Client63080,Nyamagabe,2023-09-01,3500000,980863,256571,13,3,0,Normal
Loan3012916,Client174350,Rubavu,2023-09-01,1820000,92217,143642,14,1,0,Normal
Loan3012970,Client175297,Gasabo,2023-09-01,3500000,731377,281393,14,3,0,Normal
Loan3012993,Client167047,Rusizi,2023-09-01,3380000,626320,114976,13,3,0,Normal
Loan3013037,Client101542,Gasabo,2023-09-01,1680000,185327,130406,13,2,0,Normal
Loan3013063,Client132442,Nyarugenge,2023-09-01,1560000,368558,103063,13,3,0,Normal
Loan3014336,Client78619,Nyagatare,2023-09-02,3500000,709420,572064,13,2,0,Normal
Loan3014439,Client121173,Nyagatare,2023-09-02,1650000,119915,122389,13,3,0,Normal
Loan3014445,Client79859,Nyagatare,2023-09-02,1700000,605035,107880,13,2,0,Normal
Loan3014461,Client101735,Nyagatare,2023-09-02,1600000,452275,265425,13,2,0,Normal
Loan3014476,Client144998,Nyagatare,2023-09-02,1480000,58213,98962,13,2,0,Normal
Loan3015382,Client89520,Gasabo,2023-09-04,3500000,764027,307577,13,2,0,Normal
Loan3015494,Client37185,Gasabo,2023-09-04,2100000,803772,162904,13,3,0,Normal
Loan3015519,Client2036,Rutsiro,2023-09-04,2000000,194888,155809,13,2,0,Normal
Loan3015536,Client67504,Kicukiro,2023-09-04,1740000,664018,136135,13,3,0,Normal
Loan3015541,Client117396,Kicukiro,2023-09-04,3500000,832729,231464,13,3,0,Normal
Loan3015566,Client37075,Gasabo,2023-09-04,2040000,513300,131949,13,3,0,Normal
Loan3015582,Client167830,Rusizi,2023-09-04,1595000,61575,116430,13,3,0,Normal
Loan3015622,Client66709,Rutsiro,2023-09-04,1750000,141497,136135,13,2,0,Normal
Loan3015654,Client12895,Rusizi,2023-09-04,3500000,754022,313244,13,3,0,Normal
Loan3015657,Client188730,Kicukiro,2023-09-04,1390000,209359,103703,14,2,0,Normal
Loan3015682,Client11967,Rubavu,2023-09-04,3500000,1273202,227840,13,3,0,Normal
Loan3015698,Client165728,Nyanza,2023-09-04,1590000,91048,107288,13,3,0,Normal
Loan3015701,Client144131,Kicukiro,2023-09-04,2930000,666350,240880,13,3,0,Normal
Loan3015719,Client100723,Kicukiro,2023-09-04,3360000,1190802,221861,13,2,0,Normal
Loan3015740,Client191251,Gasabo,2023-09-04,1450000,43432,112544,14,3,0,Normal
Loan3015792,Client75681,Rubavu,2023-09-04,1610000,321120,124167,13,2,0,Normal
Loan3015810,Client149099,Nyamagabe,2023-09-04,1300000,131443,102113,13,2,0,Normal
Loan3015849,Client109563,Nyamagabe,2023-09-04,3330000,235152,281126,13,3,0,Normal
Loan3015908,Client128264,Nyamagabe,2023-09-04,1550000,272085,121996,13,2,0,Normal
Loan3015919,Client118791,Nyanza,2023-09-04,2600000,118915,194380,13,2,0,Normal
Loan3015943,Client191221,Nyarugenge,2023-09-04,1570000,100024,115424,13,2,0,Normal
Loan3015976,Client145827,Rutsiro,2023-09-04,450000,316976,103063,13,3,0,Normal
Loan3015994,Client155327,Nyagatare,2023-09-04,2970000,412514,168100,14,3,0,Normal
Loan3016000,Client191117,Gasabo,2023-09-04,1180000,138382,211664,14,2,0,Normal
Loan3016026,Client43009,Rubavu,2023-09-04,1800000,806377,156143,13,2,0,Normal
Loan3016081,Client119676,Nyagatare,2023-09-04,2100000,114156,220632,13,3,0,Normal
Loan3016086,Client154486,Nyarugenge,2023-09-04,1570000,151415,115424,13,2,0,Normal
Loan3016099,Client119435,Rubavu,2023-09-04,3500000,945189,230645,13,3,0,Normal
Loan3016195,Client166434,Nyanza,2023-09-04,1470000,63989,106913,13,3,0,Normal
Loan3016196,Client128067,Nyamagabe,2023-09-04,3500000,232307,229100,13,2,0,Normal
Loan3016226,Client156175,Gasabo,2023-09-04,1590000,94662,115938,13,2,0,Normal
Loan3016273,Client100719,Nyamagabe,2023-09-04,2960000,702723,248315,13,3,0,Normal
Loan3016290,Client97537,HQ,2023-09-04,3500000,416034,359905,14,2,0,Normal
Loan3016293,Client138323,Nyamagabe,2023-09-04,3060000,433254,240203,13,3,0,Normal
Loan3016356,Client82323,Rusizi,2023-09-04,1770000,635772,113164,13,2,0,Normal
Loan3016621,Client61422,Rutsiro,2023-09-05,3500000,995918,261601,13,2,0,Normal
Loan3016654,Client51050,Nyagatare,2023-09-05,1770000,267383,135635,13,3,0,Normal
Loan3016661,Client64288,Rutsiro,2023-09-05,3030000,276616,211747,13,3,0,Normal
Loan3016667,Client48161,Nyagatare,2023-09-05,1700000,675062,132755,13,3,0,Normal
Loan3016750,Client142048,Ngororero,2023-09-05,800000,82737,101120,13,2,0,Normal
Loan3016789,Client24503,Ngororero,2023-09-05,3450000,212208,268381,13,2,0,Normal
Loan3016818,Client171276,Nyagatare,2023-09-05,1500000,260706,107288,13,3,0,Normal
Loan3016838,Client33650,Gasabo,2023-09-05,1500000,332901,144124,13,3,0,Normal
Loan3016850,Client78074,Nyagatare,2023-09-05,1600000,141909,122367,13,2,0,Normal
Loan3016875,Client1871,Rutsiro,2023-09-05,2000000,142913,153910,13,3,0,Normal
Loan3016883,Client109246,Nyagatare,2023-09-05,2900000,96178,284100,14,2,0,Normal
Loan3016942,Client55988,Nyamagabe,2023-09-05,1700000,116446,134235,13,3,0,Normal
Loan3017001,Client176249,Nyagatare,2023-09-05,2750000,91541,197794,13,2,0,Normal
Loan3017021,Client128126,Nyamagabe,2023-09-05,1500000,63750,117639,13,3,0,Normal
Loan3017052,Client25939,Rubavu,2023-09-05,1870000,317624,116236,13,2,0,Normal
Loan3017099,Client6108,Nyagatare,2023-09-05,3500000,721554,259646,14,2,0,Normal
Loan3017174,Client19942,Nyarugenge,2023-09-05,2000000,550515,257940,13,2,0,Normal
Loan3017230,Client19146,Gasabo,2023-09-05,1570000,59863,224745,14,2,0,Normal
Loan3017235,Client20665,Ngororero,2023-09-05,1490000,296496,126405,13,3,0,Normal
Loan3017252,Client47357,Ngororero,2023-09-05,1730000,240738,111571,13,3,0,Normal
Loan3017267,Client174446,Rutsiro,2023-09-05,1100000,74406,109607,13,3,0,Normal
Loan3017286,Client72445,Rutsiro,2023-09-05,1285000,162471,249265,14,2,0,Normal
Loan3017294,Client158576,Nyarugenge,2023-09-05,1400000,86034,100709,13,2,0,Normal
Loan3017306,Client175514,Rutsiro,2023-09-05,3090000,116120,235015,13,2,0,Normal
Loan3017331,Client22025,Nyarugenge,2023-09-05,1840000,209602,143337,13,2,0,Normal
Loan3017336,Client120752,Kicukiro,2023-09-05,2600000,185895,179880,13,3,0,Normal
Loan3017361,Client29765,Kicukiro,2023-09-05,1700000,1145024,159616,13,3,0,Normal
Loan3017377,Client143315,Rutsiro,2023-09-05,800000,306642,94038,13,4,0,Normal
Loan3017394,Client28139,Nyamagabe,2023-09-05,3300000,117919,172467,13,1,0,Normal
Loan3017401,Client147530,Rubavu,2023-09-05,1000000,61584,101163,13,3,0,Normal
Loan3017408,Client58697,Nyagatare,2023-09-05,1900000,81439,332000,14,2,0,Normal
Loan3017419,Client40636,Nyamagabe,2023-09-05,810000,53441,143302,14,2,0,Normal
Loan3017428,Client142246,Nyarugenge,2023-09-05,1570000,322746,298577,13,3,1,Written off
Loan3017470,Client134197,Nyarugenge,2023-09-05,2770000,57604,209059,14,2,0,Normal
Loan3017474,Client39056,Gasabo,2023-09-05,3500000,641502,785085,14,3,0,Normal
Loan3021705,Client145080,Rutsiro,2023-09-13,1600000,221283,101638,13,3,0,Normal
Loan3021738,Client56255,Rutsiro,2023-09-13,1775000,741352,113648,13,2,0,Normal
Loan3021774,Client67205,Gasabo,2023-09-13,1700000,366510,108898,13,2,0,Normal
Loan3021801,Client64716,Rusizi,2023-09-13,3450000,778489,244630,13,2,0,Normal
Loan3021846,Client33307,Rusizi,2023-09-13,3000000,150486,156080,13,1,0,Normal
Loan3021854,Client70266,Ngororero,2023-09-13,1750000,232503,112764,13,3,0,Normal
Loan3021856,Client51467,Nyarugenge,2023-09-13,1840000,623643,143141,13,2,0,Normal
Loan3021894,Client2489,Ngororero,2023-09-13,1850000,147796,152700,13,3,0,Normal
Loan3021900,Client88954,Rutsiro,2023-09-13,1775000,158169,136298,13,2,0,Normal
Loan3021905,Client105473,Ngororero,2023-09-13,700000,109701,233024,14,2,0,Normal
Loan3021912,Client176482,Kicukiro,2023-09-13,1500000,124603,101113,13,2,0,Normal
Loan3021933,Client129322,Nyarugenge,2023-09-13,2040000,154025,219009,14,2,0,Normal
Loan3021980,Client102146,Ngororero,2023-09-13,2200000,824401,169638,13,3,0,Normal
Loan3021986,Client158071,Nyagatare,2023-09-13,1560000,60155,114832,13,3,0,Normal
Loan3022020,Client149556,Nyanza,2023-09-13,1590000,97241,100041,13,3,0,Normal
Loan3022048,Client129938,Nyagatare,2023-09-13,1500000,16842,122389,13,3,0,Normal
Loan3022052,Client178682,Nyagatare,2023-09-13,1590000,34479,115938,13,3,0,Normal
Loan3022061,Client116754,Rubavu,2023-09-13,2860000,923743,188356,14,2,0,Normal
Loan3022072,Client130988,Gasabo,2023-09-13,1120000,165486,245400,13,3,0,Normal
Loan3022185,Client128007,Nyarugenge,2023-09-13,1600000,70841,142325,14,3,0,Normal
Loan3022222,Client55513,Nyanza,2023-09-13,1760000,218564,111472,13,3,0,Normal
Loan3022428,Client121587,Nyamagabe,2023-09-14,2160000,122266,141574,13,3,0,Normal
Loan3022434,Client32059,Kicukiro,2023-09-14,2090000,146533,425900,14,3,0,Normal
Loan3022489,Client165607,Nyanza,2023-09-14,1380000,71118,100263,13,2,0,Normal
Loan3022499,Client43517,Gasabo,2023-09-14,1450000,98776,101395,13,3,0,Normal
Loan3022554,Client56619,Rusizi,2023-09-14,1455000,52606,110925,14,2,0,Normal
Loan3022562,Client13732,Kicukiro,2023-09-14,1900000,688995,133985,13,3,0,Normal
Loan3022586,Client148280,Nyamagabe,2023-09-14,1550000,316928,100515,13,2,0,Normal
Loan3022667,Client40223,Rubavu,2023-09-14,3500000,519499,252843,14,3,0,Normal
Loan3022668,Client96763,Rusizi,2023-09-14,3500000,50695,227335,13,2,0,Normal
Loan3022706,Client56909,Nyarugenge,2023-09-14,3500000,1962048,232128,13,2,0,Normal
Loan3022718,Client70278,Ngororero,2023-09-14,1460000,287635,99179,13,2,0,Normal
Loan3022761,Client53759,Rubavu,2023-09-14,1455000,697127,92093,13,2,0,Normal
Loan3022826,Client132510,Kicukiro,2023-09-14,3500000,409861,265100,14,2,0,Normal
Loan3022861,Client126005,Nyarugenge,2023-09-14,2570000,101825,228865,14,2,0,Normal
Loan3022887,Client126330,Nyagatare,2023-09-14,1590000,43672,113882,13,3,0,Normal
Loan3023014,Client102072,Kicukiro,2023-09-15,3500000,164401,287258,13,3,0,Normal
Loan3023031,Client13098,Nyamagabe,2023-09-15,2230000,71227,117007,13,1,0,Normal
Loan3023051,Client41044,Rusizi,2023-09-15,3500000,-979254,230989,13,2,0,Normal
Loan3023114,Client159599,Rubavu,2023-09-15,1520000,119364,95513,13,3,0,Normal
Loan3023136,Client82747,Kicukiro,2023-09-15,3040000,103531,231992,13,2,0,Normal
Loan3023149,Client111263,Nyagatare,2023-09-15,3500000,262706,281095,13,2,0,Normal
Loan3023176,Client159895,Rutsiro,2023-09-15,2000000,751310,325900,14,2,0,Normal
Loan3023228,Client165382,Rutsiro,2023-09-15,1560000,157995,105963,13,2,0,Normal
Loan3023280,Client42086,Nyarugenge,2023-09-15,3500000,938185,289603,13,2,0,Normal
Loan3023314,Client46811,Ngororero,2023-09-15,3500000,899081,383705,13,3,0,Normal
Loan3023331,Client82961,Gasabo,2023-09-15,3500000,989594,308917,14,2,0,Normal
Loan3023422,Client5984,Rusizi,2023-09-15,1100000,1582758,194690,13,2,0,Normal
Loan3023464,Client17462,Ngororero,2023-09-15,1800000,744403,229695,13,3,0,Normal
Loan3023743,Client166938,Rutsiro,2023-09-16,1450000,263064,95463,13,2,0,Normal
Loan3023777,Client158279,Ngororero,2023-09-16,1550000,190415,102545,13,2,0,Normal
Loan3023783,Client146824,Rutsiro,2023-09-16,1600000,63469,103063,13,3,0,Normal
Loan3023795,Client133832,Nyagatare,2023-09-16,2660000,218887,171165,13,3,0,Normal
Loan3023816,Client119448,Rutsiro,2023-09-16,3350000,128163,228000,13,3,0,Normal
Loan3023852,Client153941,Rusizi,2023-09-16,1595000,121691,115843,13,3,0,Normal
Loan3023854,Client81685,Kicukiro,2023-09-16,1740000,96491,136135,13,2,0,Normal
Loan3023861,Client124180,Nyagatare,2023-09-16,1520000,232685,94212,13,3,0,Normal
Loan3023888,Client21208,Nyanza,2023-09-16,1830000,846253,117964,13,3,0,Normal
Loan3023904,Client26238,Rusizi,2023-09-16,3160000,346016,165764,13,1,0,Normal
Loan3023934,Client165158,Kicukiro,2023-09-16,1500000,31303,122389,13,2,0,Normal
Loan3023939,Client118698,Kicukiro,2023-09-16,1970000,703008,235412,14,3,1,Written off
Loan3024404,Client104199,Gasabo,2023-09-18,3000000,266213,228957,13,3,0,Normal
Loan3024454,Client104109,Nyagatare,2023-09-18,3500000,709892,287258,13,3,0,Normal
Loan3024493,Client12953,Nyagatare,2023-09-18,3500000,1490937,389325,13,2,0,Normal
Loan3024516,Client87604,Rusizi,2023-09-18,3500000,179828,288577,13,3,0,Normal
Loan3024541,Client143803,Kicukiro,2023-09-18,1200000,327890,103063,13,3,0,Normal
Loan3024569,Client122337,Rutsiro,2023-09-18,2900000,181867,172625,13,2,0,Normal
Loan3024571,Client138725,Nyarugenge,2023-09-18,2700000,185678,188032,13,2,0,Normal
Loan3024602,Client162102,Nyamagabe,2023-09-18,1500000,34855,121196,13,2,0,Normal
Loan3024687,Client81875,Gasabo,2023-09-18,1200000,306030,228865,14,2,0,Normal
Loan3024725,Client143273,Rubavu,2023-09-18,1000000,79126,119931,13,3,0,Normal
Loan3024803,Client126316,Ngororero,2023-09-18,2950000,194689,226370,13,3,0,Normal
Loan3024823,Client100252,Ngororero,2023-09-18,3500000,303631,249699,13,3,0,Normal
Loan3024842,Client152440,Nyarugenge,2023-09-18,1450000,65818,93563,13,2,0,Normal
Loan3024917,Client158855,Gasabo,2023-09-18,2770000,100958,191313,13,2,0,Normal
Loan3025064,Client492,Kicukiro,2023-09-19,2100000,395806,138260,13,2,0,Normal
Loan3025091,Client16944,Rutsiro,2023-09-19,1800000,248366,144824,13,2,0,Normal
Loan3025103,Client171210,Nyagatare,2023-09-19,1590000,234783,114513,13,3,0,Normal
Loan3025132,Client150645,Gasabo,2023-09-19,1540000,60414,113088,13,2,0,Normal
Loan3025186,Client159558,Gasabo,2023-09-19,1590000,55781,100495,13,3,0,Normal
Loan3025187,Client22890,Nyamagabe,2023-09-19,1800000,445816,115995,13,2,0,Normal
Loan3025189,Client60602,Nyagatare,2023-09-19,2100000,221516,149977,13,2,0,Normal
Loan3025207,Client27919,Nyarugenge,2023-09-19,2270000,465373,145652,13,3,0,Normal
Loan3025258,Client65774,Rutsiro,2023-09-19,1700000,207085,111748,13,3,0,Normal
Loan3025282,Client123096,Rutsiro,2023-09-19,1600000,442259,101543,13,2,0,Normal
Loan3025339,Client128517,Nyanza,2023-09-19,1500000,43648,100041,13,2,0,Normal
Loan3025391,Client22751,Ngororero,2023-09-19,3080000,320047,222040,13,3,0,Normal
Loan3025464,Client56256,Rubavu,2023-09-19,3500000,377882,252812,13,3,0,Normal
Loan3025487,Client134379,Nyarugenge,2023-09-19,3080000,69664,228865,14,3,0,Normal
Loan3025489,Client5686,Rubavu,2023-09-19,2260000,885221,146282,13,3,0,Normal
Loan3025515,Client175541,Nyanza,2023-09-19,1950000,478307,160827,13,3,0,Normal
Loan3025523,Client83722,HQ,2023-09-19,1781227,286870,194683,14,3,0,Normal
Loan3025549,Client172552,Rusizi,2023-09-19,1370000,49157,102439,13,2,0,Normal
Loan3025724,Client79336,Gasabo,2023-09-20,3090000,376264,286148,13,2,0,Normal
Loan3025733,Client158989,Rutsiro,2023-09-20,1500000,99137,105332,13,2,0,Normal
Loan3025744,Client19008,Kicukiro,2023-09-20,1920000,534505,119251,13,2,0,Normal
Loan3025786,Client118123,Rubavu,2023-09-20,1730000,1203063,275005,14,2,0,Normal
Loan3025800,Client27140,Rubavu,2023-09-20,840000,194063,61751,14,1,0,Normal
Loan3025813,Client10993,Nyamagabe,2023-09-20,2560000,1404670,166614,13,2,0,Normal
Loan3025816,Client135190,Kicukiro,2023-09-20,1000000,333701,235900,14,3,0,Normal
Loan3025822,Client119958,Gasabo,2023-09-20,2750000,375618,202267,14,3,0,Normal
Loan3025844,Client41482,Nyarugenge,2023-09-20,3500000,1215349,305777,13,2,0,Normal
Loan3025870,Client38550,Nyanza,2023-09-20,2200000,126977,159832,13,2,0,Normal
Loan3025877,Client5112,Rutsiro,2023-09-20,1800000,193797,173667,13,2,0,Normal
Loan3025884,Client14999,Nyanza,2023-09-20,1900000,473574,149287,13,3,0,Normal
Loan3025908,Client94083,Kicukiro,2023-09-20,2200000,45258,142699,14,3,0,Normal
Loan3025938,Client158333,Ngororero,2023-09-20,1500000,59232,113082,13,3,0,Normal
Loan3025954,Client99264,Nyarugenge,2023-09-20,1750000,605456,108009,13,2,0,Normal
Loan3026000,Client68927,Ngororero,2023-09-20,2500000,1838853,230676,13,3,0,Normal
Loan3026005,Client160432,Gasabo,2023-09-20,1590000,48752,101543,13,2,0,Normal
Loan3026030,Client20932,Nyagatare,2023-09-20,1850000,345232,142199,13,3,0,Normal
Loan3026034,Client41201,Nyanza,2023-09-20,1720000,293718,123356,13,2,0,Normal
Loan3026069,Client54620,Nyagatare,2023-09-20,1755000,70082,132503,13,3,0,Normal
Loan3026096,Client1786,Rubavu,2023-09-20,1217000,273219,164339,13,2,0,Normal
Loan3026125,Client96553,Ngororero,2023-09-20,1730000,35350,107515,13,2,0,Normal
Loan3026128,Client158452,Rubavu,2023-09-20,1590000,85387,107300,13,3,0,Normal
Loan3026162,Client31220,Rusizi,2023-09-20,2550000,835509,223700,13,3,0,Normal
Loan3026264,Client34730,HQ,2023-09-20,3500000,1582590,412555,14,3,0,Normal
Loan3026568,Client88040,Rubavu,2023-09-21,1725000,177024,132698,13,2,0,Normal
Loan3026708,Client18737,Ngororero,2023-09-21,1280000,609987,145890,14,2,0,Normal
Loan3026715,Client118607,Nyanza,2023-09-21,3380000,266136,232537,13,3,0,Normal
Loan3026744,Client5528,Rusizi,2023-09-21,1600000,282461,133510,13,3,0,Normal
Loan3026761,Client66894,Rubavu,2023-09-21,3500000,367424,291178,13,2,0,Normal
Loan3026776,Client5360,Rusizi,2023-09-21,1325000,176329,94424,14,1,0,Normal
Loan3026824,Client63372,Gasabo,2023-09-21,1770000,460120,113648,13,2,0,Normal
Loan3026841,Client156657,Gasabo,2023-09-21,1590000,66228,115938,13,3,0,Normal
Loan3026860,Client30837,Nyamagabe,2023-09-21,3500000,450245,282811,13,3,0,Normal
Loan3026865,Client11271,Rutsiro,2023-09-21,2150000,203859,158717,13,3,0,Normal
Loan3026938,Client141573,Nyarugenge,2023-09-21,3500000,193650,231215,13,3,0,Normal
Loan3027036,Client50242,Nyamagabe,2023-09-21,3080000,947555,238980,13,2,0,Normal
Loan3027059,Client1660,Rubavu,2023-09-21,2240000,800711,172275,13,3,0,Normal
Loan3027105,Client161186,Gasabo,2023-09-21,1490000,380377,228865,14,3,0,Normal
Loan3027113,Client110956,Kicukiro,2023-09-21,2980000,1192876,197978,13,3,0,Normal
Loan3027126,Client160743,Gasabo,2023-09-21,1590000,172922,101543,13,3,0,Normal
Loan3027166,Client112892,Nyarugenge,2023-09-21,3100000,1020721,270626,13,2,0,Normal
Loan3027192,Client125169,Nyagatare,2023-09-21,2650000,394176,194469,13,3,0,Normal
Loan3027197,Client17776,Rusizi,2023-09-21,1920000,392340,148812,13,3,0,Normal
Loan3027513,Client160826,Gasabo,2023-09-22,1590000,135326,115938,13,3,0,Normal
Loan3027579,Client176564,Gasabo,2023-09-22,1600000,79711,102068,13,3,0,Normal
Loan3027583,Client19526,Nyarugenge,2023-09-22,3500000,225900,351539,13,2,0,Normal
Loan3027591,Client25395,Nyamagabe,2023-09-22,1810000,832608,116945,13,3,0,Normal
Loan3027599,Client19435,Nyamagabe,2023-09-22,1890000,838341,121854,13,3,0,Normal
Loan3027607,Client21260,Rubavu,2023-09-22,1800000,186060,132107,13,2,0,Normal
Loan3027608,Client57801,Gasabo,2023-09-22,3500000,1972352,223053,13,2,0,Normal
Loan3027620,Client54420,Nyamagabe,2023-09-22,1500000,69363,128535,13,3,0,Normal
Loan3027631,Client15701,Gasabo,2023-09-22,3500000,571501,629206,14,2,0,Normal
Loan3027640,Client5690,Rubavu,2023-09-22,3500000,2262494,321570,13,2,0,Normal
Loan3027651,Client27469,Rutsiro,2023-09-22,2040000,225262,157482,13,3,0,Normal
Loan3027685,Client169406,Nyamagabe,2023-09-22,1500000,50312,111775,13,3,0,Normal
Loan3027688,Client103951,Nyarugenge,2023-09-22,1670000,140581,108104,13,2,0,Normal
Loan3027699,Client65293,Nyamagabe,2023-09-22,1720000,566492,110937,13,3,0,Normal
Loan3027703,Client144191,Rubavu,2023-09-22,1590000,105934,114625,13,3,0,Normal
Loan3027715,Client191249,Gasabo,2023-09-22,1590000,206025,122474,14,2,0,Normal
Loan3027718,Client40712,Nyamagabe,2023-09-22,1810000,668224,141558,13,2,0,Normal
Loan3027727,Client63058,Nyamagabe,2023-09-22,3500000,499289,379953,13,3,0,Normal
Loan3027783,Client1390,Nyarugenge,2023-09-22,1670000,45060,142996,14,2,0,Normal
Loan3027785,Client42940,Rubavu,2023-09-22,3500000,408339,273364,13,2,0,Normal
Loan3027786,Client127152,Gasabo,2023-09-22,1460000,69184,108009,13,2,0,Normal
Loan3027789,Client127641,Rutsiro,2023-09-22,2850000,215992,241058,13,3,0,Normal
Loan3027802,Client165275,Nyanza,2023-09-22,1500000,95623,112813,13,3,0,Normal
Loan3027813,Client62694,Rutsiro,2023-09-22,1820000,710048,117866,13,3,0,Normal
Loan3027820,Client31877,Nyanza,2023-09-22,2650000,1302136,170554,13,2,0,Normal
Loan3027822,Client47423,Ngororero,2023-09-22,2150000,98977,188041,13,2,0,Normal
Loan3027828,Client8353,Gasabo,2023-09-22,1500000,936358,138871,13,3,0,Normal
Loan3027834,Client160978,Nyamagabe,2023-09-22,1550000,48350,118269,13,2,0,Normal
Loan3027865,Client7390,Nyagatare,2023-09-22,2000000,363127,164339,13,2,0,Normal
Loan3027876,Client191261,Gasabo,2023-09-22,1450000,68683,115947,14,2,0,Normal
Loan3027889,Client12361,Ngororero,2023-09-22,1800000,878345,119501,13,2,0,Normal
Loan3027906,Client145388,Nyanza,2023-09-22,1500000,214970,100041,13,2,0,Normal
Loan3027916,Client11284,Gasabo,2023-09-22,2260000,254312,144428,13,2,0,Normal
Loan3028023,Client55717,Rusizi,2023-09-22,1860000,784180,118776,13,2,0,Normal
Loan3028028,Client24436,Nyamagabe,2023-09-22,3500000,2162172,280065,13,2,0,Normal
Loan3028046,Client49418,Rubavu,2023-09-22,1940000,406570,119086,13,3,0,Normal
Loan3028053,Client43632,Rusizi,2023-09-22,3000000,297240,284505,14,2,0,Normal
Loan3028060,Client160858,Nyarugenge,2023-09-22,1530000,232312,116525,13,2,0,Normal
Loan3028076,Client159267,Gasabo,2023-09-22,2760000,113593,188796,13,2,0,Normal
Loan3028077,Client81828,Nyarugenge,2023-09-22,1670000,140733,138871,13,2,0,Normal
Loan3028084,Client160655,Rusizi,2023-09-22,1590000,68023,123814,13,2,0,Normal
Loan3028104,Client118224,Rubavu,2023-09-22,1680000,122864,202643,13,3,0,Normal
Loan3028110,Client21264,Rusizi,2023-09-22,1860000,168725,134433,13,2,0,Normal
Loan3028114,Client55932,Nyagatare,2023-09-22,3300000,310021,218717,13,2,0,Normal
Loan3028133,Client118251,Rubavu,2023-09-22,2100000,261103,135621,13,2,0,Normal
Loan3028138,Client130695,Gasabo,2023-09-22,3410000,236204,250805,13,3,0,Normal
Loan3028144,Client82977,Rusizi,2023-09-22,2500000,287128,275604,13,2,0,Normal
Loan3028189,Client139627,Rubavu,2023-09-22,2830000,461411,185182,13,3,0,Normal
Loan3028198,Client60104,Nyagatare,2023-09-22,1850000,62744,116676,13,3,0,Normal
Loan3028213,Client170263,Nyagatare,2023-09-22,1590000,290674,113882,13,3,0,Normal
Loan3028223,Client11212,Rutsiro,2023-09-22,1860000,291421,145835,13,2,0,Normal
Loan3028242,Client59302,Rusizi,2023-09-22,3500000,136766,306190,13,3,0,Normal
Loan3028253,Client45226,Rusizi,2023-09-22,3500000,192966,275528,13,3,0,Normal
Loan3028257,Client126256,Gasabo,2023-09-22,3500000,1008535,232545,13,3,0,Normal
Loan3028278,Client97655,Nyarugenge,2023-09-22,3500000,1047300,232545,13,3,0,Normal
Loan3028301,Client155911,Nyarugenge,2023-09-22,1570000,312628,101638,13,2,0,Normal
Loan3028304,Client73077,Rusizi,2023-09-22,2500000,694812,295561,14,2,0,Normal
Loan3028328,Client123563,Kicukiro,2023-09-22,3000000,105056,239778,13,3,0,Normal
Loan3028340,Client46931,Nyamagabe,2023-09-22,1300000,707222,110462,13,3,0,Normal
Loan3028394,Client30887,Ngororero,2023-09-22,1900000,991859,164876,13,3,0,Normal
Loan3028435,Client55726,Rusizi,2023-09-22,1770000,171980,136935,13,2,0,Normal
Loan3028468,Client69131,Nyanza,2023-09-22,3500000,904955,229112,13,3,0,Normal
Loan3028478,Client47281,Ngororero,2023-09-22,800000,373569,117907,13,2,0,Normal
Loan3028495,Client70210,Ngororero,2023-09-22,1730000,550206,135999,13,3,0,Normal
Loan3028504,Client100296,Nyarugenge,2023-09-22,1390000,52753,88948,13,2,0,Normal
Loan3028513,Client77962,Rubavu,2023-09-22,3500000,99553,142866,13,3,0,Normal
Loan3028524,Client76638,Ngororero,2023-09-22,2650000,1066847,172477,13,2,0,Normal
Loan3028580,Client119153,Nyagatare,2023-09-22,1500000,42438,111546,13,2,0,Normal
Loan3028596,Client133907,Rubavu,2023-09-22,2950000,297449,221240,13,3,0,Normal
Loan3028599,Client53910,Rusizi,2023-09-22,3500000,838771,287780,13,3,0,Normal
Loan3029110,Client120197,Kicukiro,2023-09-23,1920000,62498,142699,13,2,0,Normal
Loan3029141,Client150405,Nyanza,2023-09-23,1520000,67265,117639,13,3,0,Normal
Loan3029171,Client132184,Kicukiro,2023-09-23,3040000,333836,236207,13,3,0,Normal
Loan3029310,Client57136,Rusizi,2023-09-23,2990000,292439,253045,13,2,0,Normal
Loan3029334,Client65370,Nyanza,2023-09-23,3060000,860623,204616,13,2,0,Normal
Loan3029341,Client39656,Nyagatare,2023-09-23,1670000,764317,104555,13,3,0,Normal
Loan3029359,Client133759,Nyagatare,2023-09-23,2650000,372873,175915,13,2,0,Normal
Loan3029434,Client16841,Ngororero,2023-09-23,1690000,863352,123301,13,2,0,Normal
Loan3029914,Client88756,Nyamagabe,2023-09-25,1740000,186796,135605,13,3,0,Normal
Loan3029937,Client25317,Kicukiro,2023-09-25,1920000,305810,114199,13,3,0,Normal
Loan3029987,Client140246,Nyamagabe,2023-09-25,2740000,236111,178663,13,2,0,Normal
Loan3029988,Client43217,Rusizi,2023-09-25,1870000,124958,138899,13,2,0,Normal
Loan3029998,Client42804,Rutsiro,2023-09-25,1580000,149766,138928,13,3,0,Normal
Loan3029999,Client52276,Gasabo,2023-09-25,2680000,169219,192316,13,3,0,Normal
Loan3030015,Client158973,Rubavu,2023-09-25,1440000,96739,97788,13,2,0,Normal
Loan3030032,Client17071,Rutsiro,2023-09-25,1900000,320114,148333,13,3,0,Normal
Loan3030038,Client31783,Nyarugenge,2023-09-25,2000000,1052777,138396,13,2,0,Normal
Loan3030073,Client119755,Gasabo,2023-09-25,1590000,323786,101543,13,3,0,Normal
Loan3030093,Client37083,Gasabo,2023-09-25,3000000,2430812,289603,13,2,0,Normal
Loan3030109,Client125959,Rutsiro,2023-09-25,1600000,108922,101543,13,2,0,Normal
Loan3030110,Client45957,Nyanza,2023-09-25,3500000,3027971,362811,13,3,0,Normal
Loan3030118,Client121796,Rusizi,2023-09-25,1670000,224619,122389,13,3,0,Normal
Loan3030143,Client23488,Kicukiro,2023-09-25,3200000,1107484,246842,14,3,0,Normal
Loan3030153,Client54421,Nyamagabe,2023-09-25,3500000,375536,349318,13,2,0,Normal
Loan3030160,Client155892,Gasabo,2023-09-25,1120000,308199,101543,13,1,0,Normal
Loan3030191,Client16787,Rutsiro,2023-09-25,1950000,931120,125730,13,3,0,Normal
Loan3030207,Client54168,Gasabo,2023-09-25,3500000,154012,305644,13,3,0,Normal
Loan3030215,Client167586,Rusizi,2023-09-25,1590000,258548,107554,13,3,0,Normal
Loan3030224,Client28754,Nyamagabe,2023-09-25,3500000,1930778,292415,13,2,0,Normal
Loan3030231,Client131431,Gasabo,2023-09-25,2430000,510926,158760,13,3,0,Normal
Loan3030240,Client104771,Nyagatare,2023-09-25,3500000,232611,251159,13,2,0,Normal
Loan3030283,Client140553,Rubavu,2023-09-25,3080000,134732,237465,13,2,0,Normal
Loan3030293,Client142729,Rutsiro,2023-09-25,1580000,136174,103063,13,3,0,Normal
Loan3030330,Client52131,Rubavu,2023-09-25,3500000,479349,348057,13,3,0,Normal
Loan3030360,Client118311,Rusizi,2023-09-25,3500000,233518,271436,13,2,0,Normal
Loan3030365,Client157961,Nyagatare,2023-09-25,1590000,78845,122389,13,2,0,Normal
Loan3030369,Client60314,Rubavu,2023-09-25,1870000,184566,130782,13,2,0,Normal
Loan3030379,Client132707,Kicukiro,2023-09-25,3050000,149880,237985,13,2,0,Normal
Loan3030380,Client138668,Rubavu,2023-09-25,2760000,339402,214402,13,3,0,Normal
Loan3030381,Client33821,Gasabo,2023-09-25,1940000,481724,123994,13,2,0,Normal
Loan3030404,Client155304,Nyagatare,2023-09-25,3500000,195901,107288,13,3,0,Normal
Loan3030405,Client87658,Rusizi,2023-09-25,3500000,168428,249380,13,3,0,Normal
Loan3030417,Client124226,Nyagatare,2023-09-25,1590000,435585,98962,13,3,0,Normal
Loan3030443,Client11836,Nyarugenge,2023-09-25,2130000,252105,138871,13,2,0,Normal
Loan3030446,Client54726,Rubavu,2023-09-25,2800000,781164,240496,13,3,0,Normal
Loan3030455,Client124351,Gasabo,2023-09-25,2530000,108819,243050,14,2,0,Normal
Loan3030468,Client159851,Rubavu,2023-09-25,1590000,291977,108294,13,2,0,Normal
Loan3030478,Client148599,Rutsiro,2023-09-25,1485000,165350,94038,13,2,0,Normal
Loan3030489,Client186325,Rubavu,2023-09-25,1500000,97121,122600,14,2,0,Normal
Loan3030522,Client173397,Rutsiro,2023-09-25,1600000,119203,115100,13,3,0,Normal
Loan3030558,Client19383,Ngororero,2023-09-25,2350000,1015690,429359,13,2,0,Normal
Loan3030598,Client89965,Rusizi,2023-09-25,2755000,176427,197794,13,2,0,Normal
Loan3030600,Client5108,Rutsiro,2023-09-25,1380000,765832,119094,14,3,0,Normal
Loan3030688,Client150840,Rusizi,2023-09-25,1590000,96067,102545,13,2,0,Normal
Loan3030819,Client11019,Nyamagabe,2023-09-26,2080000,266243,162439,13,2,0,Normal
Loan3030822,Client161871,Gasabo,2023-09-26,1500000,7742,160276,13,3,0,Normal
Loan3030826,Client40133,Ngororero,2023-09-26,1500000,1340186,228884,13,3,0,Normal
Loan3030878,Client149356,Rusizi,2023-09-26,1500000,40493,101120,13,3,0,Normal
Loan3030880,Client64916,Nyamagabe,2023-09-26,3360000,371984,253522,13,3,0,Normal
Loan3030894,Client103734,Nyanza,2023-09-26,2760000,629517,197794,13,3,0,Normal
Loan3030896,Client7973,Nyamagabe,2023-09-26,1950000,169213,153414,13,3,0,Normal
Loan3030936,Client72963,Rusizi,2023-09-26,1770000,183466,137030,13,2,0,Normal
Loan3030946,Client31460,Ngororero,2023-09-26,1980000,706529,135558,13,2,0,Normal
Loan3030960,Client173216,Kicukiro,2023-09-26,1200000,51666,109763,13,3,0,Normal
Loan3030968,Client144259,Nyamagabe,2023-09-26,1500000,61383,99090,13,3,0,Normal
Loan3030980,Client178414,Nyagatare,2023-09-26,1590000,50425,103647,13,2,0,Normal
Loan3030991,Client148243,Nyamagabe,2023-09-26,1500000,36625,118346,13,2,0,Normal
Loan3031001,Client155376,Nyagatare,2023-09-26,1590000,57734,98962,13,2,0,Normal
Loan3031015,Client49692,Ngororero,2023-09-26,2700000,128562,212261,13,2,0,Normal
Loan3031016,Client15627,Rusizi,2023-09-26,1905000,378563,247955,13,3,0,Normal
Loan3031017,Client95489,Rutsiro,2023-09-26,3350000,633635,226000,13,2,0,Normal
Loan3031037,Client170176,Nyamagabe,2023-09-26,1000000,30012,106409,13,3,0,Normal
Loan3031043,Client138333,Gasabo,2023-09-26,1000000,103615,329019,14,3,0,Normal
Loan3031052,Client41494,Nyarugenge,2023-09-26,1920000,162009,149097,13,3,0,Normal
Loan3031054,Client154605,Rusizi,2023-09-26,2445000,83670,158855,13,3,0,Normal
Loan3031056,Client40421,Ngororero,2023-09-26,3500000,232740,257187,13,2,0,Normal
Loan3031058,Client76011,Rubavu,2023-09-26,1850000,715102,133186,13,2,0,Normal
Loan3031060,Client150611,Rusizi,2023-09-26,1520000,309478,102545,13,2,0,Normal
Loan3031068,Client134998,Gasabo,2023-09-26,1360000,124123,102857,14,2,0,Normal
Loan3031077,Client49271,Ngororero,2023-09-26,1850000,445855,163363,13,2,0,Normal
Loan3031084,Client157510,Gasabo,2023-09-26,1590000,156348,116257,13,3,0,Normal
Loan3031094,Client28458,Nyamagabe,2023-09-26,2500000,766621,162219,13,2,0,Normal
Loan3031098,Client161649,Rusizi,2023-09-26,2000000,305679,196354,13,3,0,Normal
Loan3031102,Client155898,Nyagatare,2023-09-26,1530000,61308,111032,13,3,0,Normal
Loan3031108,Client142041,Ngororero,2023-09-26,1460000,197407,121389,13,3,0,Normal
Loan3031111,Client26789,Rubavu,2023-09-26,2260000,209124,138107,13,2,0,Normal
Loan3031112,Client48165,Nyamagabe,2023-09-26,1800000,755830,140799,13,3,0,Normal
Loan3031116,Client121895,Rusizi,2023-09-26,1590000,511413,250690,13,3,0,Normal
Loan3031118,Client158719,Gasabo,2023-09-26,2760000,120446,228865,14,2,0,Normal
Loan3031121,Client17476,Nyagatare,2023-09-26,1860000,200168,148059,13,3,0,Normal
Loan3031128,Client152155,Gasabo,2023-09-26,1600000,37340,100688,13,3,0,Normal
Loan3031131,Client22817,Rusizi,2023-09-26,1850000,357610,143399,13,3,0,Normal
Loan3031134,Client18863,Nyagatare,2023-09-26,1820000,194147,141757,13,2,0,Normal
Loan3031145,Client86193,Nyagatare,2023-09-26,2630000,158462,206661,13,3,0,Normal
Loan3031156,Client170377,Nyagatare,2023-09-26,600000,71608,108882,13,2,0,Normal
Loan3031177,Client121649,Gasabo,2023-09-26,1590000,379562,123814,13,3,0,Normal
Loan3031178,Client126516,Nyagatare,2023-09-26,1500000,74688,123314,13,4,0,Normal
Loan3031192,Client162239,Nyamagabe,2023-09-26,2500000,109675,178663,13,3,0,Normal
Loan3031199,Client125965,Ngororero,2023-09-26,2150000,491177,100170,13,3,0,Normal
Loan3031208,Client43851,Nyamagabe,2023-09-26,3500000,222540,250693,13,2,0,Normal
Loan3031245,Client120893,Nyagatare,2023-09-26,3500000,400150,244816,13,2,0,Normal
Loan3031261,Client3177,Rutsiro,2023-09-26,2110000,757681,162439,13,2,0,Normal
Loan3031263,Client80584,Nyamagabe,2023-09-26,3400000,1853818,221873,13,2,0,Normal
Loan3031334,Client176713,Gasabo,2023-09-26,2840000,106374,201844,13,2,0,Normal
Loan3031357,Client178744,Nyagatare,2023-09-26,1500000,67603,114513,13,3,0,Normal
Loan3031372,Client159147,Rusizi,2023-09-26,1595000,165151,103063,13,2,0,Normal
Loan3031381,Client136824,Ngororero,2023-09-26,1470000,93966,102545,13,3,0,Normal
Loan3031387,Client126597,Nyagatare,2023-09-26,1590000,83422,110082,13,1,0,Normal
Loan3031401,Client122458,Nyamagabe,2023-09-26,2950000,381604,192452,13,3,0,Normal
Loan3031402,Client71730,Nyanza,2023-09-26,1500000,272794,104347,13,2,0,Normal
Loan3031403,Client124155,Nyagatare,2023-09-26,2700000,124895,173065,13,3,0,Normal
Loan3031451,Client16775,Nyanza,2023-09-26,2080000,181312,164339,13,2,0,Normal
Loan3031457,Client128040,Nyarugenge,2023-09-26,1570000,145143,124536,13,2,0,Normal
Loan3031469,Client5695,Rusizi,2023-09-26,2190000,204332,152498,13,3,0,Normal
Loan3031483,Client142192,Nyanza,2023-09-26,3070000,127933,218940,13,3,0,Normal
Loan3031500,Client132865,Rusizi,2023-09-26,2760000,712942,181305,13,3,0,Normal
Loan3031519,Client173885,Rusizi,2023-09-26,1590000,54743,115843,13,2,0,Normal
Loan3031533,Client167704,Rusizi,2023-09-26,1540000,257927,223864,13,3,0,Normal
Loan3031537,Client31759,Rusizi,2023-09-26,1650000,781205,105101,13,2,0,Normal
Loan3031684,Client103942,Nyamagabe,2023-09-27,3500000,141260,273351,14,2,0,Normal
Loan3031736,Client167034,Rutsiro,2023-09-27,1300000,167245,104857,13,2,0,Normal
Loan3031764,Client121071,Nyamagabe,2023-09-27,1200000,761730,228669,13,3,0,Normal
Loan3031807,Client75952,Gasabo,2023-09-27,3500000,57186,251958,13,3,0,Normal
Loan3031823,Client73398,Kicukiro,2023-09-27,1570000,50401,105444,13,2,0,Normal
Loan3031856,Client124378,Nyanza,2023-09-27,3300000,1061154,137869,13,3,0,Normal
Loan3031858,Client125698,Rusizi,2023-09-27,1595000,248379,96888,13,2,0,Normal
Loan3031869,Client13090,Nyamagabe,2023-09-27,2000000,963338,155334,13,3,0,Normal
Loan3031879,Client63003,Gasabo,2023-09-27,3500000,433135,288695,13,3,0,Normal
Loan3031895,Client58960,Nyanza,2023-09-27,1740000,116112,107300,13,2,0,Normal
Loan3031899,Client108164,Nyamagabe,2023-09-27,2740000,765253,178222,13,3,0,Normal
Loan3031906,Client174542,Ngororero,2023-09-27,1550000,126056,106409,13,3,0,Normal
Loan3031915,Client172048,Rutsiro,2023-09-27,1580000,253683,179845,13,2,0,Normal
Loan3031929,Client78472,Gasabo,2023-09-27,3500000,790648,301977,13,2,0,Normal
Loan3031947,Client128330,Nyagatare,2023-09-27,1500000,368045,114513,13,3,0,Normal
Loan3031957,Client113042,Nyagatare,2023-09-27,1640000,86067,118481,13,2,0,Normal
Loan3031960,Client56683,Rusizi,2023-09-27,3500000,192940,269353,13,3,0,Normal
Loan3031962,Client28274,Nyamagabe,2023-09-27,3500000,100429,266086,13,3,0,Normal
Loan3031974,Client128054,Nyanza,2023-09-27,800000,253512,100041,13,3,0,Normal
Loan3031997,Client171189,Nyagatare,2023-09-27,3500000,82254,237632,13,3,0,Normal
Loan3032004,Client175227,Ngororero,2023-09-27,2000000,64331,217632,13,3,0,Normal
Loan3032016,Client86912,Nyarugenge,2023-09-27,3000000,150861,228768,13,2,0,Normal
Loan3032020,Client126959,Nyanza,2023-09-27,1590000,37775,108995,13,2,0,Normal
Loan3032026,Client172454,Ngororero,2023-09-27,2700000,310314,215561,13,3,0,Normal
Loan3032030,Client108185,Nyarugenge,2023-09-27,1750000,116351,129322,13,2,0,Normal
Loan3032041,Client145964,Rubavu,2023-09-27,1409000,70912,95009,13,3,0,Normal
Loan3032042,Client10080,Gasabo,2023-09-27,2290000,488980,176097,14,3,0,Normal
Loan3032043,Client155183,Kicukiro,2023-09-27,2000000,142000,228758,14,3,0,Normal
Loan3032051,Client109330,Rutsiro,2023-09-27,3500000,1440999,252812,13,2,0,Normal
Loan3032060,Client135035,Gasabo,2023-09-27,205000,37445,84884,14,3,0,Normal
Loan3032073,Client97051,Kicukiro,2023-09-27,3500000,367800,299065,13,2,0,Normal
Loan3032085,Client14356,Ngororero,2023-09-27,1690000,163188,134489,13,2,0,Normal
Loan3032108,Client119934,Rusizi,2023-09-27,3500000,130268,231464,13,3,0,Normal
Loan3032131,Client113036,Nyagatare,2023-09-27,3500000,161767,286758,13,3,0,Normal
Loan3032139,Client169855,Nyagatare,2023-09-27,1590000,88315,114513,13,3,0,Normal
Loan3032146,Client42442,Nyagatare,2023-09-27,3500000,1275608,288171,13,3,0,Normal
Loan3032160,Client191278,Gasabo,2023-09-27,2910000,324872,228865,14,2,0,Normal
Loan3032405,Client140579,Nyamagabe,2023-09-28,850000,57900,99565,13,2,0,Normal
Loan3032407,Client64380,Rutsiro,2023-09-28,1850000,73511,119766,13,2,0,Normal
Loan3032409,Client47301,Ngororero,2023-09-28,3500000,1087353,279652,13,3,0,Normal
Loan3032422,Client11885,Rubavu,2023-09-28,2260000,137891,164318,13,3,0,Normal
Loan3032427,Client61457,Ngororero,2023-09-28,3200000,1143009,234974,13,3,0,Normal
Loan3032429,Client157460,Gasabo,2023-09-28,1100000,211810,107291,13,2,0,Normal
Loan3032436,Client124723,Rubavu,2023-09-28,1400000,247138,105223,13,3,0,Normal
Loan3032487,Client122969,Rusizi,2023-09-28,1500000,248239,231464,14,2,0,Normal
Loan3032505,Client162144,Nyamagabe,2023-09-28,1180000,68810,99565,13,2,0,Normal
Loan3032544,Client54918,Nyamagabe,2023-09-28,3500000,145745,287461,13,3,0,Normal
Loan3032545,Client41130,Nyanza,2023-09-28,3500000,563763,228890,13,2,0,Normal
Loan3032559,Client117995,Rusizi,2023-09-28,1620000,86163,118436,13,3,0,Normal
Loan3032604,Client189486,Gasabo,2023-09-28,1000000,275523,228865,14,3,0,Normal
Loan3032627,Client166668,Kicukiro,2023-09-28,1570000,46536,114832,13,3,0,Normal
Loan3032636,Client57793,Gasabo,2023-09-28,1940000,86077,143933,13,2,0,Normal
Loan3032639,Client165878,Rusizi,2023-09-28,1500000,254544,232889,13,3,0,Normal
Loan3032640,Client64720,Rubavu,2023-09-28,1650000,69876,120852,13,3,0,Normal
Loan3032659,Client189363,Gasabo,2023-09-28,1000000,35814,127265,14,3,0,Normal
Loan3032664,Client28640,Rubavu,2023-09-28,2250000,244211,171353,13,3,0,Normal
Loan3032669,Client12195,Nyamagabe,2023-09-28,1990000,786080,155071,13,3,0,Normal
Loan3032673,Client158488,Rubavu,2023-09-28,1590000,84855,122544,13,3,0,Normal
Loan3032676,Client130398,Nyagatare,2023-09-28,2470000,434056,172579,13,3,0,Normal
Loan3032683,Client119170,Nyagatare,2023-09-28,1600000,81816,117639,13,3,0,Normal
Loan3032685,Client57819,Rubavu,2023-09-28,1900000,116370,116236,13,2,0,Normal
Loan3032698,Client124909,Rusizi,2023-09-28,3500000,1217788,283765,13,2,0,Normal
Loan3032700,Client188635,Gasabo,2023-09-28,700000,280704,244015,14,4,0,Normal
Loan3032711,Client190964,Gasabo,2023-09-28,2010000,283321,228865,14,2,0,Normal
Loan3032717,Client126439,Nyarugenge,2023-09-28,1560000,72040,114357,13,2,0,Normal
Loan3032732,Client147560,Rusizi,2023-09-28,3500000,421549,272861,13,3,0,Normal
Loan3032759,Client43717,Rusizi,2023-09-28,2102000,495456,139896,13,3,0,Normal
Loan3032762,Client89214,Nyagatare,2023-09-28,3500000,180313,310456,13,2,0,Normal
Loan3032767,Client58134,Rubavu,2023-09-28,3500000,482112,255006,14,2,0,Normal
Loan3032772,Client9700,Rubavu,2023-09-28,3500000,308039,346600,13,2,0,Normal
Loan3032777,Client133821,Kicukiro,2023-09-28,3500000,122697,249265,13,3,0,Normal
Loan3032779,Client13707,Rubavu,2023-09-28,3500000,305503,303570,13,3,0,Normal
Loan3032780,Client174319,Nyarugenge,2023-09-28,1500000,104568,107834,13,3,0,Normal
Loan3032870,Client118945,Rusizi,2023-09-28,3500000,923240,230989,13,3,0,Normal
Loan3032938,Client46694,Rusizi,2023-09-28,1720000,313245,119251,13,3,0,Normal
Loan3033090,Client176732,Gasabo,2023-09-29,1600000,52719,107834,13,2,0,Normal
Loan3033151,Client47756,Ngororero,2023-09-29,1750000,146794,132755,13,3,0,Normal
Loan3033198,Client45809,Rusizi,2023-09-29,2600000,812204,63208,14,2,0,Normal
Loan3033262,Client58962,Nyanza,2023-09-29,1770000,685808,111472,13,3,0,Normal
Loan3033263,Client105478,Nyagatare,2023-09-29,3500000,945798,258586,13,1,0,Normal
Loan3033288,Client63383,Rutsiro,2023-09-29,3500000,394411,250645,13,2,0,Normal
Loan3033319,Client78277,Nyagatare,2023-09-29,2600000,119968,175915,13,3,0,Normal
Loan3033338,Client178745,Nyagatare,2023-09-29,1590000,110442,114513,13,2,0,Normal
Loan3033350,Client155828,Nyamagabe,2023-09-29,2190000,53417,141817,13,2,0,Normal
Loan3033392,Client169148,Nyagatare,2023-09-29,1590000,178598,132971,13,3,0,Normal
Loan3033423,Client18589,Nyamagabe,2023-09-29,2220000,868675,136186,13,2,0,Normal
Loan3033427,Client140311,Rubavu,2023-09-29,1425000,364786,217000,13,2,0,Normal
Loan3033445,Client49610,Rubavu,2023-09-29,1850000,165420,142657,13,2,0,Normal
Loan3033455,Client75991,Rubavu,2023-09-29,3500000,544103,283620,13,2,0,Normal
Loan3033478,Client30978,Rubavu,2023-09-29,3500000,462872,230524,13,3,0,Normal
Loan3033526,Client88771,Nyamagabe,2023-09-29,1600000,582950,155807,13,3,0,Normal
Loan3033600,Client189514,Rubavu,2023-09-29,290000,324147,101163,14,3,0,Normal
Loan3033603,Client32045,Gasabo,2023-09-29,3500000,4377732,467234,14,2,0,Normal
Loan3033648,Client127029,Rusizi,2023-09-29,1000000,131400,119539,13,2,0,Normal
Loan3033654,Client120815,Nyagatare,2023-09-29,1530000,72216,107463,13,3,0,Normal
Loan3038448,Client64566,Rusizi,2023-10-02,1770000,296495,135660,13,2,0,Normal
Loan3038460,Client97748,Rutsiro,2023-10-02,1405000,60399,113519,13,2,0,Normal
Loan3038494,Client37677,Nyagatare,2023-10-02,1700000,993354,409250,13,3,0,Normal
Loan3038810,Client148771,Nyamagabe,2023-10-02,1500000,99907,99565,13,2,0,Normal
Loan3038918,Client187569,Rusizi,2023-10-02,995000,55509,150400,14,3,0,Normal
Loan3039044,Client142031,Ngororero,2023-10-02,1380000,302131,102545,13,3,0,Normal
Loan3039119,Client15119,Nyagatare,2023-10-02,1870000,190505,149507,13,3,0,Normal
Loan3039198,Client135453,Gasabo,2023-10-02,1500000,166784,119332,13,2,0,Normal
Loan3039233,Client24355,Rubavu,2023-10-02,1770000,825926,106736,13,2,0,Normal
Loan3039234,Client125644,Nyagatare,2023-10-02,3500000,214633,249380,13,3,0,Normal
Loan3039239,Client91165,Rubavu,2023-10-02,3500000,1603149,215698,13,3,0,Normal
Loan3039381,Client22768,Kicukiro,2023-10-02,780000,274904,292131,13,3,0,Normal
Loan3039388,Client15224,Nyamagabe,2023-10-02,2680000,1358396,163289,13,2,0,Normal
Loan3039498,Client66759,Nyarugenge,2023-10-02,3100000,224872,232170,13,2,0,Normal
Loan3040148,Client18462,Rubavu,2023-10-03,950000,66706,200507,14,2,0,Normal
Loan3040190,Client134919,Gasabo,2023-10-03,3500000,535308,300630,14,2,0,Normal
Loan3040420,Client5719,Rusizi,2023-10-03,2420000,1636903,319999,13,3,0,Normal
Loan3040424,Client77713,Rutsiro,2023-10-03,3500000,1083370,231595,13,2,0,Normal
Loan3040466,Client121714,Rusizi,2023-10-03,3500000,1012963,271785,13,3,0,Normal
Loan3040496,Client188207,Rusizi,2023-10-03,2755000,399071,157039,13,2,0,Normal
Loan3040530,Client190512,Nyagatare,2023-10-03,1370000,75070,160600,14,2,0,Normal
Loan3040562,Client190660,Gasabo,2023-10-03,3500000,324231,228865,14,2,0,Normal
Loan3040577,Client47051,Nyamagabe,2023-10-03,1700000,172615,128955,13,2,0,Normal
Loan3040590,Client86563,Rubavu,2023-10-03,3200000,1328913,209338,13,2,0,Normal
Loan3040645,Client159617,Rusizi,2023-10-03,1585000,83756,101163,13,3,0,Normal
Loan3040702,Client60075,Nyamagabe,2023-10-03,2760000,709721,203610,14,3,0,Normal
Loan3040726,Client150571,Rusizi,2023-10-03,1590000,58724,101120,13,2,0,Normal
Loan3040779,Client98252,Rusizi,2023-10-03,1410000,76246,110960,13,3,0,Normal
Loan3040822,Client153921,Rusizi,2023-10-03,1450000,305140,101638,13,2,0,Normal
Loan3040859,Client64618,Rusizi,2023-10-03,3500000,577422,306152,13,3,0,Normal
Loan3040902,Client79003,Rusizi,2023-10-03,3500000,1842199,246078,13,3,0,Normal
Loan3040920,Client26219,Rusizi,2023-10-03,1500000,487009,138640,13,2,0,Normal
Loan3041268,Client8242,HQ,2023-10-04,3500000,394179,446227,14,2,0,Normal
Loan3041458,Client87278,HQ,2023-10-04,3500000,383178,311227,14,2,0,Normal
Loan3041491,Client47606,Rusizi,2023-10-04,1590000,188421,101120,13,2,0,Normal
Loan3041566,Client124943,Rusizi,2023-10-04,1520000,62090,112496,13,3,0,Normal
Loan3041598,Client41197,Nyanza,2023-10-04,2200000,583127,160307,13,2,0,Normal
Loan3041603,Client129249,Rusizi,2023-10-04,3240000,176969,261936,13,2,0,Normal
Loan3041608,Client130118,Gasabo,2023-10-04,1590000,315414,101543,13,3,0,Normal
Loan3041651,Client142747,Nyarugenge,2023-10-04,1380000,283845,103063,13,2,0,Normal
Loan3041656,Client61777,Nyagatare,2023-10-04,2760000,465139,171165,13,2,0,Normal
Loan3041728,Client58176,Rubavu,2023-10-04,1940000,348003,119086,13,3,0,Normal
Loan3041794,Client26002,Nyamagabe,2023-10-04,1760000,733228,111887,13,2,0,Normal
Loan3041870,Client149601,Nyanza,2023-10-04,1470000,107756,92441,13,2,0,Normal
Loan3041995,Client133118,Rusizi,2023-10-04,2320000,647832,179296,13,2,0,Normal
Loan3042449,Client109471,Rubavu,2023-10-05,1760000,114448,128452,13,3,0,Normal
Loan3042461,Client149593,Nyanza,2023-10-05,1500000,135752,93866,13,3,0,Normal
Loan3042481,Client62892,Nyamagabe,2023-10-05,2740000,1007407,270963,14,2,0,Normal
Loan3042515,Client147850,Rusizi,2023-10-05,1590000,36869,101120,13,3,0,Normal
Loan3042533,Client142836,Nyamagabe,2023-10-05,1460000,303921,95765,13,3,0,Normal
Loan3042564,Client30193,Rutsiro,2023-10-05,2200000,284374,164835,13,3,0,Normal
Loan3042622,Client156409,Gasabo,2023-10-05,1590000,49507,101395,13,3,0,Normal
Loan3042631,Client176451,Gasabo,2023-10-05,1459000,50997,107025,13,2,0,Normal
Loan3042641,Client44326,Gasabo,2023-10-05,1940000,79314,126419,13,2,0,Normal
Loan3042645,Client22476,Rubavu,2023-10-05,3300000,145670,257137,13,3,0,Normal
Loan3042668,Client74040,Nyanza,2023-10-05,1720000,108119,133285,13,2,0,Normal
Loan3042672,Client40230,Ngororero,2023-10-05,3500000,225943,323114,13,3,0,Normal
Loan3042681,Client176939,Nyanza,2023-10-05,1590000,148113,116214,13,2,0,Normal
Loan3042692,Client1988,Rubavu,2023-10-05,2070000,268988,131216,13,2,0,Normal
Loan3042701,Client118896,Gasabo,2023-10-05,1590000,64464,107288,13,2,0,Normal
Loan3042717,Client120462,Rutsiro,2023-10-05,1700000,117243,117639,13,3,0,Normal
Loan3042720,Client160733,Rubavu,2023-10-05,1590000,58427,119931,13,2,0,Normal
Loan3042730,Client20737,Nyamagabe,2023-10-05,2440000,603520,139643,13,3,0,Normal
Loan3042751,Client134230,Gasabo,2023-10-05,1590000,107511,101543,13,2,0,Normal
Loan3042758,Client131766,Rusizi,2023-10-05,3500000,1219606,276327,13,2,0,Normal
Loan3042773,Client56881,Rusizi,2023-10-05,2095000,193343,153060,13,2,0,Normal
Loan3042791,Client22726,Rutsiro,2023-10-05,1825000,259344,136462,13,3,0,Normal
Loan3042796,Client88818,Nyamagabe,2023-10-05,1830000,452833,111887,13,2,0,Normal
Loan3042799,Client108580,Rubavu,2023-10-05,1590000,92366,128917,13,4,0,Normal
Loan3042807,Client89944,Kicukiro,2023-10-05,1700000,80515,132755,13,3,0,Normal
Loan3042838,Client123987,Nyamagabe,2023-10-05,1570000,154072,100515,13,2,0,Normal
Loan3042849,Client76431,Ngororero,2023-10-05,1800000,138100,136135,13,3,0,Normal
Loan3042858,Client158353,Ngororero,2023-10-05,1550000,73046,102545,13,3,0,Normal
Loan3042870,Client158023,Ngororero,2023-10-05,1460000,149476,110082,13,2,0,Normal
Loan3042871,Client170526,Nyagatare,2023-10-05,1490000,47963,101532,13,2,0,Normal
Loan3042880,Client157956,Ngororero,2023-10-05,1540000,131874,113332,13,3,0,Normal
Loan3042892,Client191263,Kicukiro,2023-10-05,700000,96373,122389,14,3,0,Normal
Loan3042894,Client148563,Nyanza,2023-10-05,1500000,86616,100041,13,3,0,Normal
Loan3042904,Client69125,Nyanza,2023-10-05,1770000,75480,112422,13,2,0,Normal
Loan3042914,Client5219,Nyanza,2023-10-05,1600000,57083,141502,13,2,0,Normal
Loan3042924,Client110544,Rutsiro,2023-10-05,1850000,532582,103259,13,2,0,Normal
Loan3042948,Client133202,Nyanza,2023-10-05,3230000,246575,212240,14,3,0,Normal
Loan3042952,Client40107,Ngororero,2023-10-05,2470000,172204,176020,13,3,0,Normal
Loan3042973,Client70388,Ngororero,2023-10-05,1461000,680719,98641,13,2,0,Normal
Loan3043003,Client2219,Rutsiro,2023-10-05,2050000,186107,151857,13,3,0,Normal
Loan3043064,Client160376,Nyanza,2023-10-05,1450000,80444,87941,13,3,0,Normal
Loan3043072,Client128153,Ngororero,2023-10-05,1550000,118943,121389,13,3,0,Normal
Loan3043089,Client66445,Nyanza,2023-10-05,3500000,523589,289166,13,2,0,Normal
Loan3043100,Client61502,Ngororero,2023-10-05,3120000,622007,241017,13,2,0,Normal
Loan3043114,Client57225,Ngororero,2023-10-05,1820000,740208,111571,13,3,0,Normal
Loan3043148,Client25136,Rusizi,2023-10-05,1800000,187918,249380,13,2,0,Normal
Loan3043158,Client134651,Gasabo,2023-10-05,375000,446105,164650,14,3,1,Written off
Loan3043219,Client100231,Ngororero,2023-10-05,1500000,422184,111571,13,2,0,Normal
Loan3043225,Client146430,Rusizi,2023-10-05,1000000,264514,102545,13,3,0,Normal
Loan3043227,Client173612,Gasabo,2023-10-05,1590000,94737,115938,13,2,0,Normal
Loan3043235,Client93764,Kicukiro,2023-10-05,2100000,309180,240880,13,2,0,Normal
Loan3043542,Client58015,Gasabo,2023-10-06,3500000,388899,353327,14,2,0,Normal
Loan3043633,Client66735,Rutsiro,2023-10-06,3500000,340860,288615,13,2,0,Normal
Loan3043647,Client125937,Rubavu,2023-10-06,1515000,47771,117568,13,2,0,Normal
Loan3043660,Client122166,Rusizi,2023-10-06,3450000,326246,226239,13,3,0,Normal
Loan3043684,Client154593,Rusizi,2023-10-06,1485000,176901,94038,13,3,0,Normal
Loan3043700,Client133983,Rubavu,2023-10-06,1590000,122145,107359,13,3,0,Normal
Loan3043715,Client163513,Rusizi,2023-10-06,3500000,710444,158539,13,3,0,Normal
Loan3043720,Client110630,Nyamagabe,2023-10-06,1650000,144527,106349,13,3,0,Normal
Loan3043721,Client143334,Rutsiro,2023-10-06,1100000,318755,101638,13,3,0,Normal
Loan3043741,Client132762,Rubavu,2023-10-06,3330000,381524,216395,13,3,0,Normal
Loan3043748,Client91366,Rutsiro,2023-10-06,2750000,276821,215352,13,2,0,Normal
Loan3043752,Client49023,Ngororero,2023-10-06,1500000,286057,106090,13,3,0,Normal
Loan3043769,Client13237,Rubavu,2023-10-06,1960000,170029,144117,13,2,0,Normal
Loan3043784,Client119431,Nyamagabe,2023-10-06,2720000,240059,178568,13,3,0,Normal
Loan3043785,Client176340,Rutsiro,2023-10-06,1000000,29327,106409,13,2,0,Normal
Loan3043803,Client99784,Kicukiro,2023-10-06,2000000,293693,274096,13,2,0,Normal
Loan3043843,Client18713,Rusizi,2023-10-06,1945000,603138,150712,13,3,0,Normal
Loan3043865,Client6353,Nyamagabe,2023-10-06,1800000,115790,189192,13,2,0,Normal
Loan3043874,Client174057,Nyamagabe,2023-10-06,800000,62816,102163,13,2,0,Normal
Loan3043924,Client121299,Rusizi,2023-10-06,1680000,109236,121381,13,3,0,Normal
Loan3043954,Client25110,Rusizi,2023-10-06,1815000,851945,116401,13,3,0,Normal
Loan3043964,Client53418,Gasabo,2023-10-06,3000000,175371,239298,14,2,0,Normal
Loan3044007,Client120451,Nyamagabe,2023-10-06,1460000,91739,114789,13,3,0,Normal
Loan3044067,Client95377,Rusizi,2023-10-06,1655000,615968,102714,13,2,0,Normal
Loan3044085,Client118781,Kicukiro,2023-10-06,1570000,80537,114789,13,3,0,Normal
Loan3044092,Client169127,Rusizi,2023-10-06,1500000,55268,107834,13,3,0,Normal
Loan3044094,Client51167,Nyagatare,2023-10-06,220000,15591,128481,14,1,0,Normal
Loan3044115,Client123957,Rusizi,2023-10-06,1590000,286898,123421,13,3,0,Normal
Loan3044128,Client132110,Nyarugenge,2023-10-06,1570000,379179,101638,13,2,0,Normal
Loan3044134,Client132054,Rusizi,2023-10-06,1590000,384073,101120,13,3,0,Normal
Loan3044151,Client29175,Rusizi,2023-10-06,3300000,505145,278022,13,3,0,Normal
Loan3044213,Client109396,Rubavu,2023-10-06,3500000,1519306,241887,13,4,0,Normal
Loan3044291,Client5944,Rusizi,2023-10-06,2670000,410928,202099,13,2,0,Normal
Loan3044309,Client184634,Rusizi,2023-10-06,1000000,28297,107834,13,3,0,Normal
Loan3044323,Client187299,Nyarugenge,2023-10-06,770000,121438,281500,14,3,1,Written off
Loan3044338,Client64919,Rusizi,2023-10-06,1770000,77239,136040,13,3,0,Normal
Loan3044403,Client167219,Rusizi,2023-10-06,1040000,47596,99688,13,2,0,Normal
Loan3044639,Client167788,Rusizi,2023-10-07,1400000,228746,99695,13,3,0,Normal
Loan3044755,Client156653,Gasabo,2023-10-07,1590000,73281,101395,13,2,0,Normal
Loan3044995,Client102239,Nyagatare,2023-10-07,3500000,103682,239765,13,2,0,Normal
Loan3045009,Client78582,Nyagatare,2023-10-07,2850000,1446619,188323,13,2,0,Normal
Loan3045018,Client55337,Nyagatare,2023-10-07,1700000,668027,105980,13,2,0,Normal
Loan3045050,Client50011,Nyagatare,2023-10-07,1770000,114771,135605,13,3,0,Normal
Loan3045070,Client17898,Nyagatare,2023-10-07,1940000,206093,154259,13,2,0,Normal
Loan3045078,Client128408,Nyagatare,2023-10-07,1590000,97734,114832,13,3,0,Normal
Loan3045099,Client48539,Nyagatare,2023-10-07,1000000,425396,105505,13,2,0,Normal
Loan3045149,Client110130,Nyagatare,2023-10-07,3450000,195553,268111,13,3,0,Normal
Loan3045163,Client9819,Nyagatare,2023-10-07,2100000,241422,170154,13,3,0,Normal
Loan3045841,Client171933,Nyagatare,2023-10-09,1590000,61869,115938,13,3,0,Normal
Loan3045867,Client100657,Rubavu,2023-10-09,3450000,203464,226370,13,2,0,Normal
Loan3045874,Client24850,Rusizi,2023-10-09,3500000,810770,235130,13,2,0,Normal
Loan3045877,Client66904,Rubavu,2023-10-09,3500000,202066,268446,13,2,0,Normal
Loan3045887,Client64106,Ngororero,2023-10-09,1650000,147297,117514,13,3,0,Normal
Loan3045931,Client158029,Ngororero,2023-10-09,1470000,122546,101482,13,2,0,Normal
Loan3045951,Client67357,Nyanza,2023-10-09,1760000,79666,135605,13,3,0,Normal
Loan3045955,Client157473,Kicukiro,2023-10-09,1500000,152483,232398,13,3,0,Normal
Loan3045957,Client129524,Nyanza,2023-10-09,3090000,171086,237510,13,3,0,Normal
Loan3045958,Client157793,Ngororero,2023-10-09,1540000,135608,102545,13,3,0,Normal
Loan3045971,Client190702,Rubavu,2023-10-09,2850000,96761,195167,14,3,0,Normal
Loan3045979,Client130717,Nyanza,2023-10-09,1000000,382993,99566,13,3,0,Normal
Loan3045984,Client190706,Kicukiro,2023-10-09,2450000,91268,236125,14,3,0,Normal
Loan3045986,Client166353,Rusizi,2023-10-09,1540000,109237,104000,13,2,0,Normal
Loan3045992,Client58085,Rubavu,2023-10-09,3500000,723166,279321,13,2,0,Normal
Loan3045994,Client170399,Nyamagabe,2023-10-09,1530000,48184,102275,13,2,0,Normal
Loan3046006,Client14041,Nyamagabe,2023-10-09,2220000,264107,135711,13,3,0,Normal
Loan3046012,Client188846,Gasabo,2023-10-09,2480000,360602,228865,14,3,0,Normal
Loan3046013,Client527,Kicukiro,2023-10-09,2200000,229237,136835,13,2,0,Normal
Loan3046021,Client64403,Rusizi,2023-10-09,1660000,786478,100045,13,3,0,Normal
Loan3046025,Client190606,Ngororero,2023-10-09,3470000,341840,286036,13,3,0,Normal
Loan3046027,Client132757,Rutsiro,2023-10-09,1590000,45284,101543,13,2,0,Normal
Loan3046034,Client154842,Nyarugenge,2023-10-09,1580000,352694,101875,13,2,0,Normal
Loan3046035,Client178246,Nyamagabe,2023-10-09,1500000,54831,112099,13,3,0,Normal
Loan3046036,Client23395,Rubavu,2023-10-09,2000000,917616,125025,13,3,0,Normal
Loan3046047,Client128964,Rusizi,2023-10-09,1595000,103851,101120,13,3,0,Normal
Loan3046050,Client40587,Ngororero,2023-10-09,3250000,1437920,200265,13,3,0,Normal
Loan3046067,Client142160,Nyagatare,2023-10-09,3480000,67652,247955,13,3,0,Normal
Loan3046069,Client173118,Ngororero,2023-10-09,1400000,47304,112419,13,3,0,Normal
Loan3046076,Client117903,Nyagatare,2023-10-09,2750000,204567,215686,13,2,0,Normal
Loan3046085,Client121697,Rusizi,2023-10-09,1546000,81710,120571,13,2,0,Normal
Loan3046093,Client37243,Gasabo,2023-10-09,3500000,627847,265876,13,3,0,Normal
Loan3046099,Client119989,Nyagatare,2023-10-09,2000000,344909,147957,13,3,0,Normal
Loan3046102,Client86017,Nyamagabe,2023-10-09,3500000,189827,231595,13,2,0,Normal
Loan3046106,Client110102,Rusizi,2023-10-09,1770000,488476,119000,13,3,0,Normal
Loan3046121,Client175449,Rusizi,2023-10-09,1590000,25315,105588,13,2,0,Normal
Loan3046127,Client160606,Gasabo,2023-10-09,1590000,193697,105863,13,3,0,Normal
Loan3046131,Client69054,Kicukiro,2023-10-09,3060000,123005,239778,13,2,0,Normal
Loan3046134,Client167813,Nyagatare,2023-10-09,3500000,579382,238836,13,3,0,Normal
Loan3046142,Client9459,Kicukiro,2023-10-09,1500000,1429519,302951,13,3,0,Normal
Loan3046162,Client101029,Nyanza,2023-10-09,1760000,603148,106401,13,2,0,Normal
Loan3046164,Client128339,Nyamagabe,2023-10-09,1610000,65471,82242,13,3,0,Normal
Loan3046167,Client144821,Nyagatare,2023-10-09,3500000,629650,204141,13,2,0,Normal
Loan3046173,Client41093,Nyarugenge,2023-10-09,2800000,742412,349546,14,2,0,Normal
Loan3046206,Client142419,Nyagatare,2023-10-09,1430000,34220,89462,13,3,0,Normal
Loan3046234,Client48943,Rutsiro,2023-10-09,2650000,62645,179845,13,2,0,Normal
Loan3046237,Client56116,Rubavu,2023-10-09,3500000,291270,267971,13,2,0,Normal
Loan3046255,Client19444,Nyamagabe,2023-10-09,2710000,534205,176797,13,3,0,Normal
Loan3046261,Client158012,Ngororero,2023-10-09,1480000,302598,96370,13,2,0,Normal
Loan3046262,Client150893,Kicukiro,2023-10-09,1570000,178044,103063,13,3,0,Normal
Loan3046268,Client168835,Nyamagabe,2023-10-09,3100000,520185,220208,13,3,0,Normal
Loan3046278,Client47646,Nyamagabe,2023-10-09,1000000,346247,265596,13,2,0,Normal
Loan3046296,Client140833,Nyamagabe,2023-10-09,1510000,177916,97665,13,2,0,Normal
Loan3046301,Client77969,Nyanza,2023-10-09,2750000,158366,177897,13,3,0,Normal
Loan3046302,Client34141,Nyarugenge,2023-10-09,3190000,914458,197458,13,2,0,Normal
Loan3046318,Client178270,Ngororero,2023-10-09,1560000,122656,114100,13,2,0,Normal
Loan3046320,Client49364,Nyagatare,2023-10-09,2200000,225409,160160,13,2,0,Normal
Loan3046331,Client175695,Nyanza,2023-10-09,1590000,57987,106288,13,2,0,Normal
Loan3046333,Client7725,Ngororero,2023-10-09,2080000,102944,164339,13,2,0,Normal
Loan3046342,Client149569,Nyanza,2023-10-09,1590000,90411,100041,13,3,0,Normal
Loan3046360,Client166655,Rusizi,2023-10-09,1500000,61061,115938,13,2,0,Normal
Loan3046376,Client165074,Rusizi,2023-10-09,1590000,116969,107729,13,2,0,Normal
Loan3046397,Client123550,Rusizi,2023-10-09,1590000,45650,111464,13,2,0,Normal
Loan3046404,Client150520,Rusizi,2023-10-09,2000000,142637,269435,13,2,0,Normal
Loan3046604,Client158777,Gasabo,2023-10-10,1590000,55057,189000,13,3,0,Normal
Loan3046610,Client146885,Rubavu,2023-10-10,1520000,53251,101184,13,2,0,Normal
Loan3046626,Client57679,Rubavu,2023-10-10,1940000,602825,142462,13,3,0,Normal
Loan3046628,Client17457,Nyamagabe,2023-10-10,2580000,933860,200676,13,2,0,Normal
Loan3046641,Client163518,Kicukiro,2023-10-10,1920000,194364,207400,14,3,0,Normal
Loan3046661,Client140695,Nyamagabe,2023-10-10,3060000,132411,228420,13,2,0,Normal
Loan3046665,Client118296,Rubavu,2023-10-10,1580000,352854,100727,13,3,0,Normal
Loan3046666,Client78081,Nyanza,2023-10-10,2640000,497460,169822,13,3,0,Normal
Loan3046674,Client132435,Kicukiro,2023-10-10,2400000,602998,182220,13,3,0,Normal
Loan3046677,Client160442,Rutsiro,2023-10-10,1500000,53694,108338,13,3,0,Normal
Loan3046688,Client162917,Nyamagabe,2023-10-10,1550000,72589,100515,13,3,0,Normal
Loan3046709,Client175008,Rubavu,2023-10-10,2430000,461478,186042,13,3,0,Normal
Loan3046713,Client156337,Gasabo,2023-10-10,1520000,73974,96645,13,2,0,Normal
Loan3046715,Client162236,Nyamagabe,2023-10-10,1000000,58562,114612,13,3,0,Normal
Loan3046722,Client140961,Nyamagabe,2023-10-10,1860000,72506,138750,14,2,0,Normal
Loan3046723,Client41084,Nyanza,2023-10-10,1860000,195407,142511,13,2,0,Normal
Loan3046726,Client189544,Rutsiro,2023-10-10,620000,28152,107834,14,2,0,Normal
Loan3046736,Client90978,Kicukiro,2023-10-10,2960000,675597,183429,13,2,0,Normal
Loan3046742,Client157855,Ngororero,2023-10-10,1550000,51449,114832,13,2,0,Normal
Loan3046745,Client159136,Nyanza,2023-10-10,1590000,72742,115938,13,2,0,Normal
Loan3046751,Client172729,Kicukiro,2023-10-10,1460000,409876,228865,14,3,0,Normal
Loan3046762,Client150102,Nyanza,2023-10-10,1590000,160498,100041,13,2,0,Normal
Loan3046772,Client54935,Nyamagabe,2023-10-10,2310000,164173,139189,13,2,0,Normal
Loan3046777,Client57926,Nyanza,2023-10-10,1320000,556252,165004,13,3,0,Normal
Loan3046790,Client159038,Rutsiro,2023-10-10,1520000,147443,109763,13,3,0,Normal
Loan3046798,Client155610,Nyarugenge,2023-10-10,2930000,683220,221964,13,2,0,Normal
Loan3046803,Client155583,Nyagatare,2023-10-10,1500000,50755,114513,13,2,0,Normal
Loan3046806,Client42984,Rutsiro,2023-10-10,3500000,142130,269536,13,3,0,Normal
Loan3046810,Client73718,HQ,2023-10-10,1724605,228028,143887,14,2,0,Normal
Loan3046814,Client95509,HQ,2023-10-10,1783634,84172,238756,14,2,0,Normal
Loan3046821,Client150384,Rusizi,2023-10-10,1590000,321467,94945,13,2,0,Normal
Loan3046829,Client67319,Nyamagabe,2023-10-10,2500000,688856,202924,14,3,0,Normal
Loan3046857,Client99484,Rusizi,2023-10-10,3240000,534184,147549,13,3,0,Normal
Loan3046870,Client124200,Nyagatare,2023-10-10,1520000,69874,117639,13,3,0,Normal
Loan3046888,Client22189,Nyarugenge,2023-10-10,1870000,240146,144661,13,2,0,Normal
Loan3046900,Client44556,Nyagatare,2023-10-10,3500000,50750,252354,13,2,0,Normal
Loan3046909,Client144106,Rusizi,2023-10-10,3225000,662220,211666,13,3,0,Normal
Loan3046910,Client48814,Nyagatare,2023-10-10,3400000,502523,241780,13,2,0,Normal
Loan3046924,Client84550,Nyagatare,2023-10-10,2990000,354949,213273,13,3,0,Normal
Loan3046931,Client175200,Rubavu,2023-10-10,2670000,474298,185249,14,3,0,Normal
Loan3046936,Client76198,Rusizi,2023-10-10,3420000,1140750,224339,13,3,0,Normal
Loan3046946,Client154616,Nyarugenge,2023-10-10,1520000,63158,112099,13,2,0,Normal
Loan3046977,Client71190,HQ,2023-10-10,1783634,744047,84769,14,2,0,Normal
Loan3047258,Client3108,Rubavu,2023-10-11,2400000,437362,198774,13,3,0,Normal
Loan3047266,Client99573,Rutsiro,2023-10-11,3100000,138667,236130,13,3,0,Normal
Loan3047291,Client11141,Ngororero,2023-10-11,3200000,649418,246265,13,2,0,Normal
Loan3047300,Client154834,Gasabo,2023-10-11,1590000,77527,107288,13,3,0,Normal
Loan3047340,Client108319,Rutsiro,2023-10-11,1600000,196883,119006,13,3,0,Normal
Loan3047348,Client168086,Rutsiro,2023-10-11,2950000,377314,229840,13,3,0,Normal
Loan3047372,Client4960,Rutsiro,2023-10-11,1550000,552724,213877,13,2,0,Normal
Loan3047381,Client155888,Gasabo,2023-10-11,1590000,35193,101395,13,2,0,Normal
Loan3047388,Client3030,Rubavu,2023-10-11,2030000,799336,121577,13,2,0,Normal
Loan3047421,Client94088,Rubavu,2023-10-11,3500000,1280554,303152,13,3,0,Normal
Loan3047427,Client191552,Kicukiro,2023-10-11,1580000,57661,376500,14,3,0,Normal
Loan3047449,Client7568,Rusizi,2023-10-11,3000000,336511,136789,13,1,0,Normal
Loan3047450,Client56967,Gasabo,2023-10-11,2000000,277251,150712,13,3,0,Normal
Loan3047468,Client137261,Gasabo,2023-10-11,700000,500581,199087,14,3,0,Normal
Loan3047488,Client110348,Nyagatare,2023-10-11,1680000,121410,128981,13,3,0,Normal
Loan3047490,Client106700,Gasabo,2023-10-11,2600000,182206,319846,14,2,0,Normal
Loan3047495,Client170875,Nyagatare,2023-10-11,1590000,69483,107288,13,3,0,Normal
Loan3047509,Client8674,Rubavu,2023-10-11,2140000,175259,156143,13,2,0,Normal
Loan3047524,Client82991,Rubavu,2023-10-11,2030000,123672,149249,13,2,0,Normal
Loan3047529,Client158168,Ngororero,2023-10-11,800000,55162,95513,13,3,0,Normal
Loan3047533,Client166140,Rusizi,2023-10-11,1485000,60041,107137,13,2,0,Normal
Loan3047534,Client117386,Rubavu,2023-10-11,2100000,740977,174180,13,3,0,Normal
Loan3047544,Client120454,Rubavu,2023-10-11,1690000,55649,101543,13,3,0,Normal
Loan3047547,Client15263,Rutsiro,2023-10-11,3000000,463675,280621,13,3,0,Normal
Loan3047549,Client105181,Ngororero,2023-10-11,2700000,117090,205035,14,3,0,Normal
Loan3047563,Client100658,Rubavu,2023-10-11,2440000,762136,175000,13,2,0,Normal
Loan3047593,Client97340,Nyagatare,2023-10-11,1720000,590265,132785,13,2,0,Normal
Loan3047595,Client139913,Rubavu,2023-10-11,207000,195887,101163,14,3,0,Normal
Loan3047627,Client170802,Nyagatare,2023-10-11,1590000,24657,104170,13,3,0,Normal
Loan3047631,Client174210,Rusizi,2023-10-11,3240000,303511,250710,13,3,0,Normal
Loan3047648,Client149581,Nyarugenge,2023-10-11,1570000,35830,115100,13,3,0,Normal
Loan3047661,Client150528,Rusizi,2023-10-11,1505000,28017,93995,13,2,0,Normal
Loan3047892,Client171160,Rubavu,2023-10-12,1520000,30073,110199,13,3,0,Normal
Loan3047914,Client96515,Rubavu,2023-10-12,3500000,1461322,211444,13,2,0,Normal
Loan3047953,Client150872,Rusizi,2023-10-12,1520000,33723,95895,13,2,0,Normal
Loan3047955,Client51273,Rutsiro,2023-10-12,3500000,319523,306191,13,2,0,Normal
Loan3047959,Client165235,Nyanza,2023-10-12,1470000,47297,91541,13,3,0,Normal
Loan3047978,Client64512,Rutsiro,2023-10-12,1940000,724526,119766,13,2,0,Normal
Loan3047982,Client66816,Ngororero,2023-10-12,1800000,258380,111571,13,2,0,Normal
Loan3047992,Client131626,Gasabo,2023-10-12,2435000,126491,190221,13,3,0,Normal
Loan3047997,Client55477,Kicukiro,2023-10-12,2300000,584857,315440,13,3,0,Normal
Loan3048003,Client122538,Gasabo,2023-10-12,1687000,202335,114515,13,3,0,Normal
Loan3048005,Client104344,Rubavu,2023-10-12,1680000,66505,97877,13,3,0,Normal
Loan3048009,Client172615,Ngororero,2023-10-12,1560000,49972,107834,13,2,0,Normal
Loan3048019,Client176915,Rutsiro,2023-10-12,2780000,123637,244630,13,3,0,Normal
Loan3048022,Client33875,Nyanza,2023-10-12,2180000,282686,167563,13,3,0,Normal
Loan3048076,Client134770,Nyarugenge,2023-10-12,2700000,205409,141633,14,2,0,Normal
Loan3048082,Client168776,Rusizi,2023-10-12,1590000,43969,115938,13,3,0,Normal
Loan3048107,Client180041,Gasabo,2023-10-12,1529000,47999,107834,13,3,0,Normal
Loan3048111,Client163409,Ngororero,2023-10-12,2720000,101075,198800,13,3,0,Normal
Loan3048118,Client66492,Rutsiro,2023-10-12,1420000,681784,104160,14,2,0,Normal
Loan3048128,Client119144,Nyagatare,2023-10-12,1680000,225078,105248,13,3,0,Normal
Loan3048132,Client119149,Nyagatare,2023-10-12,1680000,518717,105248,13,3,0,Normal
Loan3048139,Client142360,Nyagatare,2023-10-12,1590000,37439,114513,13,3,0,Normal
Loan3048146,Client72594,Nyagatare,2023-10-12,1770000,112199,132755,13,3,0,Normal
Loan3048171,Client180975,Rutsiro,2023-10-12,2150000,579626,286036,14,3,0,Normal
Loan3048179,Client160717,Nyarugenge,2023-10-12,1430000,54740,115000,13,2,0,Normal
Loan3048183,Client25902,Rubavu,2023-10-12,3500000,1470998,270644,13,2,0,Normal
Loan3048186,Client2138,Rubavu,2023-10-12,3500000,856134,348975,13,3,0,Normal
Loan3048224,Client124562,Rusizi,2023-10-12,2760000,527436,199219,13,2,0,Normal
Loan3048284,Client132439,Nyarugenge,2023-10-12,2850000,40122,281500,14,2,1,Written off
Loan3048290,Client146489,Rutsiro,2023-10-12,1550000,322797,103063,13,3,0,Normal
Loan3048297,Client160318,Gasabo,2023-10-12,3090000,824898,318396,13,3,0,Normal
Loan3048305,Client109869,Nyanza,2023-10-12,2860000,739725,218207,13,2,0,Normal
Loan3048312,Client158728,Gasabo,2023-10-12,2150000,345323,39709,14,2,0,Normal
Loan3048517,Client169914,Nyagatare,2023-10-13,1520000,88791,119064,13,2,0,Normal
Loan3048523,Client159504,Rubavu,2023-10-13,1520000,113585,117396,13,3,0,Normal
Loan3048553,Client28231,Nyamagabe,2023-10-13,3130000,640683,225271,13,3,0,Normal
Loan3048555,Client3562,Ngororero,2023-10-13,2280000,482150,173658,13,3,0,Normal
Loan3048576,Client162978,Rusizi,2023-10-13,1450000,78206,102545,13,2,0,Normal
Loan3048582,Client143623,Nyamagabe,2023-10-13,1500000,144914,97665,13,2,0,Normal
Loan3048587,Client172320,Ngororero,2023-10-13,3470000,621747,277632,13,3,0,Normal
Loan3048599,Client139077,Nyamagabe,2023-10-13,1530000,43802,97665,13,3,0,Normal
Loan3048602,Client64683,Rusizi,2023-10-13,3500000,956886,253045,13,3,0,Normal
Loan3048613,Client162714,Ngororero,2023-10-13,1480000,52438,103084,13,3,0,Normal
Loan3048623,Client68889,Rubavu,2023-10-13,2750000,1144034,214307,13,2,0,Normal
Loan3048645,Client176956,Nyamagabe,2023-10-13,1580000,54440,103063,13,3,0,Normal
Loan3048647,Client4318,Ngororero,2023-10-13,2220000,149956,158246,13,2,0,Normal
Loan3048652,Client148850,Rubavu,2023-10-13,1590000,134068,101163,13,2,0,Normal
Loan3048674,Client189162,Gasabo,2023-10-13,500000,250378,124315,14,2,0,Normal
Loan3048678,Client99227,Nyamagabe,2023-10-13,3500000,1677233,256368,13,2,0,Normal
Loan3048680,Client91152,Rubavu,2023-10-13,1850000,271507,135548,13,2,0,Normal
Loan3048686,Client169164,Nyagatare,2023-10-13,1520000,104487,97094,13,3,0,Normal
Loan3048691,Client157463,Gasabo,2023-10-13,1590000,93050,101543,13,3,0,Normal
Loan3048699,Client13575,Nyamagabe,2023-10-13,1800000,242164,161146,13,2,0,Normal
Loan3048701,Client130446,Rutsiro,2023-10-13,1485000,361312,94418,13,2,0,Normal
Loan3048711,Client127059,Rusizi,2023-10-13,1545000,202978,97795,13,2,0,Normal
Loan3048714,Client4383,Rubavu,2023-10-13,2520000,485131,181775,13,3,0,Normal
Loan3048726,Client23162,Ngororero,2023-10-13,1800000,476106,135049,13,2,0,Normal
Loan3048748,Client30686,Nyanza,2023-10-13,2100000,487543,161014,13,3,0,Normal
Loan3048750,Client174798,Nyamagabe,2023-10-13,800000,52775,60334,13,3,0,Normal
Loan3048760,Client127309,Rusizi,2023-10-13,1500000,98915,99695,13,3,0,Normal
Loan3048776,Client78578,Nyagatare,2023-10-13,3500000,548300,297815,13,2,0,Normal
Loan3048781,Client170808,Nyagatare,2023-10-13,1590000,67036,104170,13,3,0,Normal
Loan3048783,Client160336,Nyanza,2023-10-13,1100000,59022,100041,13,3,0,Normal
Loan3048785,Client64200,Kicukiro,2023-10-13,2340000,821663,260000,14,3,1,Written off
Loan3048790,Client61667,Nyagatare,2023-10-13,3500000,487050,307577,13,3,0,Normal
Loan3048796,Client25204,Nyagatare,2023-10-13,3500000,2290626,259935,13,3,0,Normal
Loan3048799,Client166284,Rusizi,2023-10-13,1590000,252025,97795,13,2,0,Normal
Loan3048814,Client108668,Nyagatare,2023-10-13,3500000,121101,247936,13,2,0,Normal
Loan3048818,Client108960,Rusizi,2023-10-13,3500000,843044,243545,13,2,0,Normal
Loan3048830,Client25125,Rusizi,2023-10-13,3500000,152106,249245,13,2,0,Normal
Loan3048842,Client1998,Rubavu,2023-10-13,2146000,188402,161126,13,3,0,Normal
Loan3048866,Client133897,Gasabo,2023-10-13,3500000,141599,241190,13,3,0,Normal
Loan3048919,Client166361,Nyamagabe,2023-10-13,1450000,93464,91505,13,2,0,Normal
Loan3048946,Client62755,Nyamagabe,2023-10-13,3500000,127167,263426,13,2,0,Normal
Loan3048965,Client21178,Nyagatare,2023-10-13,2600000,414230,204761,13,3,0,Normal
Loan3049002,Client190676,Gasabo,2023-10-13,1500000,311807,281500,14,3,1,Written off
Loan3049005,Client134183,Rusizi,2023-10-13,2295000,100555,151255,13,3,0,Normal
Loan3049015,Client126628,Nyarugenge,2023-10-13,2430000,129645,178285,13,3,0,Normal
Loan3049312,Client180520,Kicukiro,2023-10-14,1570000,89639,114513,13,2,0,Normal
Loan3049417,Client170665,Nyagatare,2023-10-14,3500000,128789,251092,13,3,0,Normal
Loan3049515,Client171257,Nyagatare,2023-10-14,1590000,56838,113885,13,2,0,Normal
Loan3049972,Client108599,Rubavu,2023-10-16,1050000,561211,107377,13,3,0,Normal
Loan3049989,Client99818,Rubavu,2023-10-16,2800000,961729,233846,13,3,0,Normal
Loan3049991,Client146115,Rubavu,2023-10-16,1590000,81213,115419,13,2,0,Normal
Loan3050004,Client75236,Gasabo,2023-10-16,3500000,274014,228865,14,3,0,Normal
Loan3050006,Client172367,Ngororero,2023-10-16,1500000,270987,122685,13,2,0,Normal
Loan3050014,Client147326,Rubavu,2023-10-16,3410000,158389,263735,13,2,0,Normal
Loan3050015,Client130110,Rutsiro,2023-10-16,1290000,77274,241033,13,2,0,Normal
Loan3050021,Client158213,Ngororero,2023-10-16,720000,59849,109082,13,3,0,Normal
Loan3050042,Client80490,Rutsiro,2023-10-16,3500000,236721,297728,13,2,0,Normal
Loan3050057,Client44790,Gasabo,2023-10-16,3000000,96859,307150,14,2,0,Normal
Loan3050071,Client46747,Kicukiro,2023-10-16,3000000,819805,139106,14,3,0,Normal
Loan3050072,Client50267,Gasabo,2023-10-16,2200000,1124867,460646,14,3,0,Normal
Loan3050085,Client140310,Rubavu,2023-10-16,1520000,286304,111300,13,3,0,Normal
Loan3050089,Client126122,Rusizi,2023-10-16,3500000,162558,309170,13,3,0,Normal
Loan3050092,Client23387,Rubavu,2023-10-16,1940000,817376,119086,13,2,0,Normal
Loan3050094,Client12452,Nyamagabe,2023-10-16,3340000,260580,238980,13,2,0,Normal
Loan3050125,Client118872,Nyanza,2023-10-16,3500000,299306,237632,13,3,0,Normal
Loan3050129,Client176413,Gasabo,2023-10-16,2070000,27348,141600,14,3,0,Normal
Loan3050144,Client150377,Gasabo,2023-10-16,1590000,60819,95314,13,3,0,Normal
Loan3050158,Client20086,Nyagatare,2023-10-16,2760000,425232,175915,13,2,0,Normal
Loan3050164,Client156066,Gasabo,2023-10-16,2320000,507852,151160,13,3,0,Normal
Loan3050200,Client137970,Gasabo,2023-10-16,1520000,158790,96793,13,3,0,Normal
Loan3050217,Client30368,Gasabo,2023-10-16,2140000,279762,157234,13,3,0,Normal
Loan3050225,Client178722,Nyagatare,2023-10-16,1590000,47642,115100,13,3,0,Normal
Loan3050240,Client137041,Nyagatare,2023-10-16,3450000,494275,237632,13,2,0,Normal
Loan3050266,Client142132,Nyagatare,2023-10-16,2750000,172927,175915,13,2,0,Normal
Loan3050272,Client22957,Nyagatare,2023-10-16,1590000,43213,121996,13,3,0,Normal
Loan3050273,Client73899,Nyarugenge,2023-10-16,3500000,1435398,160276,13,2,0,Normal
Loan3050275,Client98800,Rutsiro,2023-10-16,3500000,190895,317267,13,3,0,Normal
Loan3050280,Client155942,Gasabo,2023-10-16,1500000,65850,116257,13,2,0,Normal
Loan3050312,Client109881,Nyanza,2023-10-16,1500000,91653,115497,13,3,0,Normal
Loan3050350,Client26213,Rusizi,2023-10-16,1200000,356592,86830,14,3,0,Normal
Loan3050457,Client108308,Rutsiro,2023-10-17,2750000,703197,179750,13,3,0,Normal
Loan3050476,Client98471,Rubavu,2023-10-17,1760000,630011,112993,13,2,0,Normal
Loan3050482,Client113014,Rutsiro,2023-10-17,1750000,402201,108009,13,2,0,Normal
Loan3050491,Client22689,Rutsiro,2023-10-17,2700000,1073106,177850,13,2,0,Normal
Loan3050543,Client168688,Rusizi,2023-10-17,1590000,44098,116257,13,3,0,Normal
Loan3050552,Client175424,Rusizi,2023-10-17,2760000,522831,214261,13,3,0,Normal
Loan3050559,Client81261,Rubavu,2023-10-17,3500000,340683,230524,13,3,0,Normal
Loan3050566,Client43030,Rutsiro,2023-10-17,2050000,826864,125730,13,2,0,Normal
Loan3050567,Client147092,Rubavu,2023-10-17,1590000,141978,101163,13,3,0,Normal
Loan3050570,Client106667,Rubavu,2023-10-17,1515000,430345,255110,13,2,0,Normal
Loan3050594,Client146909,Rubavu,2023-10-17,1590000,202712,132887,13,2,0,Normal
Loan3050595,Client140649,Kicukiro,2023-10-17,1570000,87935,114832,13,3,0,Normal
Loan3050608,Client14547,Rutsiro,2023-10-17,1945000,239553,142508,13,3,0,Normal
Loan3050610,Client157572,Gasabo,2023-10-17,1590000,94629,101395,13,2,0,Normal
Loan3050615,Client2450,Rubavu,2023-10-17,3500000,5132854,285921,13,2,0,Normal
Loan3050618,Client41370,Nyanza,2023-10-17,1860000,127218,142511,13,3,0,Normal
Loan3050627,Client145270,Nyamagabe,2023-10-17,1540000,114458,99565,13,2,0,Normal
Loan3050632,Client66535,Rubavu,2023-10-17,3500000,1210210,306658,13,2,0,Normal
Loan3050636,Client77749,Rutsiro,2023-10-17,3500000,720705,256553,13,3,0,Normal
Loan3050645,Client179654,Rutsiro,2023-10-17,1600000,48894,107800,13,3,0,Normal
Loan3050648,Client78242,Nyamagabe,2023-10-17,1800000,146308,135660,13,2,0,Normal
Loan3050657,Client12437,Nyarugenge,2023-10-17,2130000,261909,136721,13,2,0,Normal
Loan3050664,Client66065,Nyanza,2023-10-17,2790000,1075800,180130,13,2,0,Normal
Loan3050666,Client168679,Rusizi,2023-10-17,1500000,89972,107288,13,2,0,Normal
Loan3050677,Client175731,Rusizi,2023-10-17,1520000,43534,100838,13,2,0,Normal
Loan3050683,Client46791,Nyanza,2023-10-17,2760000,119236,214261,13,2,0,Normal
Loan3050688,Client48412,Nyamagabe,2023-10-17,2100000,337935,135864,13,2,0,Normal
Loan3050717,Client56824,Rusizi,2023-10-17,3500000,201373,231740,13,2,0,Normal
Loan3050727,Client174067,Nyamagabe,2023-10-17,1570000,60783,107834,13,2,0,Normal
Loan3050731,Client161791,Nyanza,2023-10-17,1590000,35085,114832,13,3,0,Normal
Loan3050761,Client158024,Nyagatare,2023-10-17,1590000,98969,114832,13,3,0,Normal
Loan3050765,Client129536,Kicukiro,2023-10-17,1570000,48709,105863,13,2,0,Normal
Loan3050788,Client7974,Nyamagabe,2023-10-17,2000000,898511,135711,13,3,0,Normal
Loan3050792,Client161536,Rusizi,2023-10-17,1595000,57356,106134,13,3,0,Normal
Loan3050796,Client97212,Rutsiro,2023-10-17,1780000,229579,136834,13,2,0,Normal
Loan3050797,Client166357,Rusizi,2023-10-17,1475000,48781,107288,13,3,0,Normal
Loan3050801,Client57716,Rutsiro,2023-10-17,2000000,759983,140529,13,2,0,Normal
Loan3050812,Client160194,Rutsiro,2023-10-17,1600000,166958,115500,13,3,0,Normal
Loan3050835,Client138535,Gasabo,2023-10-17,3099000,129789,220365,13,3,0,Normal
Loan3050845,Client140194,Nyanza,2023-10-17,2760000,195798,177897,13,3,0,Normal
Loan3050871,Client11267,Rutsiro,2023-10-17,2000000,380530,156496,13,2,0,Normal
Loan3050959,Client110551,Rutsiro,2023-10-18,1720000,162774,128981,13,2,0,Normal
Loan3050973,Client123159,Rutsiro,2023-10-18,1600000,231828,101068,13,2,0,Normal
Loan3050978,Client18588,Nyamagabe,2023-10-18,1980000,773266,119004,13,2,0,Normal
Loan3051009,Client46743,Ngororero,2023-10-18,1680000,425992,141699,13,3,0,Normal
Loan3051018,Client57668,HQ,2023-10-18,2000000,789771,703114,14,2,0,Normal
Loan3051030,Client125442,Ngororero,2023-10-18,1580000,68577,95059,13,2,0,Normal
Loan3051032,Client147800,Nyamagabe,2023-10-18,1200000,149752,98615,13,3,0,Normal
Loan3051037,Client109491,Gasabo,2023-10-18,3200000,179027,229132,13,3,0,Normal
Loan3051051,Client51262,Gasabo,2023-10-18,2760000,62932,215686,13,2,0,Normal
Loan3051065,Client131225,Nyamagabe,2023-10-18,1570000,113624,100515,13,2,0,Normal
Loan3051067,Client165025,Kicukiro,2023-10-18,1350000,225185,160276,13,2,0,Normal
Loan3051116,Client148103,Rubavu,2023-10-18,600000,240544,101163,13,2,0,Normal
Loan3051123,Client126501,Kicukiro,2023-10-18,1970000,865253,114026,14,3,0,Normal
Loan3051129,Client129333,Ngororero,2023-10-18,1500000,67495,99334,13,2,0,Normal
Loan3051137,Client69552,Gasabo,2023-10-18,3500000,494936,253807,13,2,0,Normal
Loan3051157,Client160451,Gasabo,2023-10-18,1590000,95772,107288,13,3,0,Normal
Loan3051166,Client191162,Kicukiro,2023-10-18,2800000,123754,280303,14,3,0,Normal
Loan3051167,Client139034,Nyamagabe,2023-10-18,1500000,60174,122019,13,2,0,Normal
Loan3051168,Client142471,Nyagatare,2023-10-18,1590000,173395,98962,13,3,0,Normal
Loan3051182,Client173387,Kicukiro,2023-10-18,3210000,66799,216409,13,2,0,Normal
Loan3051200,Client57731,Rubavu,2023-10-18,3370000,273005,240631,13,3,0,Normal
Loan3051205,Client169434,Nyamagabe,2023-10-18,1500000,28544,101940,13,3,0,Normal
Loan3051212,Client186494,Rubavu,2023-10-18,3500000,533616,235986,13,2,0,Normal
Loan3051220,Client173616,Gasabo,2023-10-18,1590000,184932,115938,13,2,0,Normal
Loan3051226,Client128144,Nyagatare,2023-10-18,3420000,97416,206065,13,3,0,Normal
Loan3051229,Client73025,Rusizi,2023-10-18,1630000,326237,103754,13,2,0,Normal
Loan3051271,Client173407,Gasabo,2023-10-18,1250000,754293,151607,14,3,1,Written off
Loan3051280,Client72452,Rutsiro,2023-10-18,1850000,249995,119766,13,3,0,Normal
Loan3051285,Client150416,Rusizi,2023-10-18,1475000,59162,114396,13,2,0,Normal
Loan3051297,Client110105,Rusizi,2023-10-18,1495000,525376,53306,13,2,0,Normal
Loan3051298,Client158206,Ngororero,2023-10-18,1500000,75939,101120,13,3,0,Normal
Loan3051304,Client8039,Rusizi,2023-10-18,4730000,185144,242442,13,1,0,Normal
Loan3051306,Client15407,Gasabo,2023-10-18,2040000,210621,150712,13,3,0,Normal
Loan3051321,Client110307,Nyagatare,2023-10-18,3500000,1537293,247866,13,2,0,Normal
Loan3051348,Client150415,Rusizi,2023-10-18,1590000,165886,101120,13,3,0,Normal
Loan3051359,Client61874,Rusizi,2023-10-18,3500000,783723,233086,13,3,0,Normal
Loan3051367,Client146696,Rusizi,2023-10-18,1590000,238521,102545,13,2,0,Normal
Loan3051473,Client143116,Rutsiro,2023-10-19,1600000,320729,101638,13,3,0,Normal
Loan3051484,Client5810,Nyagatare,2023-10-19,2670000,1224109,203524,13,3,0,Normal
Loan3051500,Client22470,Rutsiro,2023-10-19,3500000,1327827,108009,13,3,0,Normal
Loan3051516,Client118,Rubavu,2023-10-19,1500000,91544,102609,13,2,0,Normal
Loan3051517,Client165831,Rusizi,2023-10-19,1595000,88506,115843,13,2,0,Normal
Loan3051533,Client148629,Rubavu,2023-10-19,1400000,210864,96413,13,4,0,Normal
Loan3051544,Client173469,Rutsiro,2023-10-19,1600000,285805,103063,13,3,0,Normal
Loan3051551,Client156260,Gasabo,2023-10-19,1590000,145488,101395,13,3,0,Normal
Loan3051553,Client67394,Gasabo,2023-10-19,1860000,104427,137030,13,2,0,Normal
Loan3051557,Client32124,Rusizi,2023-10-19,3000000,296867,246206,13,2,0,Normal
Loan3051570,Client176951,Nyanza,2023-10-19,2000000,553224,220365,13,2,0,Normal
Loan3051578,Client190671,Nyanza,2023-10-19,1940000,142758,91739,14,3,0,Normal
Loan3051591,Client41046,Nyanza,2023-10-19,1630000,227144,99296,13,3,0,Normal
Loan3051597,Client75249,Nyanza,2023-10-19,3500000,449815,284136,13,2,0,Normal
Loan3051599,Client175584,Rubavu,2023-10-19,1410000,33342,103063,13,3,0,Normal
Loan3051600,Client8241,Gasabo,2023-10-19,3500000,627679,306000,13,2,0,Normal
Loan3051608,Client173438,Rusizi,2023-10-19,1590000,268198,137030,13,3,0,Normal
Loan3051610,Client41281,Nyanza,2023-10-19,1820000,131561,140611,13,2,0,Normal
Loan3051613,Client121725,Rusizi,2023-10-19,1685000,82504,123814,13,2,0,Normal
Loan3051614,Client94143,Nyanza,2023-10-19,1720000,127704,133201,13,2,0,Normal
Loan3051622,Client65467,Rusizi,2023-10-19,3500000,1836244,335389,13,2,0,Normal
Loan3051632,Client18320,Gasabo,2023-10-19,1345000,93555,94100,14,3,0,Normal
Loan3051633,Client155763,Rusizi,2023-10-19,1595000,57485,94038,13,3,0,Normal
Loan3051637,Client122439,Ngororero,2023-10-19,1570000,75797,99809,13,2,0,Normal
Loan3051642,Client56461,Rusizi,2023-10-19,1380000,303513,189416,13,2,0,Normal
Loan3051669,Client154499,Nyarugenge,2023-10-19,1520000,57469,111775,13,2,0,Normal
Loan3051675,Client59318,Rusizi,2023-10-19,3500000,773283,294364,13,3,0,Normal
Loan3051695,Client168084,Rusizi,2023-10-19,1545000,109788,111982,13,2,0,Normal
Loan3051701,Client167711,Rusizi,2023-10-19,1590000,82448,116257,13,3,0,Normal
Loan3051706,Client53542,Nyamagabe,2023-10-19,2720000,118875,177747,13,3,0,Normal
Loan3051713,Client162247,Nyamagabe,2023-10-19,1570000,25238,128522,13,2,0,Normal
Loan3051721,Client126427,Nyamagabe,2023-10-19,1550000,67749,99522,13,2,0,Normal
Loan3051731,Client163215,Rusizi,2023-10-19,3410000,417259,223864,13,2,0,Normal
Loan3051754,Client150531,Rusizi,2023-10-19,1500000,60917,115938,13,3,0,Normal
Loan3051894,Client42962,Rutsiro,2023-10-20,1930000,312979,143399,13,2,0,Normal
Loan3051898,Client65846,Rutsiro,2023-10-20,3410000,746512,228614,13,2,0,Normal
Loan3051900,Client165101,Kicukiro,2023-10-20,1570000,59976,114513,13,3,0,Normal
Loan3051901,Client104721,Nyamagabe,2023-10-20,2500000,142717,194206,13,3,0,Normal
Loan3051916,Client91343,Rutsiro,2023-10-20,1625000,69756,113648,13,2,0,Normal
Loan3051935,Client2448,Rutsiro,2023-10-20,2795000,628584,200687,13,3,0,Normal
Loan3051937,Client25697,Nyagatare,2023-10-20,3500000,827501,392933,13,2,0,Normal
Loan3051946,Client134992,Gasabo,2023-10-20,1500000,349919,102690,14,3,0,Normal
Loan3051970,Client133943,Rubavu,2023-10-20,1590000,190653,101163,13,3,0,Normal
Loan3051980,Client86220,Kicukiro,2023-10-20,3500000,451176,304584,13,2,0,Normal
Loan3051982,Client166722,Rutsiro,2023-10-20,1590000,248170,107800,13,2,0,Normal
Loan3051994,Client105158,Nyamagabe,2023-10-20,1700000,101656,128522,13,2,0,Normal
Loan3051996,Client153956,Nyanza,2023-10-20,600000,59992,114513,13,3,0,Normal
Loan3052005,Client40552,Ngororero,2023-10-20,760000,88829,141199,13,2,0,Normal
Loan3052007,Client69506,Nyagatare,2023-10-20,3500000,990405,113164,13,3,0,Normal
Loan3052013,Client176058,Gasabo,2023-10-20,2700000,1540775,242442,13,3,1,Written off
Loan3052015,Client47864,Nyamagabe,2023-10-20,1900000,795058,250645,13,2,0,Normal
Loan3052016,Client166731,Rusizi,2023-10-20,1520000,79987,101645,13,2,0,Normal
Loan3052022,Client110321,Nyagatare,2023-10-20,1540000,255280,95748,13,3,0,Normal
Loan3052025,Client154621,Nyarugenge,2023-10-20,1580000,182004,101923,13,3,0,Normal
Loan3052045,Client73482,Nyanza,2023-10-20,3130000,723112,202716,13,2,0,Normal
Loan3052051,Client146354,Nyanza,2023-10-20,1500000,267439,100041,13,3,0,Normal
Loan3052055,Client125608,Nyagatare,2023-10-20,1520000,74137,121996,13,3,0,Normal
Loan3052058,Client124486,Nyarugenge,2023-10-20,1400000,424136,98693,13,2,0,Normal
Loan3052059,Client117521,Nyagatare,2023-10-20,3500000,445966,265298,13,2,0,Normal
Loan3052071,Client157143,Nyagatare,2023-10-20,1590000,107523,98962,13,2,0,Normal
Loan3052072,Client124106,Rusizi,2023-10-20,3500000,727689,99997,13,2,0,Normal
Loan3052073,Client161784,Gasabo,2023-10-20,1555000,607241,228865,14,3,0,Normal
Loan3052074,Client150564,Nyanza,2023-10-20,1590000,37499,100041,13,2,0,Normal
Loan3052086,Client125270,Nyagatare,2023-10-20,3500000,796110,226317,13,2,0,Normal
Loan3052092,Client158559,Nyarugenge,2023-10-20,1000000,53489,98324,13,2,0,Normal
Loan3052095,Client119182,Nyagatare,2023-10-20,1680000,435803,122389,13,2,0,Normal
Loan3052100,Client158857,Gasabo,2023-10-20,1316000,29324,136135,14,3,0,Normal
Loan3052102,Client130605,Nyagatare,2023-10-20,3380000,172343,227061,13,3,0,Normal
Loan3052108,Client149319,Rusizi,2023-10-20,1590000,62202,101120,13,2,0,Normal
Loan3052111,Client170728,Nyagatare,2023-10-20,3150000,548240,226317,13,3,0,Normal
Loan3052123,Client18754,Rubavu,2023-10-20,1940000,206752,142639,13,2,0,Normal
Loan3052128,Client1320,Nyagatare,2023-10-20,3500000,1791310,263336,13,3,0,Normal
Loan3052136,Client162908,Nyanza,2023-10-20,2920000,77587,210657,13,3,0,Normal
Loan3052152,Client33291,Gasabo,2023-10-20,3180000,389539,230711,14,2,0,Normal
Loan3052159,Client72102,Nyagatare,2023-10-20,3500000,405903,271381,13,2,0,Normal
Loan3052164,Client172008,Nyagatare,2023-10-20,1590000,262496,209440,13,3,0,Normal
Loan3052165,Client147796,Nyamagabe,2023-10-20,1500000,291560,99090,13,2,0,Normal
Loan3052168,Client131067,Nyanza,2023-10-20,3070000,112837,228890,13,3,0,Normal
Loan3052181,Client78561,Nyagatare,2023-10-20,1770000,181461,141528,13,3,0,Normal
Loan3052202,Client120595,Nyagatare,2023-10-20,3500000,1314391,282434,13,2,0,Normal
Loan3052239,Client121388,Nyarugenge,2023-10-20,2930000,158373,210507,13,3,0,Normal
Loan3052249,Client58155,Nyanza,2023-10-20,2670000,93728,193044,13,2,0,Normal
Loan3052250,Client160819,Nyarugenge,2023-10-20,1470000,45532,90775,14,3,0,Normal
Loan3052284,Client7700,HQ,2023-10-20,1783634,722489,135758,14,3,0,Normal
Loan3052473,Client32058,Gasabo,2023-10-21,3500000,2447392,228865,14,2,0,Normal
Loan3052517,Client2971,Gasabo,2023-10-21,2600000,1261640,205084,14,3,0,Normal
Loan3052542,Client190928,Rusizi,2023-10-21,1170000,26814,144914,14,3,0,Normal
Loan3052596,Client125623,Nyagatare,2023-10-21,1420000,53264,91362,13,2,0,Normal
Loan3052908,Client145333,Rubavu,2023-10-23,1520000,95878,96413,13,3,0,Normal
Loan3052946,Client10163,Gasabo,2023-10-23,2200000,290928,165764,13,2,0,Normal
Loan3052974,Client145936,Rubavu,2023-10-23,1590000,324147,101163,13,3,0,Normal
Loan3052987,Client146980,Rubavu,2023-10-23,3500000,769278,230740,13,3,0,Normal
Loan3053008,Client162061,Nyamagabe,2023-10-23,1500000,307451,128522,13,2,0,Normal
Loan3053014,Client142076,Ngororero,2023-10-23,600000,136854,102545,13,3,0,Normal
Loan3053020,Client183821,Nyamagabe,2023-10-23,3240000,477467,121353,13,2,0,Normal
Loan3053028,Client64540,Rusizi,2023-10-23,1705000,118344,132185,13,3,0,Normal
Loan3053039,Client37088,Gasabo,2023-10-23,3500000,1748192,269801,13,2,0,Normal
Loan3053055,Client59651,Rutsiro,2023-10-23,1780000,72117,130380,13,2,0,Normal
Loan3053056,Client142351,Rutsiro,2023-10-23,3350000,513137,225990,13,3,0,Normal
Loan3053068,Client149578,Nyagatare,2023-10-23,1590000,45761,114513,13,3,0,Normal
Loan3053072,Client129094,Nyamagabe,2023-10-23,3350000,643824,199921,13,3,0,Normal
Loan3053075,Client169861,Nyagatare,2023-10-23,1520000,109523,109763,13,3,0,Normal
Loan3053081,Client146863,Rubavu,2023-10-23,1590000,264990,101163,13,3,0,Normal
Loan3053097,Client64031,Rusizi,2023-10-23,1650000,130716,109839,13,2,0,Normal
Loan3053108,Client166042,Rubavu,2023-10-23,1590000,28635,107824,13,3,0,Normal
Loan3053110,Client5413,Rusizi,2023-10-23,2245000,659427,171897,13,3,0,Normal
Loan3053135,Client170209,Nyagatare,2023-10-23,1590000,245184,98962,13,3,0,Normal
Loan3053140,Client43155,Rusizi,2023-10-23,1585000,114184,157505,13,1,0,Normal
Loan3053142,Client142185,Nyarugenge,2023-10-23,1560000,51656,100688,13,3,0,Normal
Loan3053152,Client118030,Rusizi,2023-10-23,1200000,839070,196553,13,3,0,Normal
Loan3053153,Client145456,Nyamagabe,2023-10-23,1500000,67741,105600,13,2,0,Normal
Loan3053157,Client176154,Nyanza,2023-10-23,1590000,63822,114513,13,2,0,Normal
Loan3053164,Client121975,Kicukiro,2023-10-23,3500000,173218,284591,13,3,0,Normal
Loan3053173,Client31862,Ngororero,2023-10-23,2080000,334587,149307,13,2,0,Normal
Loan3053175,Client102320,Nyagatare,2023-10-23,3500000,444195,274929,13,3,0,Normal
Loan3053188,Client131069,Rubavu,2023-10-23,3090000,109508,219997,13,3,0,Normal
Loan3053189,Client52121,Kicukiro,2023-10-23,1840000,342081,103063,13,2,0,Normal
Loan3053195,Client22665,Rutsiro,2023-10-23,2500000,267743,184522,13,2,0,Normal
Loan3053304,Client172005,Nyagatare,2023-10-24,1100000,56476,104941,13,2,0,Normal
Loan3053345,Client14631,Ngororero,2023-10-24,1980000,134720,146903,13,3,0,Normal
Loan3053358,Client148002,Nyanza,2023-10-24,1590000,76392,122389,13,3,0,Normal
Loan3053369,Client77899,Ngororero,2023-10-24,1650000,112669,128603,13,2,0,Normal
Loan3053379,Client128088,Nyamagabe,2023-10-24,1640000,69246,120964,13,2,0,Normal
Loan3053386,Client147413,Rubavu,2023-10-24,1520000,93814,96413,13,2,0,Normal
Loan3053397,Client131952,Rubavu,2023-10-24,1590000,280794,107834,13,3,0,Normal
Loan3053412,Client172623,Rusizi,2023-10-24,2735000,539101,237411,13,2,0,Normal
Loan3053428,Client2251,Rubavu,2023-10-24,2140000,257136,155779,13,2,0,Normal
Loan3053432,Client37168,Gasabo,2023-10-24,2000000,185804,164264,13,3,0,Normal
Loan3053433,Client165836,Rusizi,2023-10-24,1590000,160875,116296,13,2,0,Normal
Loan3053470,Client151899,Nyarugenge,2023-10-24,1500000,51932,101659,13,2,0,Normal
Loan3053476,Client66074,Nyagatare,2023-10-24,1680000,673093,105248,13,3,0,Normal
Loan3053520,Client125604,Nyagatare,2023-10-24,2650000,125016,185232,13,3,0,Normal
Loan3053521,Client5511,Gasabo,2023-10-24,2275000,122962,166602,13,3,0,Normal
Loan3053529,Client6690,Nyamagabe,2023-10-24,2000000,203770,160539,13,3,0,Normal
Loan3053549,Client38569,Gasabo,2023-10-24,2760000,494266,199219,13,3,0,Normal
Loan3053552,Client19614,Nyarugenge,2023-10-24,1920000,86226,119291,13,2,0,Normal
Loan3053597,Client138739,Gasabo,2023-10-24,3090000,653897,208884,13,2,0,Normal
Loan3053638,Client113205,Gasabo,2023-10-24,2325000,115794,236505,14,2,0,Normal
Loan3053655,Client16362,Gasabo,2023-10-24,2210000,915417,143379,13,3,0,Normal
Loan3053809,Client165500,Nyanza,2023-10-25,1500000,42751,122389,13,2,0,Normal
Loan3053820,Client178303,Nyamagabe,2023-10-25,1320000,52133,97706,13,2,0,Normal
Loan3053822,Client167305,Rubavu,2023-10-25,1520000,27600,112993,13,3,0,Normal
Loan3053839,Client400,Kicukiro,2023-10-25,2240000,1050232,138260,13,3,0,Normal
Loan3053848,Client82563,Kicukiro,2023-10-25,3500000,1947555,269353,13,3,0,Normal
Loan3053849,Client148756,Nyamagabe,2023-10-25,1560000,28983,100515,13,3,0,Normal
Loan3053872,Client145776,Rutsiro,2023-10-25,1550000,57791,101638,13,3,0,Normal
Loan3053873,Client131912,Nyanza,2023-10-25,1590000,81421,100041,13,2,0,Normal
Loan3053886,Client45408,Rusizi,2023-10-25,1030000,192758,138233,13,2,0,Normal
Loan3053888,Client21521,Rubavu,2023-10-25,2018000,661516,148867,13,3,0,Normal
Loan3053892,Client111061,Gasabo,2023-10-25,1514000,377547,123814,13,2,0,Normal
Loan3053897,Client64260,Rutsiro,2023-10-25,1570000,192759,113648,13,2,0,Normal
Loan3053905,Client87318,Gasabo,2023-10-25,2940000,107574,214722,14,3,0,Normal
Loan3053907,Client154633,Rubavu,2023-10-25,1590000,98624,114625,13,2,0,Normal
Loan3053919,Client55915,Gasabo,2023-10-25,2200000,1084389,312110,14,2,0,Normal
Loan3053936,Client65924,Rutsiro,2023-10-25,1100000,2911648,381846,13,3,0,Normal
Loan3053938,Client13145,Nyamagabe,2023-10-25,2000000,964076,129863,13,3,0,Normal
Loan3053946,Client80758,Nyagatare,2023-10-25,2500000,1870155,305690,13,2,0,Normal
Loan3053948,Client7654,Nyamagabe,2023-10-25,2100000,341949,193289,13,2,0,Normal
Loan3053955,Client127093,Rutsiro,2023-10-25,2310000,83609,213032,13,2,0,Normal
Loan3053967,Client172899,Nyamagabe,2023-10-25,2350000,212021,171072,13,2,0,Normal
Loan3053979,Client67513,Nyamagabe,2023-10-25,1660000,116027,131805,13,3,0,Normal
Loan3053998,Client2545,Rutsiro,2023-10-25,1900000,303502,133053,13,2,0,Normal
Loan3054004,Client15951,Nyagatare,2023-10-25,1870000,371468,143653,13,3,0,Normal
Loan3054029,Client133896,Rubavu,2023-10-25,1590000,69209,122146,13,2,0,Normal
Loan3054032,Client16250,Rutsiro,2023-10-25,2750000,354782,196920,13,3,0,Normal
Loan3054039,Client109490,Gasabo,2023-10-25,2820000,1115856,168568,13,3,0,Normal
Loan3054045,Client84705,Gasabo,2023-10-25,3500000,1976226,160276,13,3,0,Normal
Loan3054052,Client157582,Gasabo,2023-10-25,1590000,128622,101395,13,2,0,Normal
Loan3054104,Client17485,Rusizi,2023-10-25,1945000,929894,117599,13,2,1,Written off
Loan3054115,Client155538,Rusizi,2023-10-25,1555000,41429,98962,13,3,0,Normal
Loan3054124,Client161897,Rusizi,2023-10-25,1595000,60434,107739,13,3,0,Normal
Loan3054138,Client127145,Rusizi,2023-10-25,1590000,308607,101120,13,3,0,Normal
Loan3054142,Client174654,Rusizi,2023-10-25,800000,281919,107739,13,2,0,Normal
Loan3054278,Client78262,Nyamagabe,2023-10-26,1700000,342902,133760,13,3,0,Normal
Loan3054299,Client5126,Rutsiro,2023-10-26,2100000,300287,157600,13,3,0,Normal
Loan3054303,Client66902,Nyagatare,2023-10-26,3500000,770394,289179,13,2,0,Normal
Loan3054306,Client174687,Gasabo,2023-10-26,1500000,121508,189868,14,3,0,Normal
Loan3054318,Client87860,Rubavu,2023-10-26,3390000,179228,235058,13,3,0,Normal
Loan3054330,Client59175,Rutsiro,2023-10-26,1700000,330791,250729,13,2,0,Normal
Loan3054348,Client1626,Rubavu,2023-10-26,2500000,1357500,203789,13,3,0,Normal
Loan3054353,Client109398,Rutsiro,2023-10-26,1700000,554256,128981,13,3,0,Normal
Loan3054373,Client124492,Rutsiro,2023-10-26,1600000,380545,98693,13,3,0,Normal
Loan3054376,Client123117,Kicukiro,2023-10-26,3500000,175620,271381,13,2,0,Normal
Loan3054378,Client65734,Rutsiro,2023-10-26,3420000,119464,225420,13,3,0,Normal
Loan3054403,Client117388,Rusizi,2023-10-26,1135000,70782,215772,14,2,0,Normal
Loan3054411,Client99366,Nyamagabe,2023-10-26,3500000,217152,338534,13,2,0,Normal
Loan3054455,Client156857,Nyagatare,2023-10-26,1490000,34782,111032,13,3,0,Normal
Loan3054471,Client155515,Nyagatare,2023-10-26,1590000,316536,98962,13,3,0,Normal
Loan3054473,Client76195,Rusizi,2023-10-26,1770000,515955,112689,13,2,0,Normal
Loan3054481,Client170754,Nyagatare,2023-10-26,1500000,129079,114832,13,3,0,Normal
Loan3054491,Client113063,Nyagatare,2023-10-26,2200000,643614,139633,13,3,0,Normal
Loan3054510,Client171147,Nyagatare,2023-10-26,1590000,185644,103647,13,2,0,Normal
Loan3054538,Client140963,Nyarugenge,2023-10-26,3200000,235709,229633,13,2,0,Normal
Loan3054539,Client174535,Gasabo,2023-10-26,774000,-15208,228865,14,3,0,Normal
Loan3054548,Client129968,Nyagatare,2023-10-26,1590000,226879,98962,13,2,0,Normal
Loan3054567,Client168055,Rusizi,2023-10-26,1590000,126026,107729,13,3,0,Normal
Loan3054623,Client109523,Rusizi,2023-10-26,2000000,1046651,226239,13,3,0,Normal
Loan3054632,Client108734,Nyanza,2023-10-26,1600000,59845,126131,13,3,0,Normal
Loan3054655,Client8188,Rusizi,2023-10-26,2030000,898975,130660,13,2,0,Normal
Loan3054795,Client2240,Rubavu,2023-10-27,2820000,1324410,174281,13,3,0,Normal
Loan3054808,Client42737,Rutsiro,2023-10-27,1900000,826143,116916,13,2,0,Normal
Loan3054828,Client164000,Rubavu,2023-10-27,2350000,80468,294243,13,2,0,Normal
Loan3054847,Client108603,Rubavu,2023-10-27,1760000,479060,121792,13,3,0,Normal
Loan3054861,Client28192,Nyamagabe,2023-10-27,2000000,277674,192310,13,3,0,Normal
Loan3054864,Client129739,Rusizi,2023-10-27,1590000,93386,122389,13,3,0,Normal
Loan3054895,Client100352,Ngororero,2023-10-27,2000000,984975,309033,13,2,0,Normal
Loan3054896,Client50893,Rubavu,2023-10-27,3150000,1133315,231131,13,2,0,Normal
Loan3054902,Client100823,Ngororero,2023-10-27,1730000,132090,106090,13,2,0,Normal
Loan3054919,Client145425,Nyamagabe,2023-10-27,1430000,138845,96409,13,3,0,Normal
Loan3054924,Client164402,Kicukiro,2023-10-27,1200000,39043,145363,14,2,0,Normal
Loan3054930,Client154190,Rusizi,2023-10-27,3500000,84462,232640,13,3,0,Normal
Loan3054934,Client104260,Nyanza,2023-10-27,3500000,255083,266345,13,2,0,Normal
Loan3054939,Client170424,Nyagatare,2023-10-27,1590000,160540,114832,13,3,0,Normal
Loan3054941,Client119470,Rutsiro,2023-10-27,2700000,534621,194050,13,2,0,Normal
Loan3054942,Client166643,Rusizi,2023-10-27,1590000,251977,117639,13,2,0,Normal
Loan3054951,Client64506,Rusizi,2023-10-27,1725000,71878,134180,13,3,0,Normal
Loan3054954,Client124635,Ngororero,2023-10-27,2500000,451637,168548,13,3,0,Normal
Loan3054959,Client191083,Gasabo,2023-10-27,1450000,85145,107794,14,3,0,Normal
Loan3054978,Client125446,Ngororero,2023-10-27,1550000,418745,99809,13,3,0,Normal
Loan3054983,Client51800,Gasabo,2023-10-27,3500000,1469957,188261,14,3,0,Normal
Loan3054991,Client166085,Rusizi,2023-10-27,700000,150413,109987,13,2,0,Normal
Loan3054992,Client191320,Gasabo,2023-10-27,1370000,37158,110199,14,3,0,Normal
Loan3055018,Client122697,Rusizi,2023-10-27,3500000,1073858,268048,13,3,0,Normal
Loan3055031,Client167841,Rusizi,2023-10-27,1500000,77067,116525,13,2,0,Normal
Loan3055036,Client100883,Kicukiro,2023-10-27,1570000,113397,122389,13,2,0,Normal
Loan3055042,Client23033,Nyagatare,2023-10-27,3500000,421377,338638,13,3,0,Normal
Loan3055048,Client108873,Rusizi,2023-10-27,1095000,133433,259474,14,3,0,Normal
Loan3055053,Client43065,HQ,2023-10-27,1774646,548205,140505,14,3,0,Normal
Loan3055056,Client155540,Nyagatare,2023-10-27,1590000,71192,98962,13,3,0,Normal
Loan3055062,Client18189,Rusizi,2023-10-27,800000,146513,148903,13,2,0,Normal
Loan3055064,Client62202,Nyagatare,2023-10-27,3200000,1562986,205141,13,3,0,Normal
Loan3055078,Client110347,Nyagatare,2023-10-27,2960000,973489,249380,13,3,0,Normal
Loan3055117,Client130111,Ngororero,2023-10-27,800000,375579,101234,13,3,0,Normal
Loan3055122,Client59826,Ngororero,2023-10-27,1600000,357473,111571,13,3,0,Normal
Loan3055127,Client118904,Ngororero,2023-10-27,1350000,73196,108139,13,3,0,Normal
Loan3055130,Client51221,Nyagatare,2023-10-27,1720000,727217,134210,13,3,0,Normal
Loan3055136,Client16804,Gasabo,2023-10-27,1960000,242672,131500,14,3,0,Normal
Loan3055140,Client170757,Nyagatare,2023-10-27,3450000,100749,246086,13,3,0,Normal
Loan3055174,Client156556,Gasabo,2023-10-27,1590000,55545,101395,13,3,0,Normal
Loan3055709,Client98135,Rutsiro,2023-10-30,3400000,103910,242189,13,3,0,Normal
Loan3055757,Client66322,Ngororero,2023-10-30,1700000,273594,128010,13,2,0,Normal
Loan3055770,Client146270,Nyamagabe,2023-10-30,1500000,56723,119296,13,3,0,Normal
Loan3055781,Client50548,Gasabo,2023-10-30,3500000,325219,298115,13,3,0,Normal
Loan3055796,Client155724,Nyamagabe,2023-10-30,1580000,320064,102545,13,2,0,Normal
Loan3055797,Client98189,Kicukiro,2023-10-30,400000,696093,161834,14,3,1,Written off
Loan3055801,Client44267,Rutsiro,2023-10-30,3300000,658789,116746,13,2,0,Normal
Loan3055812,Client87060,Nyanza,2023-10-30,2750000,903367,177897,13,2,0,Normal
Loan3055815,Client172498,Ngororero,2023-10-30,1450000,160117,160276,13,2,0,Normal
Loan3055825,Client191094,Nyagatare,2023-10-30,800000,90996,228865,14,3,0,Normal
Loan3055829,Client175019,Ngororero,2023-10-30,2300000,239303,174860,13,3,0,Normal
Loan3055837,Client150404,Nyanza,2023-10-30,1590000,56154,100041,13,3,0,Normal
Loan3055844,Client168918,Nyanza,2023-10-30,1590000,48868,107288,13,3,0,Normal
Loan3055850,Client56729,Nyamagabe,2023-10-30,1790000,283004,133958,13,2,0,Normal
Loan3055867,Client149386,Nyanza,2023-10-30,1520000,63969,109763,13,2,0,Normal
Loan3055871,Client139182,Nyanza,2023-10-30,1590000,59058,100041,13,3,0,Normal
Loan3055876,Client119440,Rubavu,2023-10-30,2760000,397230,243520,13,2,0,Normal
Loan3055877,Client150618,Rusizi,2023-10-30,1450000,76427,93045,13,2,0,Normal
Loan3055880,Client121814,Rubavu,2023-10-30,1580000,81171,107133,13,2,0,Normal
Loan3055906,Client166965,Rusizi,2023-10-30,1590000,100446,116257,13,2,0,Normal
Loan3055919,Client101443,Rusizi,2023-10-30,1685000,167822,129947,13,2,0,Normal
Loan3055933,Client70697,Nyamagabe,2023-10-30,3500000,515325,251346,13,3,0,Normal
Loan3055934,Client117759,Gasabo,2023-10-30,3148000,180818,227756,14,2,0,Normal
Loan3055946,Client119307,Gasabo,2023-10-30,2535000,91614,227387,14,3,0,Normal
Loan3055949,Client42764,Rubavu,2023-10-30,1065000,74819,144117,14,2,0,Normal
Loan3055950,Client109136,Nyarugenge,2023-10-30,3000000,169453,235358,13,2,0,Normal
Loan3056178,Client132477,Gasabo,2023-10-31,3500000,922906,136180,13,3,0,Normal
Loan3056180,Client122600,Rutsiro,2023-10-31,1580000,181429,101543,13,2,0,Normal
Loan3056183,Client66510,Rubavu,2023-10-31,3500000,943805,307745,13,3,0,Normal
Loan3056190,Client49903,Gasabo,2023-10-31,1650000,720224,122347,13,3,0,Normal
Loan3056201,Client46763,Rusizi,2023-10-31,1705000,77386,132185,13,2,0,Normal
Loan3056202,Client33113,Gasabo,2023-10-31,3500000,602012,283933,13,2,0,Normal
Loan3056219,Client45987,Nyanza,2023-10-31,3200000,1076072,240880,13,3,0,Normal
Loan3056226,Client173166,Gasabo,2023-10-31,1600000,16013,115424,13,3,0,Normal
Loan3056229,Client45826,Rusizi,2023-10-31,1785000,121157,124839,13,2,0,Normal
Loan3056232,Client88044,Nyamagabe,2023-10-31,1780000,100383,132755,13,3,0,Normal
Loan3056241,Client144695,Nyamagabe,2023-10-31,1500000,45345,95765,13,2,0,Normal
Loan3056256,Client21973,Nyarugenge,2023-10-31,1930000,130179,143337,13,2,0,Normal
Loan3056257,Client125716,Rusizi,2023-10-31,2710000,272401,195860,13,3,0,Normal
Loan3056258,Client27923,Nyamagabe,2023-10-31,3500000,1854403,232710,13,2,0,Normal
Loan3056260,Client14459,Rubavu,2023-10-31,2100000,467160,234730,14,2,0,Normal
Loan3056269,Client99566,Rubavu,2023-10-31,3500000,537644,230645,13,2,0,Normal
Loan3056281,Client104802,Nyagatare,2023-10-31,1500000,97964,121236,13,3,0,Normal
Loan3056285,Client1206,Rusizi,2023-10-31,2005000,225080,150855,13,3,0,Normal
Loan3056294,Client78704,Nyagatare,2023-10-31,1560000,68001,123852,13,3,0,Normal
Loan3056299,Client157124,Nyagatare,2023-10-31,1540000,134995,136217,13,3,0,Normal
Loan3056303,Client129770,Rusizi,2023-10-31,1555000,137498,98788,13,2,0,Normal
Loan3056305,Client68662,Nyagatare,2023-10-31,3500000,128827,250805,13,3,0,Normal
Loan3056306,Client40822,Ngororero,2023-10-31,2950000,415997,227707,13,3,0,Normal
Loan3056321,Client1360,Rusizi,2023-10-31,2140000,227414,163996,13,3,0,Normal
Loan3056333,Client22966,Nyagatare,2023-10-31,1850000,892200,116676,13,2,0,Normal
Loan3056358,Client134079,Ngororero,2023-10-31,1530000,365945,101234,13,2,0,Normal
Loan3056362,Client64352,Rusizi,2023-10-31,3500000,1153842,231464,13,3,0,Normal
Loan3056375,Client185497,Nyagatare,2023-10-31,3430000,198548,237632,13,2,0,Normal
Loan3056397,Client163401,HQ,2023-10-31,3500000,7341068,1949349,14,2,0,Normal
Loan3056401,Client141220,Gasabo,2023-10-31,1990000,332950,48922,14,2,0,Normal
Loan3056404,Client175112,Nyagatare,2023-10-31,1520000,69824,110082,13,2,0,Normal
Loan3056413,Client126116,Rusizi,2023-10-31,3060000,767648,227795,13,3,0,Normal
Loan3056414,Client125616,Nyagatare,2023-10-31,1590000,173306,98962,13,3,0,Normal
Loan3056421,Client162107,Nyamagabe,2023-10-31,2000000,128608,174688,13,3,0,Normal
Loan3056423,Client164526,Ngororero,2023-10-31,1530000,61947,113949,13,2,0,Normal
Loan3056449,Client184202,Rusizi,2023-10-31,3500000,171730,237637,13,3,0,Normal
Loan3056450,Client191092,Gasabo,2023-10-31,1936000,319770,142065,14,2,0,Normal
Loan3056460,Client125643,Nyagatare,2023-10-31,2770000,355663,198992,13,3,0,Normal
Loan3056476,Client166689,Rusizi,2023-10-31,400000,50482,110713,13,3,0,Normal
Loan3056497,Client161179,Rusizi,2023-10-31,1545000,75433,120571,13,2,0,Normal
Loan3057173,Client75741,Gasabo,2023-11-01,3012000,480498,283400,14,2,0,Normal
Loan3057184,Client13576,Nyamagabe,2023-11-01,2210000,119469,248430,13,2,0,Normal
Loan3057224,Client111723,Nyagatare,2023-11-01,2100000,390860,284429,13,4,0,Normal
Loan3057260,Client78164,Rubavu,2023-11-01,2640000,543001,171805,13,3,0,Normal
Loan3057276,Client40735,Nyamagabe,2023-11-01,3170000,137494,240922,13,2,0,Normal
Loan3057284,Client139338,Nyanza,2023-11-01,1590000,111492,100041,13,3,0,Normal
Loan3057294,Client171825,Rutsiro,2023-11-01,1600000,211967,107834,13,3,0,Normal
Loan3057298,Client118318,Rusizi,2023-11-01,1495000,201333,128981,13,2,0,Normal
Loan3057320,Client11468,Rutsiro,2023-11-01,3500000,405555,273762,13,2,0,Normal
Loan3057322,Client110708,Rusizi,2023-11-01,1640000,90991,126131,13,3,0,Normal
Loan3057354,Client96518,Rutsiro,2023-11-01,1775000,632721,113648,13,4,0,Normal
Loan3057359,Client88725,Rusizi,2023-11-01,3500000,295118,270011,13,2,0,Normal
Loan3057361,Client17726,Rubavu,2023-11-01,1870000,531761,137907,13,2,0,Normal
Loan3057364,Client61374,Rutsiro,2023-11-01,1850000,82368,138486,13,2,0,Normal
Loan3057366,Client69827,Nyanza,2023-11-01,3380000,508791,253522,13,3,0,Normal
Loan3057376,Client60054,Rubavu,2023-11-01,2130000,445380,137475,13,2,0,Normal
Loan3057382,Client28151,Rutsiro,2023-11-01,3500000,482050,308253,13,3,0,Normal
Loan3057383,Client174224,Rubavu,2023-11-01,1600000,239264,101163,13,3,0,Normal
Loan3057388,Client150431,Rusizi,2023-11-01,1590000,91769,107288,13,2,0,Normal
Loan3057395,Client112921,Nyarugenge,2023-11-01,3500000,128754,336740,14,3,0,Normal
Loan3057408,Client143657,Rubavu,2023-11-01,1500000,249663,96413,13,2,0,Normal
Loan3057438,Client65845,Rutsiro,2023-11-01,1375000,561900,162413,14,2,0,Normal
Loan3057444,Client66855,Rutsiro,2023-11-01,1600000,658591,106998,13,2,0,Normal
Loan3057452,Client146850,Rutsiro,2023-11-01,1480000,54819,95463,13,2,0,Normal
Loan3057465,Client165695,Kicukiro,2023-11-01,1570000,156606,114513,13,2,0,Normal
Loan3057542,Client10041,Rusizi,2023-11-01,1310000,764134,91105,14,3,0,Normal
Loan3057601,Client109288,Nyamagabe,2023-11-01,3500000,368148,247219,14,2,0,Normal
Loan3058388,Client111245,Gasabo,2023-11-02,1397000,77313,102419,13,3,0,Normal
Loan3058397,Client180635,Kicukiro,2023-11-02,1570000,251590,105863,13,3,0,Normal
Loan3058417,Client91120,Rubavu,2023-11-02,3500000,1829857,268446,13,3,0,Normal
Loan3058454,Client42763,Rutsiro,2023-11-02,2195000,170782,162043,13,3,0,Normal
Loan3058514,Client42756,Rutsiro,2023-11-02,2760000,103611,180700,13,3,0,Normal
Loan3058535,Client150789,Nyanza,2023-11-02,700000,249320,100041,13,3,0,Normal
Loan3058594,Client67475,Rubavu,2023-11-02,3140000,126134,224821,13,3,0,Normal
Loan3058611,Client132717,Rutsiro,2023-11-02,1580000,66661,101543,13,2,0,Normal
Loan3058662,Client158894,Kicukiro,2023-11-02,1500000,67546,114513,13,2,0,Normal
Loan3058674,Client2059,Rubavu,2023-11-02,3500000,217639,326301,13,2,0,Normal
Loan3058676,Client151063,Rusizi,2023-11-02,1500000,35612,101120,13,2,0,Normal
Loan3058726,Client184690,Ngororero,2023-11-02,3500000,455510,271436,13,3,0,Normal
Loan3058767,Client46793,Ngororero,2023-11-02,1560000,109578,116167,13,3,0,Normal
Loan3058787,Client162066,Rusizi,2023-11-02,1590000,284199,105588,13,2,0,Normal
Loan3058791,Client132914,Rutsiro,2023-11-02,3000000,387290,197147,13,2,0,Normal
Loan3058821,Client70621,Rusizi,2023-11-02,3500000,552348,291465,13,2,0,Normal
Loan3058871,Client171915,Nyarugenge,2023-11-02,1570000,29708,101638,13,2,0,Normal
Loan3058929,Client127069,Rutsiro,2023-11-02,1600000,68671,101543,13,2,0,Normal
Loan3058965,Client150911,Rusizi,2023-11-02,1520000,91036,101120,13,3,0,Normal
Loan3058999,Client120806,Nyagatare,2023-11-02,1450000,68534,96112,13,3,0,Normal
Loan3059051,Client99488,Rusizi,2023-11-02,3370000,1659220,273228,13,2,0,Normal
Loan3059074,Client178693,Nyagatare,2023-11-02,1450000,43012,105013,13,1,0,Normal
Loan3059104,Client33556,Gasabo,2023-11-02,2140000,108407,157600,13,3,0,Normal
Loan3059125,Client93503,Nyagatare,2023-11-02,3500000,1542604,255787,13,3,0,Normal
Loan3059174,Client124076,Nyamagabe,2023-11-02,3500000,1088023,209124,13,3,0,Normal
Loan3059178,Client171270,Nyagatare,2023-11-02,1500000,233529,160276,13,2,0,Normal
Loan3059203,Client25836,Gasabo,2023-11-02,2500000,1133255,215557,14,2,0,Normal
Loan3060513,Client54980,Kicukiro,2023-11-03,3500000,490751,289384,13,2,0,Normal
Loan3060536,Client85356,Rubavu,2023-11-03,3500000,184567,271463,13,2,0,Normal
Loan3060625,Client42863,Rubavu,2023-11-03,3500000,1006711,119766,13,2,0,Normal
Loan3060654,Client77757,Rutsiro,2023-11-03,1850000,492154,136834,13,2,0,Normal
Loan3060710,Client19750,Nyamagabe,2023-11-03,2000000,105476,149287,13,2,0,Normal
Loan3060723,Client140232,Rubavu,2023-11-03,1590000,70109,122146,13,3,0,Normal
Loan3060826,Client7798,Rubavu,2023-11-03,2800000,211378,199249,13,3,0,Normal
Loan3060868,Client135616,Nyamagabe,2023-11-03,3500000,338655,185392,14,3,0,Normal
Loan3060883,Client153943,Rubavu,2023-11-03,1430000,150042,91663,13,2,0,Normal
Loan3060930,Client37730,Gasabo,2023-11-03,3500000,2283361,450507,14,2,0,Normal
Loan3060971,Client165146,Rutsiro,2023-11-03,1600000,47120,115424,13,3,0,Normal
Loan3060985,Client157416,Gasabo,2023-11-03,1590000,35421,116257,13,3,0,Normal
Loan3061032,Client99849,Rubavu,2023-11-03,990000,97324,135548,13,3,0,Normal
Loan3061051,Client150367,Rusizi,2023-11-03,1590000,69650,101120,13,3,0,Normal
Loan3061082,Client110412,Rubavu,2023-11-03,3500000,8506,228865,14,3,0,Normal
Loan3061091,Client63379,Gasabo,2023-11-03,1940000,69467,143933,13,3,0,Normal
Loan3061116,Client111190,Rusizi,2023-11-03,2650000,200463,218682,13,2,0,Normal
Loan3061130,Client57657,Gasabo,2023-11-03,1600000,156395,127530,13,3,0,Normal
Loan3061182,Client158708,Gasabo,2023-11-03,2010000,333506,137800,14,2,0,Normal
Loan3061210,Client170561,Nyamagabe,2023-11-03,1500000,51597,111728,13,3,0,Normal
Loan3061239,Client122713,Nyarugenge,2023-11-03,1570000,172525,101638,13,2,0,Normal
Loan3061240,Client70801,Nyanza,2023-11-03,1110000,123161,254281,13,2,0,Normal
Loan3061298,Client9830,Nyagatare,2023-11-03,3340000,1744575,226317,13,2,0,Normal
Loan3061315,Client173477,Rutsiro,2023-11-03,1580000,164449,114038,13,2,0,Normal
Loan3061357,Client155665,Gasabo,2023-11-03,1590000,72117,96645,13,2,0,Normal
Loan3061391,Client60534,Gasabo,2023-11-03,3410000,208511,270721,13,2,0,Normal
Loan3061394,Client6513,Nyagatare,2023-11-03,2100000,233978,158217,13,3,0,Normal
Loan3061440,Client18183,Gasabo,2023-11-03,1950000,171278,144661,13,3,0,Normal
Loan3061452,Client129948,Nyamagabe,2023-11-03,2180000,132030,204215,13,2,0,Normal
Loan3061471,Client108566,Rubavu,2023-11-03,3500000,147794,216194,13,2,0,Normal
Loan3061486,Client125028,Gasabo,2023-11-03,1440000,49788,105963,13,3,0,Normal
Loan3061551,Client2635,Rubavu,2023-11-03,3090000,684310,414031,13,3,0,Normal
Loan3061636,Client162796,Nyagatare,2023-11-03,3500000,700558,249380,13,3,0,Normal
Loan3061676,Client155699,Gasabo,2023-11-03,1590000,104576,101543,13,3,0,Normal
Loan3061694,Client170450,Nyagatare,2023-11-03,1590000,65747,114513,13,3,0,Normal
Loan3061751,Client166745,Rusizi,2023-11-03,1380000,53324,101912,13,3,0,Normal
Loan3061884,Client167253,Nyanza,2023-11-03,1590000,90619,114513,13,2,0,Normal
Loan3063442,Client111261,Nyagatare,2023-11-04,1680000,113778,120655,13,3,0,Normal
Loan3063495,Client137883,Nyagatare,2023-11-04,1590000,34748,98962,13,3,0,Normal
Loan3063511,Client120829,Nyagatare,2023-11-04,2090000,64346,152707,13,3,0,Normal
Loan3063560,Client171342,Nyagatare,2023-11-04,1590000,54085,115938,13,2,0,Normal
Loan3063595,Client14758,Nyagatare,2023-11-04,3500000,801181,264147,14,2,0,Normal
Loan3063616,Client185535,Nyagatare,2023-11-04,1450000,94976,112987,13,3,0,Normal
Loan3065043,Client127100,Nyamagabe,2023-11-06,1550000,62814,100041,13,3,0,Normal
Loan3065162,Client162592,Nyamagabe,2023-11-06,3080000,423702,241153,13,3,0,Normal
Loan3065182,Client30602,Rubavu,2023-11-06,3000000,363764,239326,13,3,0,Normal
Loan3065196,Client173144,Ngororero,2023-11-06,1500000,234814,114419,13,2,0,Normal
Loan3065210,Client23740,Nyamagabe,2023-11-06,3500000,1319692,329366,13,3,0,Normal
Loan3065235,Client63499,Gasabo,2023-11-06,1790000,105027,132280,13,2,0,Normal
Loan3065240,Client2106,Rubavu,2023-11-06,3500000,417674,320948,13,2,0,Normal
Loan3065263,Client156366,Gasabo,2023-11-06,1590000,76759,106757,13,3,0,Normal
Loan3065278,Client60715,Nyarugenge,2023-11-06,2500000,91328,182603,13,3,0,Normal
Loan3065313,Client166970,Rusizi,2023-11-06,1590000,49641,115938,13,3,0,Normal
Loan3065320,Client157736,Ngororero,2023-11-06,2170000,79440,145114,13,3,0,Normal
Loan3065341,Client133953,Rubavu,2023-11-06,1590000,1352,98087,13,2,0,Normal
Loan3065345,Client48598,Gasabo,2023-11-06,2600000,451069,181298,13,2,0,Normal
Loan3065391,Client165081,Nyanza,2023-11-06,1360000,253513,322503,13,3,0,Normal
Loan3065402,Client13110,Nyamagabe,2023-11-06,3500000,302834,310788,13,3,0,Normal
Loan3065416,Client47175,Rusizi,2023-11-06,1655000,196631,123500,13,3,0,Normal
Loan3065435,Client168058,Nyamagabe,2023-11-06,1480000,199740,108450,13,3,0,Normal
Loan3065453,Client140323,Rubavu,2023-11-06,1550000,145140,98313,13,2,0,Normal
Loan3065454,Client159013,Kicukiro,2023-11-06,1500000,35136,114513,13,2,0,Normal
Loan3065507,Client99391,Nyamagabe,2023-11-06,3500000,334107,258946,13,3,0,Normal
Loan3065532,Client11956,Gasabo,2023-11-06,2000000,141048,154750,13,2,0,Normal
Loan3065540,Client119268,Nyamagabe,2023-11-06,3500000,161976,238836,13,2,0,Normal
Loan3065545,Client9357,Rusizi,2023-11-06,1500000,867189,133985,13,3,0,Normal
Loan3065599,Client125542,Nyamagabe,2023-11-06,1640000,71509,105863,13,3,0,Normal
Loan3065600,Client69338,Nyagatare,2023-11-06,1750000,248552,127010,13,3,0,Normal
Loan3065603,Client42162,Rubavu,2023-11-06,1940000,79221,142657,13,2,0,Normal
Loan3065715,Client178676,Nyagatare,2023-11-06,1590000,50290,115939,13,3,0,Normal
Loan3065721,Client126683,Nyarugenge,2023-11-06,1570000,275094,99809,13,3,0,Normal
Loan3065750,Client170789,Nyagatare,2023-11-06,1590000,23059,107288,13,3,0,Normal
Loan3065794,Client141287,Nyagatare,2023-11-06,3500000,398282,229845,13,2,0,Normal
Loan3065797,Client191240,Gasabo,2023-11-06,780000,119513,148658,14,3,0,Normal
Loan3065810,Client14258,Nyagatare,2023-11-06,1790000,347183,137283,13,2,0,Normal
Loan3065888,Client28498,Nyamagabe,2023-11-06,2820000,363503,205956,13,2,0,Normal
Loan3065919,Client191234,Kicukiro,2023-11-06,790000,761713,281500,14,3,1,Written off
Loan3066017,Client76637,Nyamagabe,2023-11-06,1800000,104670,133705,13,3,0,Normal
Loan3066086,Client142479,Rusizi,2023-11-06,3170000,67374,237826,13,2,0,Normal
Loan3066175,Client121481,Nyarugenge,2023-11-06,3500000,321023,231231,13,2,0,Normal
Loan3066195,Client142244,Nyarugenge,2023-11-06,3090000,182968,232640,13,3,0,Normal
Loan3066553,Client66120,Ngororero,2023-11-07,1600000,83852,117320,13,2,0,Normal
Loan3066584,Client160578,Rusizi,2023-11-07,1590000,205158,123421,13,3,0,Normal
Loan3067712,Client164493,Nyagatare,2023-11-07,3500000,361706,320847,14,1,0,Normal
Loan3067722,Client168299,Nyamagabe,2023-11-07,2940000,113953,221770,13,3,0,Normal
Loan3067754,Client151112,Rusizi,2023-11-07,1475000,51922,114789,13,2,0,Normal
Loan3067774,Client155934,Kicukiro,2023-11-07,1570000,126207,102545,13,2,0,Normal
Loan3067776,Client65861,Rutsiro,2023-11-07,1600000,103098,207308,13,3,0,Normal
Loan3067783,Client101458,Ngororero,2023-11-07,1760000,740213,138527,13,2,0,Normal
Loan3067821,Client143538,Rutsiro,2023-11-07,1070000,14268,103063,13,3,0,Normal
Loan3067866,Client191046,Gasabo,2023-11-07,3500000,47525,235900,14,3,0,Normal
Loan3067889,Client5507,Rusizi,2023-11-07,3305000,279186,251198,13,2,0,Normal
Loan3067924,Client10945,Nyamagabe,2023-11-07,2200000,117434,155225,13,2,0,Normal
Loan3067928,Client117510,Nyagatare,2023-11-07,2750000,369025,175915,13,2,0,Normal
Loan3067931,Client142266,Rubavu,2023-11-07,3090000,370696,208663,13,3,0,Normal
Loan3067951,Client124144,Nyarugenge,2023-11-07,1570000,136333,97743,13,3,0,Normal
Loan3067955,Client10286,Rusizi,2023-11-07,1770000,506440,136135,13,2,0,Normal
Loan3067986,Client40183,Ngororero,2023-11-07,1760000,221592,132203,13,2,0,Normal
Loan3067999,Client56908,Nyagatare,2023-11-07,3380000,214454,263361,13,3,0,Normal
Loan3068009,Client10605,Rutsiro,2023-11-07,2310000,141879,165748,13,3,0,Normal
Loan3068023,Client43048,Rutsiro,2023-11-07,3160000,1989523,295308,13,3,0,Normal
Loan3068035,Client73901,Rusizi,2023-11-07,1700000,59945,144760,13,2,0,Normal
Loan3068042,Client128708,Rutsiro,2023-11-07,1580000,109190,101543,13,2,0,Normal
Loan3068047,Client47706,Ngororero,2023-11-07,1800000,618018,130385,13,3,0,Normal
Loan3068119,Client78586,Nyagatare,2023-11-07,1770000,126509,101332,13,3,0,Normal
Loan3068128,Client174235,Rusizi,2023-11-07,1590000,104463,116257,13,3,0,Normal
Loan3068138,Client67210,Nyagatare,2023-11-07,1680000,331694,110424,13,4,0,Normal
Loan3068146,Client128862,Nyagatare,2023-11-07,3380000,544666,235690,13,2,0,Normal
Loan3068151,Client165368,Kicukiro,2023-11-07,1570000,292429,149287,13,3,0,Normal
Loan3068263,Client156845,Gasabo,2023-11-07,3480000,424341,281500,14,3,1,Written off
Loan3068288,Client45329,Gasabo,2023-11-07,1800000,443204,144124,13,2,0,Normal
Loan3068289,Client47729,Ngororero,2023-11-07,1590000,197315,98641,13,3,0,Normal
Loan3068324,Client122742,Gasabo,2023-11-07,3500000,2990950,449934,14,2,0,Normal
Loan3068877,Client62915,Nyamagabe,2023-11-08,1710000,185095,128005,13,3,0,Normal
Loan3068897,Client168837,Nyamagabe,2023-11-08,1450000,177328,105924,13,2,0,Normal
Loan3068940,Client53697,Gasabo,2023-11-08,2000000,1400109,436350,13,2,0,Normal
Loan3068941,Client20663,Rubavu,2023-11-08,1000000,600927,172458,13,2,0,Normal
Loan3068970,Client176125,Rubavu,2023-11-08,1500000,275639,107359,13,3,0,Normal
Loan3069016,Client22754,Ngororero,2023-11-08,1800000,920238,117514,13,2,0,Normal
Loan3069018,Client14223,Rubavu,2023-11-08,3500000,220094,270696,13,3,0,Normal
Loan3069063,Client129117,Rubavu,2023-11-08,1580000,69890,121920,13,3,0,Normal
Loan3069084,Client65652,Rutsiro,2023-11-08,1790000,108810,130380,13,2,0,Normal
Loan3069087,Client165611,Nyanza,2023-11-08,1500000,55036,99702,13,3,0,Normal
Loan3069102,Client128071,Nyamagabe,2023-11-08,2600000,229560,189378,13,3,0,Normal
Loan3069116,Client42850,Rubavu,2023-11-08,3360000,204591,286512,13,2,0,Normal
Loan3069127,Client11117,Nyamagabe,2023-11-08,3360000,386405,256368,13,2,0,Normal
Loan3069132,Client109706,Kicukiro,2023-11-08,1310000,108462,121381,13,2,0,Normal
Loan3069171,Client41107,Nyanza,2023-11-08,3200000,254426,238167,13,3,0,Normal
Loan3069172,Client160755,Rusizi,2023-11-08,1590000,35222,101120,13,2,0,Normal
Loan3069194,Client143727,Nyamagabe,2023-11-08,1500000,48669,97665,13,3,0,Normal
Loan3069225,Client124153,Nyagatare,2023-11-08,2200000,179689,139633,13,3,0,Normal
Loan3069232,Client79149,Nyamagabe,2023-11-08,1800000,671588,111412,13,3,0,Normal
Loan3069233,Client172051,Nyagatare,2023-11-08,1590000,48446,107288,13,3,0,Normal
Loan3069234,Client25088,Rusizi,2023-11-08,1700000,506091,108414,13,3,0,Normal
Loan3069242,Client101835,Nyagatare,2023-11-08,1680000,472393,105248,13,3,0,Normal
Loan3069255,Client149499,Nyanza,2023-11-08,1590000,243226,100041,13,2,0,Normal
Loan3069263,Client69344,Nyagatare,2023-11-08,1720000,65845,129200,13,2,0,Normal
Loan3069301,Client2091,Ngororero,2023-11-08,2320000,1048597,84785,13,2,0,Normal
Loan3069305,Client49073,Rusizi,2023-11-08,2965000,267538,211666,13,3,0,Normal
Loan3069315,Client158107,Ngororero,2023-11-08,1430000,42380,101120,13,3,0,Normal
Loan3069345,Client121285,Rubavu,2023-11-08,2760000,191436,214402,13,3,0,Normal
Loan3069371,Client130195,Rusizi,2023-11-08,1450000,39529,110989,13,2,0,Normal
Loan3069372,Client2626,Rubavu,2023-11-08,1280000,109427,189777,13,2,0,Normal
Loan3069411,Client23359,Rubavu,2023-11-08,1700000,865247,119086,13,2,0,Normal
Loan3069437,Client48480,Nyagatare,2023-11-08,1770000,382545,140625,13,3,0,Normal
Loan3069444,Client29946,Gasabo,2023-11-08,2500000,543028,183195,13,3,0,Normal
Loan3069449,Client66891,Nyagatare,2023-11-08,1520000,98549,120574,13,2,0,Normal
Loan3069458,Client157925,Nyagatare,2023-11-08,1470000,160472,98962,13,3,0,Normal
Loan3069485,Client155477,Nyagatare,2023-11-08,1500000,57655,114832,13,3,0,Normal
Loan3069508,Client8349,Ngororero,2023-11-08,1480000,1007254,135558,13,2,0,Normal
Loan3069531,Client105252,Rusizi,2023-11-08,3000000,409176,286795,13,3,0,Normal
Loan3069544,Client76944,Nyarugenge,2023-11-08,3500000,398658,251494,13,2,0,Normal
Loan3069554,Client65208,Rusizi,2023-11-08,1770000,144409,136135,13,3,0,Normal
Loan3069598,Client146843,Nyamagabe,2023-11-08,1500000,38212,99565,13,3,0,Normal
Loan3069601,Client173796,Rutsiro,2023-11-08,3500000,194273,225681,13,2,0,Normal
Loan3069644,Client22728,Rutsiro,2023-11-08,1820000,132828,134562,13,3,0,Normal
Loan3069648,Client41824,Rusizi,2023-11-08,2750000,221261,213994,13,3,0,Normal
Loan3069703,Client168239,Rusizi,2023-11-08,1590000,170507,114513,13,2,0,Normal
Loan3069734,Client168677,Rusizi,2023-11-08,1595000,257337,114737,13,3,0,Normal
Loan3069962,Client175116,Nyagatare,2023-11-09,1590000,79895,160276,13,2,0,Normal
Loan3070027,Client124712,Rubavu,2023-11-09,1550000,73088,112823,13,3,0,Normal
Loan3070064,Client165587,Rubavu,2023-11-09,1590000,193711,112823,13,2,0,Normal
Loan3070076,Client28921,Nyamagabe,2023-11-09,2200000,358029,136661,13,3,0,Normal
Loan3070100,Client155791,Gasabo,2023-11-09,1600000,62357,112099,13,2,0,Normal
Loan3070102,Client17893,Rubavu,2023-11-09,3500000,199731,305470,13,2,0,Normal
Loan3070108,Client25306,Nyanza,2023-11-09,2750000,578481,199219,13,3,0,Normal
Loan3070113,Client175510,Rusizi,2023-11-09,1590000,276082,110314,13,2,0,Normal
Loan3070129,Client144581,Rutsiro,2023-11-09,1520000,310225,96888,13,3,0,Normal
Loan3070145,Client145447,Nyamagabe,2023-11-09,900000,56986,97665,13,3,0,Normal
Loan3070158,Client47817,Nyamagabe,2023-11-09,1800000,148926,119985,13,3,0,Normal
Loan3070192,Client123468,Gasabo,2023-11-09,1600000,111560,96888,13,2,0,Normal
Loan3070194,Client15628,Rusizi,2023-11-09,2010000,182618,148005,13,3,0,Normal
Loan3070216,Client151683,Rubavu,2023-11-09,1600000,167535,107834,13,3,0,Normal
Loan3070240,Client97460,Gasabo,2023-11-09,2540000,890093,166948,13,2,0,Normal
Loan3070247,Client110571,Gasabo,2023-11-09,2910000,748318,176548,13,2,0,Normal
Loan3070249,Client95739,Kicukiro,2023-11-09,3500000,110744,271381,13,3,0,Normal
Loan3070293,Client148503,Nyamagabe,2023-11-09,1500000,114827,123019,13,2,0,Normal
Loan3070296,Client16631,Rusizi,2023-11-09,1600000,258830,120435,13,3,0,Normal
Loan3070309,Client86870,Nyanza,2023-11-09,3500000,224135,307577,13,2,0,Normal
Loan3070315,Client43508,Nyarugenge,2023-11-09,3500000,796546,328480,13,2,0,Normal
Loan3070323,Client166474,Rusizi,2023-11-09,3025000,583441,179405,13,3,0,Normal
Loan3070324,Client81448,Nyarugenge,2023-11-09,3500000,122908,245454,13,2,0,Normal
Loan3070395,Client122428,Ngororero,2023-11-09,1500000,346124,121389,13,2,0,Normal
Loan3070406,Client132469,Rubavu,2023-11-09,3090000,824328,192492,13,3,0,Normal
Loan3070409,Client55706,Ngororero,2023-11-09,1800000,703810,111571,13,3,0,Normal
Loan3070415,Client109582,Nyamagabe,2023-11-09,3220000,730534,224145,13,2,0,Normal
Loan3070422,Client15555,Ngororero,2023-11-09,2000000,916630,147428,13,3,0,Normal
Loan3070426,Client134018,Ngororero,2023-11-09,1500000,130903,116639,13,3,0,Normal
Loan3070428,Client41419,Nyarugenge,2023-11-09,1730000,75289,119766,13,2,0,Normal
Loan3070443,Client119412,Rubavu,2023-11-09,3500000,822108,285941,13,3,0,Normal
Loan3070454,Client144373,Nyamagabe,2023-11-09,3000000,592454,226940,13,3,0,Normal
Loan3070465,Client98470,Rubavu,2023-11-09,3500000,320067,256571,13,2,0,Normal
Loan3070468,Client148626,Rusizi,2023-11-09,1500000,172765,320395,13,3,0,Normal
Loan3070482,Client58375,Nyamagabe,2023-11-09,1700000,83037,126147,13,3,0,Normal
Loan3070489,Client161014,Nyamagabe,2023-11-09,1550000,65387,118269,13,3,0,Normal
Loan3070491,Client100201,Gasabo,2023-11-09,2140000,1271193,251975,13,3,0,Normal
Loan3070505,Client165843,Rubavu,2023-11-09,2860000,544903,107133,13,3,0,Normal
Loan3070521,Client8848,Ngororero,2023-11-09,2000000,516294,129322,13,2,0,Normal
Loan3070530,Client165694,Nyanza,2023-11-09,1590000,73059,106913,13,3,0,Normal
Loan3070535,Client168781,Rusizi,2023-11-09,1590000,75337,115938,13,3,0,Normal
Loan3070566,Client66169,Ngororero,2023-11-09,860000,700318,104446,13,3,0,Normal
Loan3070591,Client144111,Rusizi,2023-11-09,1590000,93485,101120,13,3,0,Normal
Loan3070627,Client157972,Ngororero,2023-11-09,1500000,311616,102545,13,2,0,Normal
Loan3070644,Client72378,Rusizi,2023-11-09,1700000,124371,132810,13,2,0,Normal
Loan3070980,Client146582,Rutsiro,2023-11-10,1600000,38659,101638,13,3,0,Normal
Loan3071001,Client164774,Kicukiro,2023-11-10,1500000,177014,105863,13,3,0,Normal
Loan3071036,Client40125,Ngororero,2023-11-10,2200000,286313,136033,13,3,0,Normal
Loan3071041,Client43215,Rutsiro,2023-11-10,2700000,111432,188796,13,3,0,Normal
Loan3071049,Client15921,Rusizi,2023-11-10,3500000,795877,351538,13,3,0,Normal
Loan3071067,Client82117,Rubavu,2023-11-10,3500000,1601265,239946,13,2,0,Normal
Loan3071072,Client1637,Gasabo,2023-11-10,2670000,259130,193467,13,2,0,Normal
Loan3071087,Client168174,Nyanza,2023-11-10,1450000,71621,94803,13,3,0,Normal
Loan3071121,Client171916,Rutsiro,2023-11-10,1580000,248312,149007,13,2,0,Normal
Loan3071130,Client145553,Rubavu,2023-11-10,1600000,288786,172458,13,3,0,Normal
Loan3071183,Client12852,Rusizi,2023-11-10,1860000,127216,142224,13,3,0,Normal
Loan3071184,Client153727,Rubavu,2023-11-10,1600000,36642,115419,13,2,0,Normal
Loan3071236,Client100592,Kicukiro,2023-11-10,3500000,963392,221861,13,3,0,Normal
Loan3071244,Client108607,Rubavu,2023-11-10,3190000,124732,195996,13,2,0,Normal
Loan3071259,Client80039,Nyamagabe,2023-11-10,2460000,237591,200642,13,2,0,Normal
Loan3071276,Client15167,Nyamagabe,2023-11-10,2000000,190746,149287,13,3,0,Normal
Loan3071279,Client184502,Rubavu,2023-11-10,1590000,51562,107291,13,2,0,Normal
Loan3071291,Client167525,Rusizi,2023-11-10,1570000,229603,115938,13,2,0,Normal
Loan3071297,Client1184,Kicukiro,2023-11-10,2130000,1008787,131135,13,2,0,Normal
Loan3071301,Client166322,Rusizi,2023-11-10,1520000,52266,102545,13,3,0,Normal
Loan3071341,Client29669,Nyarugenge,2023-11-10,2000000,122341,160276,13,3,0,Normal
Loan3071348,Client28758,Kicukiro,2023-11-10,3100000,438794,232545,13,3,0,Normal
Loan3071351,Client161194,Nyagatare,2023-11-10,2760000,289046,181305,13,2,0,Normal
Loan3071370,Client150111,Rusizi,2023-11-10,1475000,96889,101120,13,3,0,Normal
Loan3071388,Client53434,Gasabo,2023-11-10,1860000,89661,137030,13,3,0,Normal
Loan3071397,Client72650,Nyagatare,2023-11-10,1770000,606521,126563,13,3,0,Normal
Loan3071414,Client5447,Rusizi,2023-11-10,1665000,279329,112360,13,3,0,Normal
Loan3071452,Client61066,Nyagatare,2023-11-10,2590000,78755,188294,13,3,0,Normal
Loan3071468,Client100700,Nyamagabe,2023-11-10,1740000,133274,128047,13,2,0,Normal
Loan3071471,Client178267,Ngororero,2023-11-10,1540000,58451,103063,13,3,0,Normal
Loan3071481,Client25280,Ngororero,2023-11-10,1790000,158261,134882,13,2,0,Normal
Loan3071484,Client80059,Nyamagabe,2023-11-10,1740000,175021,148310,13,2,0,Normal
Loan3071500,Client56209,Nyarugenge,2023-11-10,3000000,584572,274185,13,2,0,Normal
Loan3071506,Client108165,Nyamagabe,2023-11-10,1670000,266545,93217,13,2,0,Normal
Loan3071507,Client54004,Rusizi,2023-11-10,1680000,145086,112126,13,2,0,Normal
Loan3071508,Client47135,Ngororero,2023-11-10,1890000,298241,132199,13,2,0,Normal
Loan3071509,Client24367,Nyagatare,2023-11-10,1700000,341634,134875,13,3,0,Normal
Loan3071530,Client149296,Nyanza,2023-11-10,1590000,321484,100041,13,3,0,Normal
Loan3071544,Client117128,Gasabo,2023-11-10,700000,235152,281500,14,2,1,Written off
Loan3071549,Client156174,Nyarugenge,2023-11-10,1570000,315902,101638,13,2,0,Normal
Loan3071550,Client40196,Ngororero,2023-11-10,1850000,212122,138849,13,2,0,Normal
Loan3071555,Client185691,Nyagatare,2023-11-10,1590000,239659,115424,13,3,0,Normal
Loan3071579,Client156662,Gasabo,2023-11-10,1590000,189848,114515,13,3,0,Normal
Loan3071582,Client13491,Nyarugenge,2023-11-10,2760000,580831,189100,14,2,0,Normal
Loan3071584,Client151051,Rusizi,2023-11-10,1590000,320628,100645,13,2,0,Normal
Loan3071585,Client169618,Rutsiro,2023-11-10,1000000,244338,160276,13,2,0,Normal
Loan3071594,Client60041,Nyagatare,2023-11-10,3380000,137432,275111,13,3,0,Normal
Loan3071598,Client178245,Ngororero,2023-11-10,1540000,74751,115100,13,2,0,Normal
Loan3071614,Client77694,Rutsiro,2023-11-10,930000,288399,136135,13,3,0,Normal
Loan3071623,Client43247,Rusizi,2023-11-10,1815000,127507,134338,13,2,0,Normal
Loan3071646,Client33567,Gasabo,2023-11-10,3180000,601796,230711,14,2,0,Normal
Loan3071658,Client185418,Nyagatare,2023-11-10,3400000,128619,204398,13,3,0,Normal
Loan3071666,Client124939,Rusizi,2023-11-10,1590000,200789,100645,13,3,0,Normal
Loan3071671,Client169366,Nyagatare,2023-11-10,1520000,48011,110082,13,3,0,Normal
Loan3071675,Client160773,Gasabo,2023-11-10,1590000,286031,102068,13,2,0,Normal
Loan3071682,Client124940,Rusizi,2023-11-10,1590000,214224,161732,13,3,0,Normal
Loan3071701,Client54101,Rusizi,2023-11-10,1405000,208458,88770,13,2,0,Normal
Loan3071707,Client118375,Nyarugenge,2023-11-10,1600000,76432,118726,13,2,0,Normal
Loan3071709,Client110208,Gasabo,2023-11-10,2760000,71554,189100,14,2,0,Normal
Loan3071714,Client80996,Rusizi,2023-11-10,1585000,86035,121160,13,2,0,Normal
Loan3071721,Client172735,Gasabo,2023-11-10,2770000,358597,115938,14,3,0,Normal
Loan3071729,Client123188,Rusizi,2023-11-10,3310000,676297,218639,13,3,0,Normal
Loan3071732,Client123635,Gasabo,2023-11-10,2340000,77680,188796,13,2,0,Normal
Loan3072041,Client11898,Nyagatare,2023-11-11,2040000,253249,160922,13,2,0,Normal
Loan3072932,Client168409,Nyanza,2023-11-13,1590000,77926,114513,13,2,0,Normal
Loan3072978,Client127127,Rusizi,2023-11-13,1450000,40171,122389,13,2,0,Normal
Loan3072991,Client128218,Nyamagabe,2023-11-13,1500000,281434,100515,13,2,0,Normal
Loan3072992,Client62531,Rubavu,2023-11-13,1540000,375203,136106,13,3,0,Normal
Loan3072996,Client16751,Nyanza,2023-11-13,1840000,84025,142875,13,2,0,Normal
Loan3073003,Client133498,Nyamagabe,2023-11-13,3100000,142815,240790,13,3,0,Normal
Loan3073006,Client118207,Rubavu,2023-11-13,1680000,515173,113573,13,3,0,Normal
Loan3073016,Client173430,Rutsiro,2023-11-13,1450000,54665,106438,13,3,0,Normal
Loan3073024,Client138592,Rutsiro,2023-11-13,2350000,547166,221422,13,2,0,Normal
Loan3073026,Client139306,Nyanza,2023-11-13,1590000,103785,100041,13,3,0,Normal
Loan3073027,Client43094,Rusizi,2023-11-13,2990000,492327,139494,13,2,0,Normal
Loan3073039,Client64087,Rutsiro,2023-11-13,3500000,378416,285466,13,3,0,Normal
Loan3073043,Client162823,Rubavu,2023-11-13,1590000,159255,107896,13,3,0,Normal
Loan3073055,Client159601,Kicukiro,2023-11-13,1570000,55240,122389,13,2,0,Normal
Loan3073056,Client103973,Rubavu,2023-11-13,1820000,117146,124959,13,2,0,Normal
Loan3073057,Client176170,Ngororero,2023-11-13,1420000,264523,103063,13,2,0,Normal
Loan3073074,Client118197,Rubavu,2023-11-13,3500000,872931,246637,13,3,0,Normal
Loan3073085,Client126403,Kicukiro,2023-11-13,2980000,266092,214469,13,2,0,Normal
Loan3073093,Client123236,Rusizi,2023-11-13,1485000,411419,95420,13,2,0,Normal
Loan3073115,Client154404,Rusizi,2023-11-13,1525000,301082,96888,13,3,0,Normal
Loan3073119,Client100513,Kicukiro,2023-11-13,3500000,1741984,268878,13,2,0,Normal
Loan3073166,Client104088,Nyagatare,2023-11-13,3120000,328670,220420,13,3,0,Normal
Loan3073178,Client169969,Nyagatare,2023-11-13,1590000,245826,117246,13,2,0,Normal
Loan3073200,Client158496,Nyarugenge,2023-11-13,1450000,296942,93563,13,3,0,Normal
Loan3073203,Client93517,Nyagatare,2023-11-13,1580000,592409,98123,13,3,0,Normal
Loan3073206,Client185634,Nyagatare,2023-11-13,1590000,29846,114038,13,2,0,Normal
Loan3073229,Client175793,Gasabo,2023-11-13,2730000,372825,166670,14,3,0,Normal
Loan3073241,Client158460,Rubavu,2023-11-13,1600000,66819,116525,13,2,0,Normal
Loan3073255,Client147232,Rubavu,2023-11-13,1590000,81272,101163,13,2,0,Normal
Loan3073260,Client68975,Nyagatare,2023-11-13,3500000,464515,307577,13,3,0,Normal
Loan3073261,Client39572,Rubavu,2023-11-13,1940000,127040,142462,13,3,0,Normal
Loan3073265,Client185002,Ngororero,2023-11-13,3050000,475353,226282,13,3,0,Normal
Loan3073294,Client138850,Gasabo,2023-11-13,750000,82537,101543,13,3,0,Normal
Loan3073311,Client125635,Nyagatare,2023-11-13,1520000,101960,117246,13,3,0,Normal
Loan3073319,Client157967,Nyagatare,2023-11-13,1590000,55004,122389,13,3,0,Normal
Loan3073341,Client7321,HQ,2023-11-13,2260000,157917,295574,13,2,0,Normal
Loan3073351,Client79273,Nyamagabe,2023-11-13,2950000,182678,220345,13,2,0,Normal
Loan3073360,Client170796,Nyagatare,2023-11-13,1520000,61610,97902,13,3,0,Normal
Loan3073365,Client59640,Nyagatare,2023-11-13,1860000,352916,147779,13,2,0,Normal
Loan3073370,Client181955,Nyarugenge,2023-11-13,1440000,174563,104742,13,3,0,Normal
Loan3073391,Client174054,Nyanza,2023-11-13,3450000,357600,244515,13,2,0,Normal
Loan3073499,Client68689,Nyamagabe,2023-11-14,1780000,153918,138239,13,2,0,Normal
Loan3073580,Client176113,Ngororero,2023-11-14,1330000,52795,108769,13,3,0,Normal
Loan3073622,Client49774,Nyamagabe,2023-11-14,2600000,103981,287478,13,2,0,Normal
Loan3073623,Client158870,Gasabo,2023-11-14,2290000,202147,169528,14,3,0,Normal
Loan3073626,Client30883,Kicukiro,2023-11-14,2800000,362933,202099,13,2,0,Normal
Loan3073646,Client113471,Nyarugenge,2023-11-14,3500000,1573839,94101,14,3,0,Normal
Loan3073656,Client166716,Kicukiro,2023-11-14,3500000,124352,224857,13,3,0,Normal
Loan3073684,Client10751,Rubavu,2023-11-14,2990000,184980,231565,14,2,0,Normal
Loan3073692,Client117303,HQ,2023-11-14,7300000,1112459,107123,11,1,0,Normal
Loan3073693,Client80579,Kicukiro,2023-11-14,1740000,102061,128981,13,3,0,Normal
Loan3073696,Client62499,Rutsiro,2023-11-14,1800000,63950,110798,13,3,0,Normal
Loan3073714,Client109903,Nyanza,2023-11-14,2000000,129785,179286,13,3,0,Normal
Loan3073718,Client144925,Nyanza,2023-11-14,3370000,818153,237632,14,3,0,Normal
Loan3073743,Client126204,Rusizi,2023-11-14,3095000,159466,236453,13,3,0,Normal
Loan3073749,Client190197,Rutsiro,2023-11-14,3500000,352477,250058,13,2,0,Normal
Loan3073751,Client101017,Nyanza,2023-11-14,1570000,145692,110472,13,2,0,Normal
Loan3073758,Client173625,Nyanza,2023-11-14,1590000,46078,114513,13,2,0,Normal
Loan3073773,Client15300,Nyamagabe,2023-11-14,1300000,1677714,219463,13,3,0,Normal
Loan3073803,Client41115,Nyanza,2023-11-14,2200000,892730,123831,13,2,0,Normal
Loan3073819,Client161743,Gasabo,2023-11-14,750000,155521,228865,14,2,0,Normal
Loan3073826,Client185571,Nyagatare,2023-11-14,3400000,546848,253354,13,2,0,Normal
Loan3073839,Client151146,Rusizi,2023-11-14,1590000,35502,123421,13,3,0,Normal
Loan3073886,Client147886,Nyanza,2023-11-14,1590000,284768,100041,14,3,0,Normal
Loan3073889,Client127284,Rutsiro,2023-11-14,1580000,135205,94418,13,3,0,Normal
Loan3073895,Client172517,Ngororero,2023-11-14,1540000,69070,114357,13,3,0,Normal
Loan3073908,Client40722,Nyamagabe,2023-11-14,1200000,317563,131299,13,2,0,Normal
Loan3073919,Client178561,Gasabo,2023-11-14,3000000,87943,287461,13,2,0,Normal
Loan3073922,Client164241,Rusizi,2023-11-14,3500000,673353,163980,13,2,0,Normal
Loan3073946,Client102140,Ngororero,2023-11-14,1520000,524607,93265,13,2,0,Normal
Loan3073953,Client165591,Nyanza,2023-11-14,3080000,117544,228890,13,3,0,Normal
Loan3073963,Client38897,Kicukiro,2023-11-14,3320000,336423,237865,13,3,0,Normal
Loan3074031,Client54590,Nyagatare,2023-11-14,1650000,112648,132033,13,2,0,Normal
Loan3074036,Client27122,Nyarugenge,2023-11-14,2000000,568700,152023,13,3,0,Normal
Loan3074056,Client129969,Nyagatare,2023-11-14,3500000,162912,232941,13,3,0,Normal
Loan3074221,Client121688,Nyanza,2023-11-15,1600000,49819,117010,13,2,0,Normal
Loan3074224,Client145866,Nyamagabe,2023-11-15,1500000,89912,95765,13,2,0,Normal
Loan3074239,Client30485,Nyanza,2023-11-15,1990000,138165,152850,13,3,0,Normal
Loan3074240,Client66557,Rutsiro,2023-11-15,1850000,189416,135130,13,3,0,Normal
Loan3074243,Client117237,Nyamagabe,2023-11-15,1640000,529134,105399,13,3,0,Normal
Loan3074247,Client140584,Nyanza,2023-11-15,1520000,315499,101163,13,2,0,Normal
Loan3074257,Client173792,Rutsiro,2023-11-15,3400000,71182,241033,13,3,0,Normal
Loan3074263,Client167958,Rusizi,2023-11-15,1590000,113596,114513,13,2,0,Normal
Loan3074264,Client123709,Ngororero,2023-11-15,3500000,519913,231464,13,3,0,Normal
Loan3074265,Client121605,Rubavu,2023-11-15,3090000,-10538,237940,13,3,0,Normal
Loan3074275,Client148398,Nyanza,2023-11-15,1460000,115596,92441,13,3,0,Normal
Loan3074279,Client53514,Rubavu,2023-11-15,3500000,279117,308079,14,3,0,Normal
Loan3074280,Client172425,Rutsiro,2023-11-15,1580000,136170,114513,13,3,0,Normal
Loan3074285,Client81498,Rusizi,2023-11-15,1180000,636614,106039,13,2,0,Normal
Loan3074287,Client11216,Rutsiro,2023-11-15,2000000,1034351,141742,13,3,0,Normal
Loan3074289,Client142118,Nyagatare,2023-11-15,3500000,558544,226317,13,2,0,Normal
Loan3074308,Client64068,Rutsiro,2023-11-15,3000000,259204,229480,13,2,0,Normal
Loan3074310,Client6595,Nyamagabe,2023-11-15,3500000,1830237,317590,13,3,0,Normal
Loan3074319,Client67086,Nyamagabe,2023-11-15,1580000,129835,117331,13,2,0,Normal
Loan3074322,Client135001,Gasabo,2023-11-15,1800000,380952,99287,14,3,0,Normal
Loan3074336,Client191338,Kicukiro,2023-11-15,1500000,86342,228865,14,3,0,Normal
Loan3074341,Client11780,Rutsiro,2023-11-15,2200000,723190,142904,13,3,0,Normal
Loan3074342,Client193938,Kicukiro,2023-11-15,1130000,272727,132100,14,3,0,Normal
Loan3074359,Client60584,Gasabo,2023-11-15,3500000,1644429,253807,13,2,0,Normal
Loan3074368,Client134964,Gasabo,2023-11-15,1450000,179125,109496,14,2,0,Normal
Loan3074377,Client36831,Kicukiro,2023-11-15,1900000,161351,123994,13,2,0,Normal
Loan3074417,Client124223,Nyagatare,2023-11-15,1500000,65992,108338,13,2,0,Normal
Loan3074427,Client13063,Nyamagabe,2023-11-15,1500000,723948,129863,13,3,0,Normal
Loan3074434,Client119863,Nyamagabe,2023-11-15,1500000,78584,117246,13,2,0,Normal
Loan3074440,Client184857,Nyagatare,2023-11-15,1500000,143287,108657,13,3,0,Normal
Loan3074446,Client185206,Nyagatare,2023-11-15,1450000,55172,105332,13,3,0,Normal
Loan3074449,Client121367,Nyamagabe,2023-11-15,1470000,118814,111619,13,2,0,Normal
Loan3074450,Client55746,Nyagatare,2023-11-15,3000000,269047,226107,13,3,0,Normal
Loan3074452,Client22752,Ngororero,2023-11-15,1900000,642050,117514,13,2,0,Normal
Loan3074456,Client155299,Nyagatare,2023-11-15,1520000,56483,98962,13,3,0,Normal
Loan3074457,Client88934,Rutsiro,2023-11-15,1630000,94437,119542,13,3,0,Normal
Loan3074459,Client161365,Nyamagabe,2023-11-15,1200000,54757,122621,13,3,0,Normal
Loan3074460,Client157036,Nyagatare,2023-11-15,1520000,312671,98962,13,3,0,Normal
Loan3074467,Client6531,Nyagatare,2023-11-15,2800000,450200,216978,13,3,0,Normal
Loan3074468,Client138326,Rutsiro,2023-11-15,1100000,95185,249265,13,3,0,Normal
Loan3074470,Client151057,Nyamagabe,2023-11-15,1580000,78147,102545,13,3,0,Normal
Loan3074477,Client157733,Nyagatare,2023-11-15,1590000,35099,105013,13,3,0,Normal
Loan3074501,Client49682,Gasabo,2023-11-15,1270000,134727,104022,14,2,0,Normal
Loan3074521,Client178248,Ngororero,2023-11-15,1450000,47445,106824,13,2,0,Normal
Loan3074529,Client141852,Nyanza,2023-11-15,3000000,987042,228865,14,2,0,Normal
Loan3074571,Client156725,Nyarugenge,2023-11-15,600000,319421,103063,13,2,0,Normal
Loan3074741,Client2442,Rubavu,2023-11-16,3500000,1665876,224140,13,3,0,Normal
Loan3074764,Client159499,Rubavu,2023-11-16,1590000,213887,114625,13,2,0,Normal
Loan3074772,Client167138,Rutsiro,2023-11-16,1580000,111550,107288,13,3,0,Normal
Loan3074778,Client97436,Rusizi,2023-11-16,3200000,341573,226630,13,2,0,Normal
Loan3074782,Client76057,Rubavu,2023-11-16,1870000,88238,131834,13,2,0,Normal
Loan3074786,Client63125,Nyamagabe,2023-11-16,1870000,141149,120658,13,3,0,Normal
Loan3074789,Client122700,Rubavu,2023-11-16,3500000,389954,115938,14,3,0,Normal
Loan3074796,Client157470,Gasabo,2023-11-16,1590000,317917,101395,13,2,0,Normal
Loan3074809,Client118249,Rubavu,2023-11-16,1680000,109283,128917,13,2,0,Normal
Loan3074816,Client183295,Nyamagabe,2023-11-16,1580000,173663,103013,13,2,0,Normal
Loan3074824,Client160334,Rutsiro,2023-11-16,1500000,135559,103063,13,3,0,Normal
Loan3074827,Client77801,Rutsiro,2023-11-16,1730000,714105,110266,13,3,0,Normal
Loan3074831,Client82966,Rutsiro,2023-11-16,1850000,242210,113648,13,3,0,Normal
Loan3074843,Client108964,Rusizi,2023-11-16,1570000,88865,108979,13,2,0,Normal
Loan3074850,Client127729,Kicukiro,2023-11-16,1450000,307427,100645,13,2,0,Normal
Loan3074854,Client111563,Gasabo,2023-11-16,1770000,311851,144124,13,2,0,Normal
Loan3074861,Client162037,Gasabo,2023-11-16,700000,146540,107288,13,3,0,Normal
Loan3074875,Client143540,Nyamagabe,2023-11-16,1200000,101991,99565,13,2,0,Normal
Loan3074889,Client67799,Nyanza,2023-11-16,3500000,1665461,218347,13,2,0,Normal
Loan3074902,Client182537,Gasabo,2023-11-16,1590000,23341,105863,13,3,0,Normal
Loan3074920,Client50867,Gasabo,2023-11-16,3500000,968339,413967,14,3,0,Normal
Loan3074921,Client193715,Kicukiro,2023-11-16,1400000,76774,112400,14,3,0,Normal
Loan3074928,Client79590,Nyarugenge,2023-11-16,2720000,200524,183506,14,2,0,Normal
Loan3074932,Client155317,Nyagatare,2023-11-16,3380000,140523,216817,13,3,0,Normal
Loan3074941,Client169841,Rutsiro,2023-11-16,1000000,234306,98334,13,3,0,Normal
Loan3074945,Client42945,Rutsiro,2023-11-16,1800000,293011,143236,13,2,0,Normal
Loan3074947,Client169258,Nyagatare,2023-11-16,1590000,226906,114513,13,2,0,Normal
Loan3074955,Client133509,Nyamagabe,2023-11-16,3060000,156393,228420,13,3,0,Normal
Loan3074960,Client159922,Rusizi,2023-11-16,1520000,272649,93520,13,3,0,Normal
Loan3074976,Client142505,Nyagatare,2023-11-16,600000,260124,197066,13,3,0,Normal
Loan3074984,Client150189,Nyagatare,2023-11-16,1590000,56870,100645,13,3,0,Normal
Loan3075001,Client162374,Nyagatare,2023-11-16,1590000,62632,122389,13,3,0,Normal
Loan3075019,Client171311,Nyagatare,2023-11-16,1590000,43444,114513,13,2,0,Normal
Loan3075032,Client99917,Nyagatare,2023-11-16,3500000,348062,287270,13,2,0,Normal
Loan3075047,Client151774,Nyanza,2023-11-16,1590000,241627,100041,13,3,0,Normal
Loan3075049,Client174646,Nyanza,2023-11-16,1970000,68349,146259,14,2,0,Normal
Loan3075064,Client171249,Nyagatare,2023-11-16,1590000,66430,115000,13,2,0,Normal
Loan3075091,Client54587,Nyamagabe,2023-11-16,1800000,517229,116130,13,2,0,Normal
Loan3075100,Client157731,Nyagatare,2023-11-16,1590000,312040,98962,13,3,0,Normal
Loan3075116,Client99345,Nyamagabe,2023-11-16,1690000,72730,110462,13,3,0,Normal
Loan3075119,Client188389,Nyarugenge,2023-11-16,3100000,78679,221633,13,2,0,Normal
Loan3075135,Client41491,Nyarugenge,2023-11-16,2500000,157688,164892,13,2,0,Normal
Loan3075137,Client59704,Nyanza,2023-11-16,1760000,79439,135605,13,3,0,Normal
Loan3075154,Client158526,Nyarugenge,2023-11-16,1570000,108842,160710,13,3,0,Normal
Loan3075291,Client134969,Gasabo,2023-11-17,1450000,299628,109496,14,2,0,Normal
Loan3075323,Client9313,Nyamagabe,2023-11-17,2000000,111042,156396,13,2,0,Normal
Loan3075340,Client125198,Nyanza,2023-11-17,2000000,987392,156840,13,2,0,Normal
Loan3075366,Client163471,Ngororero,2023-11-17,1690000,302339,112996,13,3,0,Normal
Loan3075367,Client140367,Rubavu,2023-11-17,1600000,78465,100084,13,2,0,Normal
Loan3075375,Client167604,Rusizi,2023-11-17,1450000,135073,105332,13,3,0,Normal
Loan3075393,Client60571,Kicukiro,2023-11-17,1840000,718156,113164,13,3,0,Normal
Loan3075419,Client174391,Rubavu,2023-11-17,1590000,159495,114949,13,2,0,Normal
Loan3075440,Client111260,Nyagatare,2023-11-17,1680000,169991,110730,13,2,0,Normal
Loan3075444,Client186169,Nyagatare,2023-11-17,1100000,28738,114513,13,3,0,Normal
Loan3075448,Client149368,Rusizi,2023-11-17,1095000,101835,101120,13,3,0,Normal
Loan3075454,Client11186,Nyagatare,2023-11-17,2120000,406999,163839,13,3,0,Normal
Loan3075464,Client159957,Nyanza,2023-11-17,2750000,164051,178470,13,3,0,Normal
Loan3075472,Client149929,Rusizi,2023-11-17,1405000,296276,101120,13,2,0,Normal
Loan3075484,Client155372,Nyagatare,2023-11-17,1590000,216209,113885,13,3,0,Normal
Loan3075489,Client110957,Gasabo,2023-11-17,3500000,1405496,282008,13,3,0,Normal
Loan3075491,Client87576,Rusizi,2023-11-17,2500000,145805,234230,13,2,0,Normal
Loan3075501,Client164318,Gasabo,2023-11-17,1000000,-204403,228865,14,3,0,Normal
Loan3075507,Client6778,Nyamagabe,2023-11-17,3500000,318014,253993,13,3,0,Normal
Loan3075509,Client179701,Gasabo,2023-11-17,1600000,72666,107349,13,3,0,Normal
Loan3075514,Client45320,Rusizi,2023-11-17,2000000,616653,179405,13,3,0,Normal
Loan3075523,Client141386,Nyamagabe,2023-11-17,1500000,134804,95765,13,3,0,Normal
Loan3075536,Client186251,Gasabo,2023-11-17,1694000,545863,228865,14,3,0,Normal
Loan3075540,Client23142,Rutsiro,2023-11-17,1800000,113293,134178,13,3,0,Normal
Loan3075551,Client99172,Rusizi,2023-11-17,1610000,212715,107554,13,3,0,Normal
Loan3075552,Client173474,Rutsiro,2023-11-17,1600000,47541,107834,13,3,0,Normal
Loan3075555,Client124202,Nyagatare,2023-11-17,1520000,70167,96112,13,2,0,Normal
Loan3075556,Client133612,Nyamagabe,2023-11-17,1570000,187958,100515,13,3,0,Normal
Loan3075558,Client29722,Kicukiro,2023-11-17,2640000,664185,191567,13,3,0,Normal
Loan3075567,Client163816,Gasabo,2023-11-17,2150000,870598,219500,14,3,1,Written off
Loan3075578,Client91116,Rubavu,2023-11-17,1785000,161976,131334,13,2,0,Normal
Loan3075594,Client54476,Nyagatare,2023-11-17,2180000,454190,245730,13,3,0,Normal
Loan3075600,Client167802,Rusizi,2023-11-17,1400000,65755,102163,13,3,0,Normal
Loan3075604,Client47775,Ngororero,2023-11-17,3500000,1495686,256824,13,2,0,Normal
Loan3075610,Client109279,Ngororero,2023-11-17,1760000,354730,98490,13,2,0,Normal
Loan3075612,Client159540,Rusizi,2023-11-17,1500000,119310,117639,13,2,0,Normal
Loan3075620,Client158188,Ngororero,2023-11-17,1640000,42568,98270,13,3,0,Normal
Loan3075627,Client64442,Rusizi,2023-11-17,2950000,147133,192753,13,3,0,Normal
Loan3075633,Client159333,Gasabo,2023-11-17,1600000,54565,109400,13,3,0,Normal
Loan3075643,Client100311,Nyagatare,2023-11-17,1760000,183842,136135,13,3,0,Normal
Loan3075647,Client27782,Nyagatare,2023-11-17,2760000,215701,215186,13,2,0,Normal
Loan3075671,Client160762,Gasabo,2023-11-17,1590000,55808,107288,13,2,0,Normal
Loan3075684,Client135034,Gasabo,2023-11-17,3500000,816471,296655,14,3,0,Normal
Loan3075733,Client116977,Kicukiro,2023-11-17,3500000,279554,591309,14,2,0,Normal
Loan3075734,Client1613,Ngororero,2023-11-17,950000,559486,165218,13,2,0,Normal
Loan3075751,Client190796,Nyarugenge,2023-11-17,2420000,71075,159702,14,2,0,Normal
Loan3076261,Client181416,Gasabo,2023-11-20,3090000,444233,222057,13,2,0,Normal
Loan3076281,Client182282,Gasabo,2023-11-20,3300000,171986,230740,13,3,0,Normal
Loan3076300,Client12108,Rubavu,2023-11-20,1990000,134056,146017,13,2,0,Normal
Loan3076353,Client22477,Rutsiro,2023-11-20,1850000,198873,136524,13,3,0,Normal
Loan3076372,Client20585,Rubavu,2023-11-20,3415000,843387,238902,13,3,0,Normal
Loan3076395,Client121043,Nyamagabe,2023-11-20,1660000,77243,121996,13,3,0,Normal
Loan3076407,Client58692,Nyanza,2023-11-20,1760000,229363,135605,13,2,0,Normal
Loan3076414,Client31394,Nyamagabe,2023-11-20,2500000,337412,162814,13,2,0,Normal
Loan3076417,Client8192,Ngororero,2023-11-20,830000,217433,144834,13,2,0,Normal
Loan3076420,Client59054,Nyanza,2023-11-20,1760000,597049,126635,13,2,0,Normal
Loan3076434,Client28048,Nyamagabe,2023-11-20,2500000,339184,181770,13,2,0,Normal
Loan3076439,Client65833,Nyagatare,2023-11-20,3500000,512368,263336,13,3,0,Normal
Loan3076444,Client122005,Nyamagabe,2023-11-20,1650000,53868,122389,13,2,0,Normal
Loan3076457,Client80048,Nyamagabe,2023-11-20,1820000,309718,111412,13,3,0,Normal
Loan3076473,Client124283,Nyagatare,2023-11-20,1540000,107277,122389,13,3,0,Normal
Loan3076486,Client62796,Nyamagabe,2023-11-20,1900000,618891,142699,13,2,0,Normal
Loan3076496,Client123047,Nyarugenge,2023-11-20,1500000,175995,103063,13,2,0,Normal
Loan3076498,Client184439,Rusizi,2023-11-20,3500000,235416,223322,13,2,0,Normal
Loan3076516,Client171254,Nyagatare,2023-11-20,1590000,128917,113885,13,3,0,Normal
Loan3076529,Client156073,Gasabo,2023-11-20,1590000,317008,101543,13,2,0,Normal
Loan3076540,Client143297,Rutsiro,2023-11-20,1580000,83347,103063,13,2,0,Normal
Loan3076554,Client131955,Kicukiro,2023-11-20,3060000,297726,231464,13,2,0,Normal
Loan3076568,Client17150,Nyagatare,2023-11-20,3920000,357793,200864,13,1,0,Normal
Loan3076575,Client191468,Nyarugenge,2023-11-20,1570000,15941,115424,13,2,0,Normal
Loan3076583,Client68612,Nyagatare,2023-11-20,1520000,54266,110082,13,3,0,Normal
Loan3076717,Client46994,Rusizi,2023-11-21,1815000,260404,142508,13,3,0,Normal
Loan3076723,Client143860,Nyamagabe,2023-11-21,3500000,443492,250805,13,3,0,Normal
Loan3076743,Client48226,Nyanza,2023-11-21,1870000,592634,115460,13,2,0,Normal
Loan3076747,Client109659,Rusizi,2023-11-21,3500000,301553,251564,13,3,0,Normal
Loan3076764,Client125530,Rubavu,2023-11-21,1580000,150889,100937,13,3,0,Normal
Loan3076771,Client174692,Rusizi,2023-11-21,900000,304973,228865,14,3,0,Normal
Loan3076772,Client155433,Nyagatare,2023-11-21,1590000,65035,98962,13,3,0,Normal
Loan3076786,Client65644,Rubavu,2023-11-21,1870000,112485,136298,13,3,0,Normal
Loan3076791,Client166171,Kicukiro,2023-11-21,1570000,110613,103063,13,2,0,Normal
Loan3076806,Client165960,Rusizi,2023-11-21,1500000,124998,112993,13,2,0,Normal
Loan3076841,Client25518,Nyarugenge,2023-11-21,1930000,316539,143141,13,2,0,Normal
Loan3076858,Client149758,Nyanza,2023-11-21,1710000,35330,95291,13,3,0,Normal
Loan3076860,Client162557,Rutsiro,2023-11-21,1640000,111455,103063,13,2,0,Normal
Loan3076864,Client8075,Rusizi,2023-11-21,3500000,140483,232640,13,3,0,Normal
Loan3076870,Client81737,Rutsiro,2023-11-21,1300000,202296,131385,13,3,0,Normal
Loan3076876,Client16275,Rutsiro,2023-11-21,2800000,926965,200889,13,2,0,Normal
Loan3076883,Client132812,Rubavu,2023-11-21,1600000,212877,102968,13,2,0,Normal
Loan3076884,Client64022,Rusizi,2023-11-21,1770000,674538,112689,13,2,0,Normal
Loan3076919,Client157517,Gasabo,2023-11-21,1720000,111642,97363,13,2,0,Normal
Loan3076927,Client191248,Gasabo,2023-11-21,1800000,91770,216682,13,2,0,Normal
Loan3076939,Client172594,Nyagatare,2023-11-21,1590000,84530,114332,13,3,0,Normal
Loan3076943,Client158821,Gasabo,2023-11-21,3190000,120353,484800,14,2,0,Normal
Loan3076947,Client142062,Ngororero,2023-11-21,2500000,155056,204141,13,3,0,Normal
Loan3076951,Client100843,Ngororero,2023-11-21,900000,67779,160276,13,2,0,Normal
Loan3076954,Client171277,Nyagatare,2023-11-21,1590000,333664,114832,13,3,0,Normal
Loan3076963,Client185607,Nyagatare,2023-11-21,1590000,44606,97732,13,3,0,Normal
Loan3076967,Client171204,Nyagatare,2023-11-21,1520000,102639,103647,13,2,0,Normal
Loan3076985,Client108510,Nyagatare,2023-11-21,3160000,615802,197553,14,2,0,Normal
Loan3076992,Client113055,Nyagatare,2023-11-21,1570000,88500,105248,13,2,0,Normal
Loan3077000,Client124206,Gasabo,2023-11-21,1960000,123194,251958,14,2,1,Written off
Loan3077007,Client70396,Ngororero,2023-11-21,1990000,110528,136949,13,3,0,Normal
Loan3077029,Client126314,Kicukiro,2023-11-21,3500000,610160,195716,13,2,0,Normal
Loan3077180,Client29646,Gasabo,2023-11-22,2660000,1080721,151767,13,2,0,Normal
Loan3077190,Client113308,Nyanza,2023-11-22,2000000,607053,299203,13,3,0,Normal
Loan3077214,Client32146,Nyarugenge,2023-11-22,2170000,654890,228865,14,2,0,Normal
Loan3077223,Client10992,Nyamagabe,2023-11-22,2900000,213246,176797,13,3,0,Normal
Loan3077227,Client137258,Kicukiro,2023-11-22,3260000,583608,203892,13,2,0,Normal
Loan3077236,Client170539,Nyamagabe,2023-11-22,1330000,41759,97190,13,3,0,Normal
Loan3077283,Client102017,Nyamagabe,2023-11-22,1850000,141793,128522,13,2,0,Normal
Loan3077285,Client154414,Rusizi,2023-11-22,1595000,252172,101638,13,3,0,Normal
Loan3077301,Client154200,Rusizi,2023-11-22,1595000,197464,101638,13,3,0,Normal
Loan3077319,Client45337,Rusizi,2023-11-22,1770000,158317,113164,13,2,0,Normal
Loan3077323,Client21053,HQ,2023-11-22,3020000,305446,211104,13,2,0,Normal
Loan3077337,Client61756,Nyarugenge,2023-11-22,3040000,257048,242010,13,2,0,Normal
Loan3077364,Client121787,Rusizi,2023-11-22,3500000,256167,250690,13,3,0,Normal
Loan3077414,Client120869,Gasabo,2023-11-22,3500000,1192009,197811,14,2,0,Normal
Loan3077444,Client161113,Rusizi,2023-11-22,2615000,255423,176548,13,2,0,Normal
Loan3077466,Client167337,Rusizi,2023-11-22,1590000,145935,115938,13,2,0,Normal
Loan3077489,Client65266,Rusizi,2023-11-22,1770000,73127,112689,13,2,0,Normal
Loan3077534,Client55600,Rusizi,2023-11-22,2195000,94114,157932,13,2,0,Normal
Loan3077535,Client191198,Gasabo,2023-11-22,3500000,53395,290056,13,2,0,Normal
Loan3077547,Client176892,Gasabo,2023-11-22,1720000,253968,107379,13,2,0,Normal
Loan3077933,Client40333,Ngororero,2023-11-23,1930000,605899,124599,13,3,0,Normal
Loan3077978,Client146475,Rubavu,2023-11-23,1600000,81653,96413,13,3,0,Normal
Loan3077982,Client113523,Rubavu,2023-11-23,2500000,190384,150455,14,2,0,Normal
Loan3078002,Client71503,Nyamagabe,2023-11-23,1700000,71983,118730,13,3,0,Normal
Loan3078019,Client47290,Ngororero,2023-11-23,3200000,189838,303715,13,2,0,Normal
Loan3078033,Client55187,Rutsiro,2023-11-23,1940000,188218,143432,13,3,0,Normal
Loan3078074,Client98163,Nyanza,2023-11-23,1130000,540416,229963,13,2,0,Normal
Loan3078112,Client11074,Nyamagabe,2023-11-23,2430000,1017019,164339,13,2,0,Normal
Loan3078116,Client118373,Rusizi,2023-11-23,2560000,299777,166713,13,3,0,Normal
Loan3078118,Client147492,Rubavu,2023-11-23,1700000,59737,122544,13,3,0,Normal
Loan3078129,Client1900,Rubavu,2023-11-23,3500000,190287,287346,13,3,0,Normal
Loan3078147,Client64383,Rusizi,2023-11-23,3500000,117284,271132,13,2,0,Normal
Loan3078177,Client127202,Rubavu,2023-11-23,3500000,239993,271240,13,3,0,Normal
Loan3078186,Client32237,Gasabo,2023-11-23,3500000,669640,302105,14,2,0,Normal
Loan3078224,Client191269,Kicukiro,2023-11-23,1700000,132323,129250,14,3,0,Normal
Loan3078228,Client129358,Ngororero,2023-11-23,1520000,67370,94584,13,3,0,Normal
Loan3078235,Client5591,Rusizi,2023-11-23,2500000,125094,193312,13,3,0,Normal
Loan3078258,Client74099,Nyamagabe,2023-11-23,1900000,51611,128981,13,3,0,Normal
Loan3078270,Client63845,Rusizi,2023-11-23,1770000,69752,137560,13,3,0,Normal
Loan3078271,Client95396,Nyamagabe,2023-11-23,1900000,68973,125656,13,2,0,Normal
Loan3078281,Client174103,Nyanza,2023-11-23,1200000,32448,114513,13,2,0,Normal
Loan3078282,Client89413,Gasabo,2023-11-23,1290000,187933,134714,13,2,0,Normal
Loan3078318,Client53543,Rutsiro,2023-11-23,3100000,146438,212836,13,3,0,Normal
Loan3078375,Client176793,Ngororero,2023-11-23,1500000,58551,118861,14,2,0,Normal
Loan3078379,Client151801,Nyarugenge,2023-11-23,1300000,114486,124444,13,3,0,Normal
Loan3078380,Client57795,Rubavu,2023-11-23,3500000,1783762,268446,13,2,0,Normal
Loan3078427,Client97066,Gasabo,2023-11-23,1920000,94415,129947,13,3,0,Normal
Loan3078429,Client134776,Nyarugenge,2023-11-23,2030000,555254,204098,14,2,0,Normal
Loan3078448,Client79565,Rusizi,2023-11-23,1930000,117644,136040,13,2,0,Normal
Loan3078449,Client77991,Gasabo,2023-11-23,1780000,62563,120906,13,2,0,Normal
Loan3078472,Client192898,Kicukiro,2023-11-23,3000000,342098,228865,14,3,0,Normal
Loan3078479,Client47758,Ngororero,2023-11-23,1990000,309036,135135,13,3,0,Normal
Loan3078491,Client164084,Rubavu,2023-11-23,1530000,119572,235606,13,3,0,Normal
Loan3078498,Client19989,Nyagatare,2023-11-23,3370000,167071,235130,13,2,0,Normal
Loan3078505,Client157801,Ngororero,2023-11-23,1690000,201015,102545,13,3,0,Normal
Loan3078556,Client184571,Ngororero,2023-11-23,1700000,23474,114424,13,2,0,Normal
Loan3078592,Client122666,Rusizi,2023-11-23,3200000,1085067,202861,13,2,0,Normal
Loan3079012,Client118400,Kicukiro,2023-11-24,3000000,268058,256273,13,2,0,Normal
Loan3079021,Client46753,Ngororero,2023-11-24,2100000,353871,142699,13,3,0,Normal
Loan3079051,Client34317,Nyamagabe,2023-11-24,2080000,759278,116945,13,3,0,Normal
Loan3079070,Client19409,Nyamagabe,2023-11-24,1600000,475960,119954,13,2,0,Normal
Loan3079113,Client156691,Gasabo,2023-11-24,1720000,36651,101395,13,2,0,Normal
Loan3079120,Client129474,Ngororero,2023-11-24,1680000,46450,122389,13,2,0,Normal
Loan3079124,Client129159,Rubavu,2023-11-24,1700000,63453,105708,13,2,0,Normal
Loan3079136,Client6116,Nyamagabe,2023-11-24,2800000,1204277,177747,13,3,0,Normal
Loan3079153,Client5121,Rutsiro,2023-11-24,2000000,547095,188273,13,2,0,Normal
Loan3079156,Client141127,Nyamagabe,2023-11-24,1500000,76106,96715,13,2,0,Normal
Loan3080170,Client118204,Rutsiro,2023-11-24,1750000,51680,117246,13,1,0,Normal
Loan3080179,Client54718,Nyamagabe,2023-11-24,3500000,873175,203475,13,3,0,Normal
Loan3080229,Client131334,Nyanza,2023-11-24,3500000,141622,228890,13,2,0,Normal
Loan3080260,Client107885,Rutsiro,2023-11-24,2950000,163124,198800,13,3,0,Normal
Loan3080272,Client79787,Gasabo,2023-11-24,1280000,64772,137560,13,2,0,Normal
Loan3080295,Client60535,Nyarugenge,2023-11-24,3230000,2064591,270626,13,2,0,Normal
Loan3080300,Client62530,Rutsiro,2023-11-24,3500000,193161,269400,13,3,0,Normal
Loan3080340,Client15603,Gasabo,2023-11-24,2000000,413624,141778,13,2,0,Normal
Loan3080342,Client125541,Nyamagabe,2023-11-24,1730000,422577,99997,13,3,0,Normal
Loan3080354,Client125539,Nyamagabe,2023-11-24,2800000,635096,177747,13,3,0,Normal
Loan3080371,Client120898,Nyarugenge,2023-11-24,2900000,371323,176187,13,2,0,Normal
Loan3080382,Client97233,Rusizi,2023-11-24,3500000,159750,252070,13,3,0,Normal
Loan3080394,Client104718,Nyamagabe,2023-11-24,3500000,331399,253522,13,2,0,Normal
Loan3080407,Client66144,Ngororero,2023-11-24,1720000,687612,105396,13,2,0,Normal
Loan3080430,Client80838,Rusizi,2023-11-24,1880000,105683,127910,13,2,0,Normal
Loan3080493,Client134244,Gasabo,2023-11-24,1720000,84326,123814,13,3,0,Normal
Loan3080507,Client154503,Nyarugenge,2023-11-24,1700000,129275,115424,13,2,0,Normal
Loan3080533,Client31897,Nyarugenge,2023-11-24,2220000,125844,149572,13,2,0,Normal
Loan3080567,Client10728,Ngororero,2023-11-24,2150000,953494,140059,13,3,0,Normal
Loan3080589,Client152317,Nyarugenge,2023-11-24,1700000,311814,101638,13,2,0,Normal
Loan3080598,Client101798,Nyagatare,2023-11-24,1820000,107954,128981,13,3,0,Normal
Loan3080618,Client101773,Nyagatare,2023-11-24,3500000,156743,277270,13,3,0,Normal
Loan3080659,Client150931,Rusizi,2023-11-24,1590000,48885,107554,13,3,0,Normal
Loan3080750,Client15392,Nyarugenge,2023-11-24,2760000,111032,189100,14,2,0,Normal
Loan3080761,Client178855,Nyarugenge,2023-11-24,1600000,51697,116849,13,2,0,Normal
Loan3081491,Client125910,Rubavu,2023-11-27,1600000,100272,96413,13,3,0,Normal
Loan3081572,Client141726,Nyanza,2023-11-27,1570000,51371,94466,14,2,0,Normal
Loan3081586,Client163397,Ngororero,2023-11-27,1360000,102196,84559,13,3,0,Normal
Loan3081607,Client109696,Rusizi,2023-11-27,3500000,350237,231000,14,2,0,Normal
Loan3081652,Client158154,Ngororero,2023-11-27,1580000,124162,108813,13,3,0,Normal
Loan3081685,Client88877,Nyamagabe,2023-11-27,3500000,1263649,305845,13,2,0,Normal
Loan3081709,Client82440,Nyarugenge,2023-11-27,1900000,70450,136736,13,2,0,Normal
Loan3081778,Client194289,Nyanza,2023-11-27,2400000,149957,198074,14,3,0,Normal
Loan3081783,Client64464,Rusizi,2023-11-27,1720000,175290,133285,13,3,0,Normal
Loan3081790,Client2130,Ngororero,2023-11-27,3500000,886016,358973,13,3,0,Normal
Loan3081796,Client167103,Nyamagabe,2023-11-27,1700000,54937,105934,13,3,0,Normal
Loan3081818,Client142035,Ngororero,2023-11-27,1500000,48179,101120,13,3,0,Normal
Loan3081820,Client34784,Nyanza,2023-11-27,3500000,158919,282508,13,2,0,Normal
Loan3081838,Client129380,Ngororero,2023-11-27,1600000,41558,118539,13,2,0,Normal
Loan3081884,Client8943,Rubavu,2023-11-27,1650000,35729,101163,13,3,0,Normal
Loan3081889,Client27947,Nyamagabe,2023-11-27,3478000,1482271,131527,14,2,0,Normal
Loan3081940,Client190854,Gasabo,2023-11-27,1180000,23575,228865,14,3,0,Normal
Loan3081945,Client184212,Rutsiro,2023-11-27,3500000,547005,238836,13,3,0,Normal
Loan3081949,Client18765,Rubavu,2023-11-27,2000000,196907,125025,13,3,0,Normal
Loan3081967,Client91153,Rubavu,2023-11-27,1960000,62275,108243,13,2,0,Normal
Loan3081991,Client159675,Rusizi,2023-11-27,2600000,93609,234565,13,2,0,Normal
Loan3082065,Client134795,Gasabo,2023-11-27,2210000,106155,311900,14,3,0,Normal
Loan3082087,Client185549,Nyagatare,2023-11-27,1570000,149105,113882,13,3,0,Normal
Loan3082111,Client32692,Gasabo,2023-11-27,3500000,191183,150712,14,2,0,Normal
Loan3082174,Client129755,Rusizi,2023-11-27,2760000,459245,119539,13,3,0,Normal
Loan3082175,Client144869,Gasabo,2023-11-27,3500000,144027,247208,13,3,0,Normal
Loan3082265,Client179163,Kicukiro,2023-11-28,1690000,78203,122389,13,3,0,Normal
Loan3082289,Client67012,Rubavu,2023-11-28,1260000,83224,135548,13,3,0,Normal
Loan3082307,Client3062,Rubavu,2023-11-28,750000,336311,136144,13,2,0,Normal
Loan3082331,Client155268,Nyagatare,2023-11-28,1560000,49838,98962,13,3,0,Normal
Loan3082340,Client46839,Rutsiro,2023-11-28,2100000,119256,142508,13,3,0,Normal
Loan3082354,Client150790,Rusizi,2023-11-28,2800000,121719,218035,13,3,0,Normal
Loan3082368,Client12759,Nyanza,2023-11-28,3500000,171679,287258,13,3,0,Normal
Loan3082386,Client21788,Gasabo,2023-11-28,3500000,151490,272806,13,3,0,Normal
Loan3082398,Client110351,Nyagatare,2023-11-28,1640000,343738,102398,13,3,0,Normal
Loan3082413,Client166616,Rusizi,2023-11-28,1000000,28840,114832,13,3,0,Normal
Loan3082426,Client101359,Kicukiro,2023-11-28,3500000,102084,249380,13,2,0,Normal
Loan3082431,Client159939,Nyarugenge,2023-11-28,1700000,59760,123019,13,3,0,Normal
Loan3082441,Client29143,Nyamagabe,2023-11-28,3500000,1830858,220413,13,2,0,Normal
Loan3082448,Client109580,Kicukiro,2023-11-28,2670000,954256,120000,14,3,0,Normal
Loan3082453,Client60532,Rusizi,2023-11-28,1740000,140271,135130,13,3,0,Normal
Loan3082456,Client17079,Nyarugenge,2023-11-28,2000000,755163,142862,13,2,0,Normal
Loan3082463,Client10645,Nyagatare,2023-11-28,2500000,242381,181803,13,2,0,Normal
Loan3082464,Client160447,Rutsiro,2023-11-28,1720000,283113,98313,13,2,0,Normal
Loan3082469,Client71547,Nyamagabe,2023-11-28,1830000,137961,127300,13,2,0,Normal
Loan3082494,Client44193,Nyagatare,2023-11-28,2000000,358444,127699,13,2,0,Normal
Loan3082500,Client159497,Rubavu,2023-11-28,1720000,65282,115021,13,2,0,Normal
Loan3082503,Client165228,Rusizi,2023-11-28,1500000,28183,109512,13,2,0,Normal
Loan3082522,Client194276,Nyanza,2023-11-28,2530000,119156,228865,14,3,0,Normal
Loan3082526,Client142130,Nyagatare,2023-11-28,3380000,120044,228485,13,2,0,Normal
Loan3082527,Client56756,Rusizi,2023-11-28,2030000,218518,136040,13,2,0,Normal
Loan3082547,Client13130,Nyamagabe,2023-11-28,3500000,455563,263221,13,2,0,Normal
Loan3082550,Client42996,Rutsiro,2023-11-28,2130000,463409,137061,13,2,0,Normal
Loan3082557,Client147823,Nyamagabe,2023-11-28,1700000,229148,100515,13,3,0,Normal
Loan3082573,Client161476,Nyagatare,2023-11-28,3380000,123890,216817,13,2,0,Normal
Loan3082575,Client121037,Kicukiro,2023-11-28,1690000,372925,105863,13,3,0,Normal
Loan3082599,Client180311,Gasabo,2023-11-28,1600000,66266,111188,13,3,0,Normal
Loan3082607,Client166082,Kicukiro,2023-11-28,1500000,73531,174388,13,3,0,Normal
Loan3082615,Client167051,Nyanza,2023-11-28,1530000,52101,100602,13,3,0,Normal
Loan3082618,Client191164,Nyamagabe,2023-11-28,2160000,87018,212816,14,3,0,Normal
Loan3082622,Client124431,Kicukiro,2023-11-28,1690000,57754,105863,13,3,0,Normal
Loan3082632,Client142065,Ngororero,2023-11-28,1640000,149590,111982,13,2,0,Normal
Loan3082636,Client70700,Nyamagabe,2023-11-28,1900000,195670,116355,13,2,0,Normal
Loan3082652,Client87764,Nyamagabe,2023-11-28,3190000,2188083,252328,14,3,0,Normal
Loan3082666,Client130478,Rubavu,2023-11-28,2500000,361345,227687,13,2,0,Normal
Loan3082667,Client182572,Kicukiro,2023-11-28,1570000,43268,98263,13,2,0,Normal
Loan3082668,Client182226,Rutsiro,2023-11-28,1720000,47275,107780,13,2,0,Normal
Loan3082671,Client124717,Rutsiro,2023-11-28,1200000,131718,106314,13,2,0,Normal
Loan3082672,Client58197,Rubavu,2023-11-28,1990000,637557,119086,13,2,0,Normal
Loan3082682,Client142197,Nyarugenge,2023-11-28,1720000,-10,122526,13,3,0,Normal
Loan3082683,Client97341,Nyagatare,2023-11-28,1660000,102030,122322,13,2,0,Normal
Loan3082686,Client141962,Ngororero,2023-11-28,1670000,312751,102545,13,3,0,Normal
Loan3082691,Client155529,Nyagatare,2023-11-28,3500000,740464,226317,13,3,0,Normal
Loan3082697,Client176470,Ngororero,2023-11-28,1690000,49531,102163,13,2,0,Normal
Loan3082701,Client140807,Rubavu,2023-11-28,1600000,78772,115281,13,2,0,Normal
Loan3082702,Client184850,Nyagatare,2023-11-28,1570000,56278,113407,13,2,0,Normal
Loan3082708,Client10236,Gasabo,2023-11-28,3500000,2312649,286753,13,2,0,Normal
Loan3082726,Client104105,Nyagatare,2023-11-28,1820000,158191,133056,13,2,0,Normal
Loan3082728,Client45873,Rusizi,2023-11-28,1395000,447490,92739,13,2,0,Normal
Loan3082729,Client176707,Kicukiro,2023-11-28,1200000,129647,119251,13,3,0,Normal
Loan3082736,Client137985,Kicukiro,2023-11-28,3500000,156594,249265,13,2,0,Normal
Loan3082741,Client10917,Ngororero,2023-11-28,2000000,223079,121722,13,3,0,Normal
Loan3082768,Client158271,Ngororero,2023-11-28,1600000,189012,102545,13,3,0,Normal
Loan3082785,Client171454,Gasabo,2023-11-28,1680000,86460,189100,14,3,0,Normal
Loan3082788,Client137305,Nyagatare,2023-11-28,3500000,253144,249265,13,3,0,Normal
Loan3082796,Client93520,Nyagatare,2023-11-28,1850000,113553,110730,13,3,0,Normal
Loan3082804,Client27741,Kicukiro,2023-11-28,2100000,114520,168038,13,2,0,Normal
Loan3082819,Client51906,Kicukiro,2023-11-28,3500000,205870,264603,13,2,0,Normal
Loan3082848,Client47048,Rutsiro,2023-11-28,3500000,306794,267003,13,2,0,Normal
Loan3082851,Client180788,Gasabo,2023-11-28,1720000,32132,115424,13,2,0,Normal
Loan3082876,Client191255,Gasabo,2023-11-28,1500000,38082,112544,14,3,0,Normal
Loan3082884,Client68872,Ngororero,2023-11-28,1990000,330876,120410,13,2,0,Normal
Loan3082885,Client158578,Nyarugenge,2023-11-28,1500000,141816,100709,13,2,0,Normal
Loan3082892,Client151399,Rusizi,2023-11-28,2645000,147451,181305,13,3,0,Normal
Loan3082894,Client57671,Gasabo,2023-11-28,1040000,732241,242442,13,3,0,Normal
Loan3082901,Client186221,Kicukiro,2023-11-28,2500000,80634,190151,14,3,0,Normal
Loan3082911,Client187353,Rutsiro,2023-11-28,3280000,95634,238836,13,3,0,Normal
Loan3082917,Client166184,Rusizi,2023-11-28,1340000,199199,134411,13,2,0,Normal
Loan3082947,Client188856,Ngororero,2023-11-28,1500000,206051,136739,13,2,0,Normal
Loan3082949,Client150450,Rusizi,2023-11-28,1545000,103860,101120,13,2,0,Normal
Loan3082965,Client150379,Rusizi,2023-11-28,2000000,161475,122389,13,2,0,Normal
Loan3083101,Client155524,Nyagatare,2023-11-29,3500000,83163,226317,13,2,0,Normal
Loan3083150,Client65483,Rutsiro,2023-11-29,2000000,169632,136834,13,3,0,Normal
Loan3083201,Client5674,Rutsiro,2023-11-29,2480000,230558,165177,13,2,0,Normal
Loan3083214,Client69995,Gasabo,2023-11-29,2030000,69274,137030,13,2,0,Normal
Loan3083215,Client128108,Nyamagabe,2023-11-29,1670000,70919,121439,13,2,0,Normal
Loan3083247,Client157874,Ngororero,2023-11-29,1590000,48102,96370,13,3,0,Normal
Loan3083253,Client2171,Rubavu,2023-11-29,2390000,231657,161126,13,2,0,Normal
Loan3083270,Client157499,Gasabo,2023-11-29,1720000,57147,101395,13,3,0,Normal
Loan3083274,Client99796,Rubavu,2023-11-29,1830000,259523,131334,13,3,0,Normal
Loan3083285,Client103960,Kicukiro,2023-11-29,1900000,62830,128981,13,3,0,Normal
Loan3083299,Client147255,Rubavu,2023-11-29,1630000,57696,104718,13,3,0,Normal
Loan3083339,Client22521,Rusizi,2023-11-29,2000000,186245,143838,13,2,0,Normal
Loan3083345,Client147494,Nyamagabe,2023-11-29,1700000,54079,88025,13,2,0,Normal
Loan3083359,Client176292,Nyagatare,2023-11-29,1590000,24338,110082,13,2,0,Normal
Loan3083379,Client157200,Nyagatare,2023-11-29,1590000,59405,98962,13,2,0,Normal
Loan3083382,Client183841,Nyamagabe,2023-11-29,1560000,49986,107349,13,2,0,Normal
Loan3083389,Client79187,Nyagatare,2023-11-29,1570000,309285,105248,13,2,0,Normal
Loan3083395,Client184789,Nyagatare,2023-11-29,1400000,40229,101385,13,3,0,Normal
Loan3083411,Client110395,Nyagatare,2023-11-29,1520000,119407,112839,13,3,0,Normal
Loan3083418,Client129306,Rusizi,2023-11-29,3500000,298379,269956,13,3,0,Normal
Loan3083426,Client133850,Nyagatare,2023-11-29,1400000,93195,111071,13,2,0,Normal
Loan3083427,Client169904,Nyamagabe,2023-11-29,1400000,32414,99486,13,3,0,Normal
Loan3083428,Client182427,Gasabo,2023-11-29,1540000,40126,225978,13,3,0,Normal
Loan3083434,Client103476,Kicukiro,2023-11-29,3050000,363579,209464,14,2,0,Normal
Loan3083438,Client183839,Nyamagabe,2023-11-29,3500000,118262,251958,13,3,0,Normal
Loan3083446,Client116800,Gasabo,2023-11-29,1800000,118038,123421,13,3,0,Normal
Loan3083447,Client118622,Kicukiro,2023-11-29,435000,356524,232760,13,3,0,Normal
Loan3083462,Client125768,Rusizi,2023-11-29,2600000,279154,171380,13,3,0,Normal
Loan3083484,Client86890,Nyanza,2023-11-29,3500000,268181,290598,13,3,0,Normal
Loan3083561,Client9174,Nyagatare,2023-11-29,2000000,429324,122475,13,2,0,Normal
Loan3083573,Client156960,Nyagatare,2023-11-29,1590000,56974,114732,13,2,0,Normal
Loan3083628,Client75563,Nyarugenge,2023-11-29,3500000,1088301,234651,13,2,0,Normal
Loan3083664,Client82971,Nyarugenge,2023-11-29,2040000,713075,120676,13,2,0,Normal
Loan3083677,Client121718,Rusizi,2023-11-29,3450000,981349,226714,13,2,0,Normal
Loan3083687,Client51401,Gasabo,2023-11-29,3500000,244726,275521,13,3,0,Normal
Loan3083702,Client134613,Nyarugenge,2023-11-29,2340000,128956,115938,14,2,0,Normal
Loan3083730,Client155879,Gasabo,2023-11-29,1720000,78990,119064,13,3,0,Normal
Loan3083887,Client181731,Rutsiro,2023-11-30,1650000,80875,107834,13,2,0,Normal
Loan3083916,Client151315,Rubavu,2023-11-30,1700000,264808,107834,13,3,0,Normal
Loan3083922,Client68964,Rutsiro,2023-11-30,3500000,747622,230645,13,3,0,Normal
Loan3083945,Client13394,Rubavu,2023-11-30,3500000,770895,231215,13,2,0,Normal
Loan3083948,Client125236,Nyagatare,2023-11-30,1520000,93137,118196,13,2,0,Normal
Loan3083958,Client129166,Rubavu,2023-11-30,1695000,78638,122318,13,3,0,Normal
Loan3083965,Client185341,Ngororero,2023-11-30,500000,135093,107834,13,3,0,Normal
Loan3083996,Client65747,Rubavu,2023-11-30,2130000,66943,119086,13,3,0,Normal
Loan3083997,Client132788,Rutsiro,2023-11-30,1600000,90608,115419,13,3,0,Normal
Loan3084006,Client10951,Nyamagabe,2023-11-30,3500000,429243,269428,13,3,0,Normal
Loan3084007,Client152519,Rubavu,2023-11-30,2970000,69407,215558,13,3,0,Normal
Loan3084010,Client149651,Nyanza,2023-11-30,1700000,54355,100041,13,2,0,Normal
Loan3084043,Client56556,Nyanza,2023-11-30,2000000,413476,135605,13,2,0,Normal
Loan3084062,Client142088,Rubavu,2023-11-30,3500000,747065,231464,13,2,0,Normal
Loan3084063,Client109693,Kicukiro,2023-11-30,1900000,118381,128522,13,3,0,Normal
Loan3084070,Client55834,Nyanza,2023-11-30,2000000,70792,135605,13,3,0,Normal
Loan3084081,Client75661,Gasabo,2023-11-30,3200000,217746,223338,14,3,0,Normal
Loan3084135,Client3583,Ngororero,2023-11-30,1400000,455384,138052,13,3,0,Normal
Loan3084157,Client185602,Nyagatare,2023-11-30,3500000,105652,244108,13,2,0,Normal
Loan3084162,Client190830,Gasabo,2023-11-30,1440000,48975,228865,14,3,0,Normal
Loan3084163,Client61870,Nyagatare,2023-11-30,1640000,1020078,238142,13,3,0,Normal
Loan3084169,Client15180,Rusizi,2023-11-30,2350000,771304,157715,13,3,0,Normal
Loan3084176,Client147002,Rubavu,2023-11-30,1700000,31290,105934,13,3,0,Normal
Loan3084185,Client175587,Rubavu,2023-11-30,1725000,275887,160276,13,2,0,Normal
Loan3084194,Client174452,Nyamagabe,2023-11-30,1450000,121531,105459,13,3,0,Normal
Loan3084195,Client69259,Nyagatare,2023-11-30,3200000,1022751,205141,13,3,0,Normal
Loan3084230,Client13132,Nyamagabe,2023-11-30,2200000,358305,152375,13,3,0,Normal
Loan3084231,Client116842,Gasabo,2023-11-30,3500000,276626,254712,13,2,0,Normal
Loan3084252,Client69267,Rutsiro,2023-11-30,1800000,93068,115405,13,3,0,Normal
Loan3084258,Client182926,Rusizi,2023-11-30,1700000,46327,102591,13,3,0,Normal
Loan3084286,Client152349,Kicukiro,2023-11-30,1690000,111261,114832,13,2,0,Normal
Loan3084314,Client185276,Nyagatare,2023-11-30,1590000,56407,115938,13,3,0,Normal
Loan3084339,Client171334,Nyagatare,2023-11-30,1580000,45929,114038,13,3,0,Normal
Loan3084348,Client176812,Gasabo,2023-11-30,1600000,265881,111775,13,3,0,Normal
Loan3084352,Client181276,Nyanza,2023-11-30,3420000,149596,217834,13,3,0,Normal
Loan3084363,Client155421,Nyagatare,2023-11-30,1550000,33446,98962,13,2,0,Normal
Loan3084376,Client154419,Rusizi,2023-11-30,1600000,217923,101638,13,3,0,Normal
Loan3084392,Client81539,Nyarugenge,2023-11-30,2400000,884017,141633,14,3,0,Normal
Loan3084433,Client119003,Rusizi,2023-11-30,3500000,1027969,231000,14,2,0,Normal
Loan3085443,Client109860,Kicukiro,2023-12-01,3500000,-148822,236267,13,2,0,Normal
Loan3085530,Client12644,Nyagatare,2023-12-01,3500000,1141022,248255,13,3,0,Normal
Loan3085763,Client173306,Rubavu,2023-12-01,1720000,56995,114949,13,2,0,Normal
Loan3085764,Client179714,Kicukiro,2023-12-01,1620000,46696,100638,13,3,0,Normal
Loan3085774,Client143675,Kicukiro,2023-12-01,1690000,55811,103063,13,3,0,Normal
Loan3085805,Client40209,Ngororero,2023-12-01,2320000,214171,160307,13,2,0,Normal
Loan3085844,Client184936,Ngororero,2023-12-01,1700000,53320,107834,13,3,0,Normal
Loan3085856,Client92901,Nyanza,2023-12-01,2580000,92632,155000,13,3,0,Normal
Loan3085880,Client119125,Rubavu,2023-12-01,3500000,260505,424640,14,2,0,Normal
Loan3085894,Client25934,Rubavu,2023-12-01,2240000,168807,146279,13,2,0,Normal
Loan3085903,Client148198,Nyamagabe,2023-12-01,2920000,67617,176763,13,2,0,Normal
Loan3085975,Client15310,Rutsiro,2023-12-01,1500000,134071,133483,13,2,0,Normal
Loan3085993,Client147469,Rubavu,2023-12-01,1720000,158247,101163,13,3,0,Normal
Loan3086015,Client68453,Nyanza,2023-12-01,1960000,193991,128480,13,3,0,Normal
Loan3086089,Client125935,Nyamagabe,2023-12-01,3500000,168316,289000,14,3,0,Normal
Loan3086104,Client78235,Nyamagabe,2023-12-01,2000000,144503,135605,13,2,0,Normal
Loan3086120,Client12850,Nyamagabe,2023-12-01,3500000,179838,271381,13,3,0,Normal
Loan3086131,Client138246,Gasabo,2023-12-01,1720000,314962,101543,13,2,0,Normal
Loan3086132,Client105504,Nyagatare,2023-12-01,3500000,1567922,281545,13,3,0,Normal
Loan3086148,Client125397,Ngororero,2023-12-01,2700000,300440,224067,13,3,0,Normal
Loan3086160,Client184658,Nyagatare,2023-12-01,1550000,227186,114513,13,2,0,Normal
Loan3086181,Client57532,Nyamagabe,2023-12-01,3500000,155857,271708,13,3,0,Normal
Loan3086184,Client70630,Gasabo,2023-12-01,1920000,71955,130406,13,3,0,Normal
Loan3086197,Client155446,Nyagatare,2023-12-01,3300000,99277,236555,13,3,0,Normal
Loan3086212,Client50210,Ngororero,2023-12-01,2020000,83447,137758,13,3,0,Normal
Loan3086231,Client19071,Gasabo,2023-12-01,2135000,139218,143933,13,2,0,Normal
Loan3086250,Client78295,Nyamagabe,2023-12-01,3150000,156652,240067,13,3,0,Normal
Loan3086255,Client110383,Nyagatare,2023-12-01,2910000,203092,194875,13,3,0,Normal
Loan3086261,Client166000,Kicukiro,2023-12-01,1600000,141953,114513,13,3,0,Normal
Loan3086268,Client69023,Nyamagabe,2023-12-01,2000000,138037,136135,13,3,0,Normal
Loan3086270,Client69235,Nyagatare,2023-12-01,3500000,978102,217292,13,2,0,Normal
Loan3086294,Client178159,Nyagatare,2023-12-01,3500000,86712,207332,13,3,0,Normal
Loan3086344,Client105470,Ngororero,2023-12-01,2980000,1070594,211668,13,2,0,Normal
Loan3086351,Client34560,Kicukiro,2023-12-01,1800000,83551,121521,13,3,0,Normal
Loan3086365,Client126135,Rubavu,2023-12-01,3280000,304319,220377,13,3,0,Normal
Loan3086368,Client178848,Gasabo,2023-12-01,2620000,166743,200225,13,2,0,Normal
Loan3086374,Client175617,Nyanza,2023-12-01,2600000,169341,180911,13,3,0,Normal
Loan3086392,Client186583,Rutsiro,2023-12-01,1700000,47658,114513,13,2,0,Normal
Loan3086398,Client143513,Rubavu,2023-12-01,800000,136048,101163,13,3,0,Normal
Loan3086410,Client21119,Rubavu,2023-12-01,3450000,362364,232896,13,3,0,Normal
Loan3086414,Client141975,Ngororero,2023-12-01,2600000,94855,188796,13,2,0,Normal
Loan3086423,Client40460,Rubavu,2023-12-01,1940000,147948,131334,13,3,0,Normal
Loan3086433,Client144954,Nyamagabe,2023-12-01,1700000,156554,100515,13,2,0,Normal
Loan3086450,Client147775,Rubavu,2023-12-01,1690000,55242,101163,13,3,0,Normal
Loan3086462,Client162914,Nyamagabe,2023-12-01,2600000,71818,178663,13,3,0,Normal
Loan3086483,Client133646,Nyanza,2023-12-01,2530000,284641,170425,14,3,0,Normal
Loan3086518,Client173513,Nyanza,2023-12-01,3270000,596364,194380,13,2,0,Normal
Loan3086530,Client155983,Gasabo,2023-12-01,1600000,35810,101395,13,3,0,Normal
Loan3086540,Client131937,Kicukiro,2023-12-01,1620000,130068,117639,13,3,0,Normal
Loan3086557,Client60542,Nyarugenge,2023-12-01,3500000,650680,304325,13,2,0,Normal
Loan3086582,Client29888,Gasabo,2023-12-01,2450000,179630,165421,13,2,0,Normal
Loan3086614,Client80258,Nyarugenge,2023-12-01,3500000,1104387,275397,13,2,0,Normal
Loan3086672,Client67131,Ngororero,2023-12-01,3500000,199371,238741,13,3,0,Normal
Loan3086720,Client158185,Ngororero,2023-12-01,1570000,64349,102545,13,3,0,Normal
Loan3086767,Client66084,Rusizi,2023-12-01,1770000,112714,137030,13,2,0,Normal
Loan3086797,Client92752,Rusizi,2023-12-01,3500000,194974,307482,13,3,0,Normal
Loan3086902,Client156744,Gasabo,2023-12-01,1000000,29223,101395,13,3,0,Normal
Loan3086926,Client111099,Gasabo,2023-12-01,1920000,48767,129947,13,2,0,Normal
Loan3086948,Client20784,Rusizi,2023-12-01,1610000,73640,116296,13,3,0,Normal
Loan3086954,Client183916,Gasabo,2023-12-01,2620000,434752,200225,13,3,0,Normal
Loan3086998,Client66268,Gasabo,2023-12-01,3400000,233989,242442,13,3,0,Normal
Loan3087023,Client123607,Rusizi,2023-12-01,1630000,209809,110247,13,3,0,Normal
Loan3087028,Client110606,Rusizi,2023-12-01,3500000,229886,223382,13,3,0,Normal
Loan3087060,Client83366,Rusizi,2023-12-01,3300000,200175,250710,13,3,0,Normal
Loan3087074,Client95382,Rusizi,2023-12-01,2950000,299299,209511,13,3,0,Normal
Loan3087101,Client19658,Rusizi,2023-12-01,1380000,888485,94905,14,2,0,Normal
Loan3087116,Client54958,Rusizi,2023-12-01,1900000,82316,135130,13,3,0,Normal
Loan3088031,Client34792,Rusizi,2023-12-02,2030000,83407,244556,13,2,0,Normal
Loan3088181,Client178046,Rusizi,2023-12-02,3500000,110492,241780,13,2,0,Normal
Loan3088280,Client150819,Rusizi,2023-12-02,1575000,34300,96370,13,2,0,Normal
Loan3089464,Client158194,Ngororero,2023-12-04,1680000,62179,102545,13,2,0,Normal
Loan3089608,Client124517,Rutsiro,2023-12-04,3300000,147209,239270,13,2,0,Normal
Loan3089616,Client158991,Rutsiro,2023-12-04,1700000,95738,114000,13,3,0,Normal
Loan3089635,Client113015,Rutsiro,2023-12-04,1900000,54739,124430,13,2,0,Normal
Loan3089712,Client181371,Nyanza,2023-12-04,1570000,39927,96791,13,4,0,Normal
Loan3089745,Client9052,Gasabo,2023-12-04,3500000,490821,227780,13,3,0,Normal
Loan3089768,Client144224,Rutsiro,2023-12-04,1700000,136613,101638,13,3,0,Normal
Loan3089775,Client131798,Gasabo,2023-12-04,3000000,70280,230330,14,2,0,Normal
Loan3089789,Client137793,Nyanza,2023-12-04,2620000,107296,190221,13,3,0,Normal
Loan3089904,Client42807,Rutsiro,2023-12-04,2750000,122936,184550,13,3,0,Normal
Loan3089929,Client119183,Nyagatare,2023-12-04,1530000,81144,118072,13,2,0,Normal
Loan3089933,Client42923,Rutsiro,2023-12-04,3500000,463217,282236,13,3,0,Normal
Loan3089952,Client124690,Nyarugenge,2023-12-04,1800000,261989,101543,13,3,0,Normal
Loan3089962,Client96891,Gasabo,2023-12-04,1850000,616309,108898,13,3,0,Normal
Loan3089966,Client184478,Nyagatare,2023-12-04,1000000,77053,114988,13,3,0,Normal
Loan3089975,Client157243,Nyagatare,2023-12-04,1440000,52373,106438,13,2,0,Normal
Loan3089999,Client124966,Gasabo,2023-12-04,1640000,113263,95895,13,3,0,Normal
Loan3090002,Client185529,Nyagatare,2023-12-04,3450000,90122,214665,13,3,0,Normal
Loan3090006,Client155577,Nyagatare,2023-12-04,3500000,742511,237637,13,2,0,Normal
Loan3090023,Client183698,Nyamagabe,2023-12-04,700000,89054,116525,13,2,0,Normal
Loan3090026,Client171275,Nyagatare,2023-12-04,1590000,247273,128522,13,3,0,Normal
Loan3090037,Client65538,Kicukiro,2023-12-04,3300000,450948,271381,13,2,0,Normal
Loan3090046,Client51607,Nyamagabe,2023-12-04,1950000,142628,134235,13,2,0,Normal
Loan3090052,Client75129,Ngororero,2023-12-04,1930000,56816,122105,13,3,0,Normal
Loan3090063,Client50191,Nyagatare,2023-12-04,1790000,88144,129010,13,3,0,Normal
Loan3090070,Client163315,Nyamagabe,2023-12-04,1600000,60230,116844,13,3,0,Normal
Loan3090102,Client171121,Nyagatare,2023-12-04,1590000,57651,103647,13,3,0,Normal
Loan3090152,Client178151,Nyagatare,2023-12-04,1590000,42368,105380,13,3,0,Normal
Loan3090153,Client70845,Rutsiro,2023-12-04,3400000,931602,164318,13,3,0,Normal
Loan3090166,Client123915,Nyagatare,2023-12-04,2680000,509464,194469,13,3,0,Normal
Loan3090213,Client124008,Nyagatare,2023-12-04,1590000,72736,115938,13,3,0,Normal
Loan3090229,Client121972,Nyarugenge,2023-12-04,3500000,262524,225020,13,3,0,Normal
Loan3090241,Client121385,Nyarugenge,2023-12-04,3500000,108351,241058,13,2,0,Normal
Loan3090245,Client133119,Rusizi,2023-12-04,1647000,69605,117639,13,2,0,Normal
Loan3090266,Client110710,Rusizi,2023-12-04,1760000,88020,122806,13,3,0,Normal
Loan3090578,Client68459,Nyarugenge,2023-12-05,3500000,264677,272242,13,2,0,Normal
Loan3090579,Client80455,Kicukiro,2023-12-05,1940000,107097,131385,13,3,0,Normal
Loan3090635,Client185268,Nyagatare,2023-12-05,1580000,119863,107288,13,3,0,Normal
Loan3090672,Client134073,Ngororero,2023-12-05,600000,94576,122019,13,3,0,Normal
Loan3090694,Client156596,Nyarugenge,2023-12-05,1700000,34540,108925,13,2,0,Normal
Loan3090698,Client183764,Nyamagabe,2023-12-05,3300000,133743,238836,13,3,0,Normal
Loan3090742,Client146039,Nyamagabe,2023-12-05,1690000,99946,100515,13,2,0,Normal
Loan3090752,Client88799,Nyamagabe,2023-12-05,1990000,172923,134655,13,2,0,Normal
Loan3090764,Client142636,Kicukiro,2023-12-05,1620000,37278,117639,13,3,0,Normal
Loan3090767,Client158259,Ngororero,2023-12-05,1680000,129814,102545,13,3,0,Normal
Loan3090771,Client141455,Rubavu,2023-12-05,3500000,833272,294111,14,2,0,Normal
Loan3090785,Client148319,Rubavu,2023-12-05,1720000,98285,117794,13,3,0,Normal
Loan3090804,Client152403,Rubavu,2023-12-05,3500000,264155,284238,14,3,0,Normal
Loan3090818,Client38133,Kicukiro,2023-12-05,2000000,72187,123268,13,2,0,Normal
Loan3090819,Client155510,Nyagatare,2023-12-05,1580000,52995,98962,13,3,0,Normal
Loan3090825,Client186194,Nyagatare,2023-12-05,3500000,548544,232172,13,3,0,Normal
Loan3090830,Client69841,Nyamagabe,2023-12-05,1900000,67587,134235,13,2,0,Normal
Loan3090836,Client188661,Kicukiro,2023-12-05,2360000,-98878,228865,14,2,0,Normal
Loan3090840,Client101459,Ngororero,2023-12-05,1850000,155181,119041,13,3,0,Normal
Loan3090842,Client167671,Nyamagabe,2023-12-05,3280000,119947,229370,13,3,0,Normal
Loan3090889,Client111079,Rubavu,2023-12-05,1785000,286980,107377,13,3,0,Normal
Loan3090897,Client112,Rubavu,2023-12-05,2410000,388007,308504,13,2,0,Normal
Loan3090908,Client103726,Gasabo,2023-12-05,1800000,88794,123421,13,3,0,Normal
Loan3090910,Client185114,Ngororero,2023-12-05,800000,68155,114424,13,3,0,Normal
Loan3090912,Client29766,Kicukiro,2023-12-05,3180000,1591688,160276,13,3,0,Normal
Loan3090927,Client145444,Nyamagabe,2023-12-05,1670000,63607,113648,13,3,0,Normal
Loan3090938,Client97242,Gasabo,2023-12-05,3500000,187828,231464,13,3,0,Normal
Loan3090941,Client162243,Nyamagabe,2023-12-05,1670000,33754,113200,13,3,0,Normal
Loan3090953,Client17654,Nyamagabe,2023-12-05,3150000,229626,213311,13,2,0,Normal
Loan3090956,Client29004,Gasabo,2023-12-05,1900000,139953,189719,13,2,0,Normal
Loan3090969,Client155290,Nyagatare,2023-12-05,1560000,99924,114832,13,3,0,Normal
Loan3090971,Client156665,Gasabo,2023-12-05,1720000,164453,101543,13,2,0,Normal
Loan3090983,Client125687,Nyagatare,2023-12-05,1580000,74440,114513,13,3,0,Normal
Loan3090991,Client108656,Rutsiro,2023-12-05,1830000,197973,108009,13,2,0,Normal
Loan3091000,Client51204,Gasabo,2023-12-05,2030000,110452,131385,13,2,0,Normal
Loan3091007,Client151394,Kicukiro,2023-12-05,1600000,317373,101163,13,3,0,Normal
Loan3091012,Client140390,Rubavu,2023-12-05,1700000,49493,101163,13,3,0,Normal
Loan3091019,Client125177,Gasabo,2023-12-05,3500000,232715,228865,14,2,0,Normal
Loan3091022,Client185568,Nyagatare,2023-12-05,1490000,214736,107863,13,3,0,Normal
Loan3091026,Client28452,Nyamagabe,2023-12-05,1540000,246413,172467,13,3,0,Normal
Loan3091033,Client2713,Rubavu,2023-12-05,3500000,216690,408568,13,2,0,Normal
Loan3091042,Client80049,Nyamagabe,2023-12-05,2000000,106072,138605,13,3,0,Normal
Loan3091048,Client24336,Ngororero,2023-12-05,2080000,78020,141224,13,3,0,Normal
Loan3091067,Client162459,Nyamagabe,2023-12-05,1520000,83569,113044,13,3,0,Normal
Loan3091108,Client37618,Nyagatare,2023-12-05,1830000,93166,135574,13,3,0,Normal
Loan3091113,Client149383,Nyanza,2023-12-05,2200000,184963,177897,13,2,0,Normal
Loan3091123,Client122496,Ngororero,2023-12-05,1720000,76258,116639,13,3,0,Normal
Loan3091126,Client183862,Nyamagabe,2023-12-05,3300000,133134,220208,13,2,0,Normal
Loan3091130,Client80779,Nyagatare,2023-12-05,3500000,179828,219192,13,2,0,Normal
Loan3091151,Client13467,Kicukiro,2023-12-05,2110000,71273,148903,13,3,0,Normal
Loan3091179,Client185733,Gasabo,2023-12-05,1720000,149443,116849,13,2,0,Normal
Loan3091196,Client24137,Ngororero,2023-12-05,1920000,160825,141699,13,3,0,Normal
Loan3091260,Client185425,Ngororero,2023-12-05,1700000,180571,115525,13,2,0,Normal
Loan3091277,Client151884,Nyarugenge,2023-12-05,1720000,133314,103063,13,2,0,Normal
Loan3091284,Client70113,Kicukiro,2023-12-05,2110000,82201,137949,13,2,0,Normal
Loan3091322,Client89376,Kicukiro,2023-12-05,3500000,280983,306190,13,3,0,Normal
Loan3091334,Client23034,Kicukiro,2023-12-05,2110000,498472,119251,13,3,0,Normal
Loan3091335,Client81579,Gasabo,2023-12-05,1960000,102625,132280,13,3,0,Normal
Loan3091563,Client20335,Kicukiro,2023-12-06,2210000,641616,126610,13,2,0,Normal
Loan3091619,Client28883,Nyanza,2023-12-06,3000000,332149,202099,13,3,0,Normal
Loan3091621,Client121086,Nyamagabe,2023-12-06,1800000,82805,122389,13,3,0,Normal
Loan3091627,Client29389,Rubavu,2023-12-06,3500000,253261,252070,13,2,0,Normal
Loan3091642,Client13056,Nyamagabe,2023-12-06,2260000,177852,154275,13,3,0,Normal
Loan3091658,Client28229,Nyamagabe,2023-12-06,3340000,545819,225746,13,3,0,Normal
Loan3091660,Client1966,Rubavu,2023-12-06,3500000,1800595,265596,13,3,0,Normal
Loan3091690,Client127367,Rutsiro,2023-12-06,1150000,78708,117319,13,2,0,Normal
Loan3091699,Client186651,Kicukiro,2023-12-06,1690000,242892,105863,13,2,0,Normal
Loan3091708,Client141237,Nyamagabe,2023-12-06,1700000,60844,115100,13,3,0,Normal
Loan3091715,Client170299,Nyanza,2023-12-06,3500000,208920,250805,13,3,0,Normal
Loan3091722,Client146066,Rubavu,2023-12-06,1720000,62638,122146,13,3,0,Normal
Loan3091728,Client53005,Nyagatare,2023-12-06,1840000,339273,135605,13,3,0,Normal
Loan3091751,Client25184,Nyagatare,2023-12-06,1970000,215058,146354,13,2,0,Normal
Loan3091761,Client180844,Gasabo,2023-12-06,1600000,52172,107288,13,2,0,Normal
Loan3091762,Client5037,Rutsiro,2023-12-06,2150000,473464,140642,13,2,0,Normal
Loan3091776,Client2674,Rubavu,2023-12-06,2170000,120910,147824,13,3,0,Normal
Loan3091784,Client121023,Nyamagabe,2023-12-06,1800000,91253,250805,13,3,0,Normal
Loan3091786,Client45874,Rusizi,2023-12-06,1920000,156443,137030,13,2,0,Normal
Loan3091797,Client178265,Nyanza,2023-12-06,3500000,108759,235130,13,3,0,Normal
Loan3091824,Client83685,Nyanza,2023-12-06,2000000,132710,135605,13,3,0,Normal
Loan3091835,Client88729,Rusizi,2023-12-06,1920000,110300,137560,13,3,0,Normal
Loan3091838,Client11086,Nyamagabe,2023-12-06,1800000,373213,191972,14,3,0,Normal
Loan3091865,Client179135,Kicukiro,2023-12-06,1690000,46409,95888,13,3,0,Normal
Loan3091871,Client179050,Kicukiro,2023-12-06,1690000,62371,105388,13,3,0,Normal
Loan3091897,Client30748,Nyagatare,2023-12-06,2140000,201172,157100,13,3,0,Normal
Loan3091912,Client156686,Nyagatare,2023-12-06,1590000,64552,114832,13,3,0,Normal
Loan3091921,Client64135,Kicukiro,2023-12-06,3500000,996105,210110,14,3,0,Normal
Loan3091924,Client143817,Nyamagabe,2023-12-06,1500000,98987,117319,13,3,0,Normal
Loan3091927,Client144172,Rutsiro,2023-12-06,1650000,299300,103063,13,2,0,Normal
Loan3091938,Client20435,Nyanza,2023-12-06,3200000,240031,227532,13,3,0,Normal
Loan3091940,Client17590,Rutsiro,2023-12-06,2000000,939168,125730,13,2,0,Normal
Loan3091947,Client160035,Gasabo,2023-12-06,1720000,83759,115938,13,2,0,Normal
Loan3091960,Client161639,Nyamagabe,2023-12-06,1700000,294664,101509,13,2,0,Normal
Loan3091965,Client34409,Nyamagabe,2023-12-06,2100000,434511,142033,13,3,0,Normal
Loan3091973,Client28911,Nyamagabe,2023-12-06,2400000,150934,162914,13,2,0,Normal
Loan3091977,Client65355,Gasabo,2023-12-06,2950000,144271,180137,13,2,0,Normal
Loan3091981,Client148188,Rutsiro,2023-12-06,2550000,513076,157905,13,3,0,Normal
Loan3091995,Client75650,Gasabo,2023-12-06,3130000,469008,209819,14,2,0,Normal
Loan3092007,Client143532,Rutsiro,2023-12-06,1500000,54228,118269,13,2,0,Normal
Loan3092011,Client106602,Nyamagabe,2023-12-06,1700000,92965,116830,13,3,0,Normal
Loan3092033,Client130802,Gasabo,2023-12-06,1720000,127471,107288,13,3,0,Normal
Loan3092047,Client111197,Nyamagabe,2023-12-06,3400000,194375,235242,13,2,0,Normal
Loan3092049,Client22605,Rubavu,2023-12-06,2130000,137810,119325,13,2,0,Normal
Loan3092052,Client42672,Rutsiro,2023-12-06,3500000,1904256,394436,14,2,0,Normal
Loan3092074,Client160716,Gasabo,2023-12-06,1720000,52571,115938,13,3,0,Normal
Loan3092079,Client193965,Nyanza,2023-12-06,2400000,31117,228865,14,3,0,Normal
Loan3092097,Client147781,Nyanza,2023-12-06,1200000,61204,95291,13,3,0,Normal
Loan3092100,Client125594,Nyagatare,2023-12-06,1590000,170333,98962,13,2,0,Normal
Loan3092107,Client63863,Rusizi,2023-12-06,1950000,175314,131765,13,2,0,Normal
Loan3092118,Client83612,Nyagatare,2023-12-06,2750000,187294,198992,13,3,0,Normal
Loan3092152,Client58634,Kicukiro,2023-12-06,3400000,2504423,350063,14,2,0,Normal
Loan3092154,Client43290,Rutsiro,2023-12-06,2950000,151768,212977,13,2,0,Normal
Loan3092210,Client181886,Gasabo,2023-12-06,1720000,28395,115938,13,3,0,Normal
Loan3092217,Client165233,Rusizi,2023-12-06,1700000,68041,121996,13,3,0,Normal
Loan3092227,Client73671,Rusizi,2023-12-06,3500000,394259,269438,13,3,0,Normal
Loan3092245,Client19586,Rusizi,2023-12-06,2085000,110270,145178,13,2,0,Normal
Loan3092257,Client118324,Rusizi,2023-12-06,1770000,53916,124706,13,3,0,Normal
Loan3092528,Client127438,Rutsiro,2023-12-07,1700000,73313,114832,13,3,0,Normal
Loan3092543,Client108597,Rubavu,2023-12-07,1890000,91250,128917,13,3,0,Normal
Loan3092557,Client120391,Gasabo,2023-12-07,3500000,184870,237864,13,3,0,Normal
Loan3092563,Client47938,Rubavu,2023-12-07,2470000,127853,164835,13,2,0,Normal
Loan3092565,Client183626,Rutsiro,2023-12-07,1700000,251857,107291,13,3,0,Normal
Loan3092586,Client58935,Nyamagabe,2023-12-07,2000000,140437,136135,13,2,0,Normal
Loan3092624,Client160252,Kicukiro,2023-12-07,2430000,119166,186992,13,2,0,Normal
Loan3092631,Client65886,Rutsiro,2023-12-07,3100000,277487,214877,13,2,0,Normal
Loan3092633,Client99374,Nyamagabe,2023-12-07,1900000,99311,136135,13,3,0,Normal
Loan3092635,Client45271,Ngororero,2023-12-07,2000000,111951,141699,13,3,0,Normal
Loan3092654,Client183748,Nyamagabe,2023-12-07,3500000,536855,236160,13,2,0,Normal
Loan3092662,Client101761,Nyagatare,2023-12-07,1590000,337970,110486,13,3,0,Normal
Loan3092673,Client130275,Nyamagabe,2023-12-07,2590000,119452,180388,13,2,0,Normal
Loan3092674,Client109085,Nyanza,2023-12-07,1830000,132639,110989,13,2,0,Normal
Loan3092678,Client154628,Rusizi,2023-12-07,800000,53023,101638,13,3,0,Normal
Loan3092690,Client129396,Ngororero,2023-12-07,1640000,74226,111663,13,3,0,Normal
Loan3092694,Client86874,Nyanza,2023-12-07,3500000,270335,236268,13,2,0,Normal
Loan3092696,Client149872,Nyamagabe,2023-12-07,1700000,79062,102113,13,3,0,Normal
Loan3092711,Client142820,Nyamagabe,2023-12-07,1500000,92734,97665,13,3,0,Normal
Loan3092714,Client186198,Nyagatare,2023-12-07,1450000,656431,232172,13,3,1,Written off
Loan3092719,Client70668,Nyarugenge,2023-12-07,1570000,284741,270626,14,2,0,Normal
Loan3092723,Client27508,Nyagatare,2023-12-07,2520000,317932,181565,13,2,0,Normal
Loan3092734,Client38368,Nyanza,2023-12-07,2130000,192341,142749,13,3,0,Normal
Loan3092736,Client185579,Nyagatare,2023-12-07,1430000,197954,235000,13,2,0,Normal
Loan3092737,Client80076,Nyamagabe,2023-12-07,1950000,285315,129905,13,3,0,Normal
Loan3092739,Client163395,Ngororero,2023-12-07,3150000,265463,226282,13,2,0,Normal
Loan3092741,Client93449,Nyagatare,2023-12-07,3500000,199607,304266,13,2,0,Normal
Loan3092746,Client13568,Nyamagabe,2023-12-07,2290000,137817,154940,13,3,0,Normal
Loan3092747,Client120943,Kicukiro,2023-12-07,2870000,226056,250667,14,2,0,Normal
Loan3092778,Client93362,Gasabo,2023-12-07,2030000,677371,113164,13,2,0,Normal
Loan3092781,Client62990,Nyamagabe,2023-12-07,1900000,114308,131774,13,2,0,Normal
Loan3092785,Client182728,Gasabo,2023-12-07,1635000,29202,105863,13,2,0,Normal
Loan3092793,Client17470,Nyagatare,2023-12-07,2040000,332381,143653,13,2,0,Normal
Loan3092800,Client12884,Rusizi,2023-12-07,3500000,125216,236207,13,2,0,Normal
Loan3092802,Client163174,Nyamagabe,2023-12-07,1700000,81537,100040,13,3,0,Normal
Loan3092809,Client160954,Nyamagabe,2023-12-07,1700000,54479,123019,13,3,0,Normal
Loan3092822,Client142452,Nyarugenge,2023-12-07,2970000,100894,210507,13,2,0,Normal
Loan3092829,Client33751,Rubavu,2023-12-07,2140000,847311,114336,13,3,0,Normal
Loan3092834,Client14795,Nyagatare,2023-12-07,2130000,146573,155809,13,2,0,Normal
Loan3092838,Client93336,Nyarugenge,2023-12-07,3500000,344044,288716,13,2,0,Normal
Loan3092851,Client170044,Nyamagabe,2023-12-07,1700000,212081,106711,13,3,0,Normal
Loan3092868,Client185620,Nyagatare,2023-12-07,1590000,90082,107288,13,3,0,Normal
Loan3092872,Client116806,Nyarugenge,2023-12-07,1720000,493294,107739,13,2,0,Normal
Loan3092887,Client58316,Nyanza,2023-12-07,3500000,359605,228193,13,2,0,Normal
Loan3092894,Client88726,Rusizi,2023-12-07,1855000,167550,113810,13,2,0,Normal
Loan3092895,Client59410,Nyanza,2023-12-07,3500000,364047,250218,13,3,0,Normal
Loan3092904,Client109009,Nyamagabe,2023-12-07,3000000,118485,247208,13,3,0,Normal
Loan3092907,Client149527,Nyanza,2023-12-07,650000,41196,100041,13,3,0,Normal
Loan3092912,Client155309,Nyagatare,2023-12-07,1520000,90814,110082,13,3,0,Normal
Loan3092914,Client180180,Nyanza,2023-12-07,1700000,63096,106291,13,3,0,Normal
Loan3092919,Client181814,Nyamagabe,2023-12-07,1630000,40480,107834,13,2,0,Normal
Loan3092925,Client12683,Nyagatare,2023-12-07,2160000,605199,155340,13,2,0,Normal
Loan3092934,Client187935,Nyarugenge,2023-12-07,1600000,47029,116849,13,3,0,Normal
Loan3092943,Client174953,Rusizi,2023-12-07,3290000,560370,170380,13,3,0,Normal
Loan3092947,Client175879,Nyanza,2023-12-07,1700000,60630,97441,13,2,0,Normal
Loan3092952,Client1277,Rutsiro,2023-12-07,3000000,1018509,361889,13,3,0,Normal
Loan3092962,Client33621,Gasabo,2023-12-07,2230000,126670,145962,13,2,0,Normal
Loan3092972,Client17021,Nyamagabe,2023-12-07,3500000,603389,225819,13,2,0,Normal
Loan3092984,Client134277,Nyarugenge,2023-12-07,1500000,73732,88770,13,2,0,Normal
Loan3093000,Client111196,Rusizi,2023-12-07,3000000,122937,227532,13,3,0,Normal
Loan3093027,Client135004,Gasabo,2023-12-07,1465000,438841,127644,14,2,0,Normal
Loan3093032,Client89955,Rusizi,2023-12-07,3500000,349313,291902,13,3,0,Normal
Loan3093037,Client20309,Nyarugenge,2023-12-07,1960000,626820,127155,13,2,0,Normal
Loan3093048,Client9367,Rusizi,2023-12-07,3500000,396610,271381,13,3,0,Normal
Loan3093055,Client178389,Nyagatare,2023-12-07,1520000,50798,109763,13,2,0,Normal
Loan3093076,Client188249,Nyarugenge,2023-12-07,3500000,333679,238836,13,3,0,Normal
Loan3093119,Client74299,Rusizi,2023-12-07,3500000,227452,265794,13,2,0,Normal
Loan3093126,Client82216,Gasabo,2023-12-07,1800000,94805,137030,13,2,0,Normal
Loan3093135,Client183567,Rusizi,2023-12-07,3315000,93874,237000,13,3,0,Normal
Loan3093269,Client104655,Gasabo,2023-12-08,3500000,651286,286036,13,2,0,Normal
Loan3093302,Client186216,Nyagatare,2023-12-08,2770000,355194,197781,13,3,0,Normal
Loan3093335,Client48993,Ngororero,2023-12-08,2880000,517687,244153,13,3,0,Normal
Loan3093363,Client141967,Nyanza,2023-12-08,3290000,118620,202716,13,3,0,Normal
Loan3093366,Client73792,Nyamagabe,2023-12-08,1980000,113974,134655,13,3,0,Normal
Loan3093370,Client186158,Nyagatare,2023-12-08,1000000,246245,115424,13,3,0,Normal
Loan3093376,Client168850,Nyamagabe,2023-12-08,1700000,199628,116525,13,2,0,Normal
Loan3093378,Client158254,Ngororero,2023-12-08,1680000,195858,102545,13,2,0,Normal
Loan3093384,Client14663,Rutsiro,2023-12-08,3200000,594199,219363,13,2,0,Normal
Loan3093389,Client51608,Nyamagabe,2023-12-08,2000000,77837,135605,13,2,0,Normal
Loan3093392,Client40662,Kicukiro,2023-12-08,3500000,2040590,249556,13,2,0,Normal
Loan3093394,Client176173,Ngororero,2023-12-08,1690000,206681,103063,13,2,0,Normal
Loan3093408,Client75978,Rubavu,2023-12-08,520000,738145,116236,13,2,0,Normal
Loan3093411,Client38854,Kicukiro,2023-12-08,2110000,766845,120676,13,3,0,Normal
Loan3093429,Client178849,Rubavu,2023-12-08,1440000,191918,228865,14,2,0,Normal
Loan3093439,Client23873,Rubavu,2023-12-08,1900000,211518,321452,13,2,0,Normal
Loan3093445,Client179290,Kicukiro,2023-12-08,1670000,33410,113088,13,3,0,Normal
Loan3093451,Client127548,Rutsiro,2023-12-08,1500000,195276,93943,13,2,0,Normal
Loan3093458,Client92990,Nyarugenge,2023-12-08,2000000,550205,136739,13,2,0,Normal
Loan3093475,Client150257,Nyamagabe,2023-12-08,3500000,114463,220208,13,3,0,Normal
Loan3093498,Client37752,Kicukiro,2023-12-08,1690000,60625,103063,13,3,0,Normal
Loan3093499,Client77691,Rutsiro,2023-12-08,3500000,193212,307745,13,3,0,Normal
Loan3093500,Client17244,Nyanza,2023-12-08,2230000,104412,150712,13,2,0,Normal
Loan3093504,Client53407,Nyanza,2023-12-08,3450000,283713,226630,13,2,0,Normal
Loan3093513,Client109581,Nyamagabe,2023-12-08,1550000,68566,128522,13,3,0,Normal
Loan3093520,Client82491,Nyarugenge,2023-12-08,1500000,124722,119844,13,3,0,Normal
Loan3093531,Client149804,Nyanza,2023-12-08,1700000,158927,100041,13,2,0,Normal
Loan3093536,Client184667,Nyagatare,2023-12-08,1450000,125755,104313,13,2,0,Normal
Loan3093543,Client11090,Nyamagabe,2023-12-08,2420000,237981,163996,13,2,0,Normal
Loan3093557,Client53010,Rubavu,2023-12-08,3500000,224355,300720,13,2,0,Normal
Loan3093566,Client158191,Ngororero,2023-12-08,1690000,107962,113513,13,2,0,Normal
Loan3093567,Client89563,Nyanza,2023-12-08,1920000,138243,128981,13,3,0,Normal
Loan3093584,Client103730,Nyanza,2023-12-08,1920000,113682,106401,13,3,0,Normal
Loan3093604,Client75078,Nyamagabe,2023-12-08,1880000,77265,127585,13,2,0,Normal
Loan3093621,Client184976,Ngororero,2023-12-08,1700000,99987,115099,13,2,0,Normal
Loan3093625,Client100301,Nyarugenge,2023-12-08,1700000,125274,250438,13,2,0,Normal
Loan3093633,Client185364,Ngororero,2023-12-08,1700000,72587,116525,13,3,0,Normal
Loan3093640,Client5048,Ngororero,2023-12-08,2350000,656716,133183,13,3,0,Normal
Loan3093651,Client158345,Ngororero,2023-12-08,1640000,60283,114832,13,3,0,Normal
Loan3093672,Client175552,Ngororero,2023-12-08,3500000,139905,264333,14,3,0,Normal
Loan3093685,Client5813,Nyamagabe,2023-12-08,2670000,608549,181115,13,3,0,Normal
Loan3093692,Client13442,Gasabo,2023-12-08,2230000,930066,125185,13,2,0,Normal
Loan3093704,Client40341,Ngororero,2023-12-08,2080000,132418,141699,13,2,0,Normal
Loan3093708,Client121054,Nyamagabe,2023-12-08,2500000,99506,200219,13,3,0,Normal
Loan3093719,Client132351,Kicukiro,2023-12-08,2400000,421576,198549,14,2,0,Normal
Loan3093729,Client163794,Kicukiro,2023-12-08,3200000,121139,244450,14,3,0,Normal
Loan3093736,Client40720,Nyamagabe,2023-12-08,2050000,82333,141558,13,3,0,Normal
Loan3093756,Client77418,Gasabo,2023-12-08,3500000,482462,307577,13,2,0,Normal
Loan3093764,Client132220,Nyamagabe,2023-12-08,1650000,72289,120169,13,3,0,Normal
Loan3093767,Client169210,Nyagatare,2023-12-08,1580000,126352,107288,13,2,0,Normal
Loan3093771,Client149809,Nyanza,2023-12-08,1700000,69832,97191,13,3,0,Normal
Loan3093779,Client101752,Kicukiro,2023-12-08,1900000,73734,135605,13,2,0,Normal
Loan3093788,Client149551,Nyanza,2023-12-08,1700000,139966,95291,13,2,0,Normal
Loan3093795,Client156703,Gasabo,2023-12-08,1640000,124016,101395,13,3,0,Normal
Loan3093836,Client55245,Gasabo,2023-12-08,2940000,158993,197066,13,2,0,Normal
Loan3093846,Client104672,Ngororero,2023-12-08,1880000,44331,85719,13,2,0,Normal
Loan3093848,Client102035,Nyamagabe,2023-12-08,1880000,93992,127572,13,2,0,Normal
Loan3093866,Client41567,Nyarugenge,2023-12-08,2570000,1069391,173253,13,2,0,Normal
Loan3093875,Client158284,Ngororero,2023-12-08,1100000,320561,105863,13,3,0,Normal
Loan3093879,Client89159,Nyamagabe,2023-12-08,2180000,374687,339959,13,3,0,Normal
Loan3093898,Client91886,Ngororero,2023-12-08,1990000,76851,111571,13,2,0,Normal
Loan3093914,Client185315,Ngororero,2023-12-08,1580000,31688,107834,13,3,0,Normal
Loan3093923,Client158097,Ngororero,2023-12-08,1550000,62380,106232,13,2,0,Normal
Loan3093938,Client78251,Nyamagabe,2023-12-08,3500000,494534,291085,13,3,0,Normal
Loan3093965,Client40145,Ngororero,2023-12-08,1600000,89920,102722,13,3,0,Normal
Loan3093966,Client129743,Rusizi,2023-12-08,1700000,297402,122389,13,2,0,Normal
Loan3093971,Client48428,Nyagatare,2023-12-08,3500000,455923,395406,13,2,0,Normal
Loan3093975,Client156655,Gasabo,2023-12-08,1540000,62821,115938,13,3,0,Normal
Loan3093977,Client125024,Rusizi,2023-12-08,1720000,80093,121996,13,3,0,Normal
Loan3093984,Client5565,Rusizi,2023-12-08,3300000,199755,237597,13,3,0,Normal
Loan3094013,Client108952,Rusizi,2023-12-08,3500000,688922,276345,13,3,0,Normal
Loan3094026,Client123767,Rusizi,2023-12-08,1645000,107422,117639,13,3,0,Normal
Loan3094031,Client64330,Rusizi,2023-12-08,2950000,577482,214261,13,2,0,Normal
Loan3094033,Client157557,Gasabo,2023-12-08,1720000,53977,101395,13,2,0,Normal
Loan3094042,Client97619,Rusizi,2023-12-08,940000,281484,333442,13,2,0,Normal
Loan3094044,Client118947,Rusizi,2023-12-08,1760000,53096,123772,13,2,0,Normal
Loan3094047,Client165795,Rusizi,2023-12-08,1725000,122420,116162,13,2,0,Normal
Loan3094051,Client21274,Rusizi,2023-12-08,1835000,125911,148903,13,3,0,Normal
Loan3094056,Client126148,Rusizi,2023-12-08,1725000,470053,249000,13,3,0,Normal
Loan3094065,Client8061,Rusizi,2023-12-08,2215000,194550,155446,13,2,0,Normal
Loan3094069,Client103446,Rusizi,2023-12-08,1720000,63581,122389,13,2,0,Normal
Loan3094076,Client63637,Rusizi,2023-12-08,1800000,172719,134411,13,3,0,Normal
Loan3094090,Client166841,Rusizi,2023-12-08,400000,84014,106788,13,3,0,Normal
Loan3094387,Client167502,Nyamagabe,2023-12-09,1600000,47760,105711,13,3,0,Normal
Loan3094414,Client170394,Nyagatare,2023-12-09,1590000,40517,113885,13,3,0,Normal
Loan3094422,Client128289,Nyagatare,2023-12-09,1590000,68302,123814,13,2,0,Normal
Loan3094430,Client15902,Nyagatare,2023-12-09,1780000,281316,130070,13,3,0,Normal
Loan3094436,Client14421,Nyagatare,2023-12-09,1700000,134639,127750,13,3,0,Normal
Loan3094469,Client188492,Nyagatare,2023-12-09,1600000,231418,86687,13,3,0,Normal
Loan3094480,Client185562,Nyagatare,2023-12-09,1590000,40670,97888,13,3,0,Normal
Loan3094490,Client55566,Nyagatare,2023-12-09,1845000,157625,134853,13,3,0,Normal
Loan3094499,Client185494,Nyagatare,2023-12-09,3300000,101941,231805,13,3,0,Normal
Loan3094505,Client84561,Nyagatare,2023-12-09,1900000,108202,139603,13,2,0,Normal
Loan3094555,Client27660,Nyagatare,2023-12-09,1290000,443238,165264,13,3,0,Normal
Loan3094563,Client155443,Nyagatare,2023-12-09,1590000,113818,98962,13,2,0,Normal
Loan3094572,Client157214,Nyagatare,2023-12-09,1590000,185871,98962,13,3,0,Normal
Loan3095079,Client10954,Rubavu,2023-12-11,2330000,145588,156143,13,3,0,Normal
Loan3095083,Client102136,Ngororero,2023-12-11,1750000,73652,127136,13,3,0,Normal
Loan3095104,Client94146,Nyanza,2023-12-11,1750000,65600,123910,13,3,0,Normal
Loan3095116,Client31444,Rubavu,2023-12-11,2560000,189672,172777,13,2,0,Normal
Loan3095131,Client170481,Nyamagabe,2023-12-11,1480000,79246,99274,13,3,0,Normal
Loan3095156,Client2806,Rusizi,2023-12-11,3500000,138736,250805,13,2,0,Normal
Loan3095159,Client1617,Ngororero,2023-12-11,1520000,60348,162996,13,2,0,Normal
Loan3095179,Client124551,Nyamagabe,2023-12-11,3000000,196678,210333,13,2,0,Normal
Loan3095184,Client46741,Ngororero,2023-12-11,2000000,117027,136135,13,2,0,Normal
Loan3095186,Client86853,Nyanza,2023-12-11,3500000,335203,241018,13,2,0,Normal
Loan3095191,Client181830,Rutsiro,2023-12-11,1400000,44427,108338,13,3,0,Normal
Loan3095194,Client57678,Rubavu,2023-12-11,2120000,64663,132982,13,2,0,Normal
Loan3095200,Client137993,Kicukiro,2023-12-11,3000000,596488,232640,13,3,0,Normal
Loan3095211,Client144382,Rutsiro,2023-12-11,1300000,104048,98313,13,2,0,Normal
Loan3095219,Client20478,Kicukiro,2023-12-11,2100000,146812,142508,13,3,0,Normal
Loan3095225,Client185308,Rusizi,2023-12-11,1645000,46848,100838,13,3,0,Normal
Loan3095233,Client193799,Gasabo,2023-12-11,1500000,146743,111449,14,3,0,Normal
Loan3095257,Client129039,Kicukiro,2023-12-11,2140000,95840,146654,14,3,0,Normal
Loan3095266,Client129777,Rusizi,2023-12-11,1575000,177497,101120,13,3,0,Normal
Loan3095267,Client184988,Nyagatare,2023-12-11,1590000,25753,110082,13,3,0,Normal
Loan3095272,Client141034,Nyagatare,2023-12-11,1530000,227971,95162,13,3,0,Normal
Loan3095275,Client185603,Nyagatare,2023-12-11,1590000,51607,110050,13,3,0,Normal
Loan3095277,Client93454,Nyagatare,2023-12-11,1790000,108238,130855,13,2,0,Normal
Loan3095281,Client123278,Nyagatare,2023-12-11,3450000,64226,244630,13,3,0,Normal
Loan3095294,Client57803,Kicukiro,2023-12-11,1690000,71495,101120,13,3,0,Normal
Loan3095295,Client125791,Nyarugenge,2023-12-11,1630000,139327,123019,13,2,0,Normal
Loan3095297,Client143420,Kicukiro,2023-12-11,1690000,51358,160276,13,3,0,Normal
Loan3095300,Client38792,Gasabo,2023-12-11,2030000,733250,113648,13,2,0,Normal
Loan3095313,Client132504,Nyarugenge,2023-12-11,1840000,255782,96370,13,2,0,Normal
Loan3095324,Client181841,Gasabo,2023-12-11,1500000,46583,101688,13,2,0,Normal
Loan3095342,Client166094,Gasabo,2023-12-11,2970000,136198,158492,13,3,0,Normal
Loan3095349,Client155623,Nyagatare,2023-12-11,1590000,52555,114513,13,3,0,Normal
Loan3095359,Client60590,Nyagatare,2023-12-11,3500000,848576,267881,13,2,0,Normal
Loan3095363,Client82737,Gasabo,2023-12-11,1960000,257221,138871,13,2,0,Normal
Loan3095366,Client124685,Nyarugenge,2023-12-11,1800000,113894,112306,13,2,0,Normal
Loan3095371,Client56571,Rusizi,2023-12-11,1935000,107961,136935,13,3,0,Normal
Loan3095374,Client72640,Nyagatare,2023-12-11,1790000,162358,105980,13,2,0,Normal
Loan3095385,Client170740,Nyagatare,2023-12-11,1590000,236697,113885,13,3,0,Normal
Loan3095401,Client42914,Rubavu,2023-12-11,1700000,284372,131082,13,2,0,Normal
Loan3095408,Client162252,Nyanza,2023-12-11,1500000,312316,114513,13,3,0,Normal
Loan3095411,Client178503,Nyagatare,2023-12-11,1590000,269870,114513,13,3,0,Normal
Loan3095444,Client21245,Rusizi,2023-12-11,1875000,379293,132249,13,3,0,Normal
Loan3095449,Client185207,Nyagatare,2023-12-11,1590000,45520,114513,13,3,0,Normal
Loan3095453,Client73769,Nyarugenge,2023-12-11,1500000,148757,101638,13,2,0,Normal
Loan3095455,Client108188,Nyarugenge,2023-12-11,3500000,1502318,223053,13,2,0,Normal
Loan3095473,Client37667,Rubavu,2023-12-11,3490000,385497,255755,13,2,0,Normal
Loan3095502,Client133596,Nyamagabe,2023-12-11,800000,138765,118269,13,3,0,Normal
Loan3095505,Client178771,Nyagatare,2023-12-11,1590000,48520,113882,13,3,0,Normal
Loan3095514,Client44249,Nyagatare,2023-12-11,3500000,147131,226317,13,3,0,Normal
Loan3095530,Client181869,Gasabo,2023-12-11,1570000,100137,88288,13,2,0,Normal
Loan3095542,Client63375,Gasabo,2023-12-11,3500000,588086,210028,13,2,0,Normal
Loan3095569,Client179183,Rutsiro,2023-12-11,3250000,373743,220632,13,3,0,Normal
Loan3095576,Client75002,Rusizi,2023-12-11,1925000,108599,135605,13,3,0,Normal
Loan3095614,Client160360,Rusizi,2023-12-11,1570000,732715,137723,13,3,1,Written off
Loan3095778,Client149716,Nyanza,2023-12-12,1700000,51654,114513,13,3,0,Normal
Loan3095798,Client44090,Gasabo,2023-12-12,3500000,699036,242442,13,3,0,Normal
Loan3095814,Client54917,Nyanza,2023-12-12,3500000,521355,240543,13,3,0,Normal
Loan3095845,Client130236,Nyagatare,2023-12-12,1590000,192553,114513,13,3,0,Normal
Loan3095851,Client78928,Nyarugenge,2023-12-12,1600000,292338,103259,13,3,0,Normal
Loan3095861,Client132141,Nyagatare,2023-12-12,3500000,596936,47022,13,3,0,Normal
Loan3095867,Client41382,Nyanza,2023-12-12,2000000,560834,149287,13,3,0,Normal
Loan3095895,Client46813,Ngororero,2023-12-12,1800000,715218,141224,13,3,0,Normal
Loan3095904,Client111032,Nyanza,2023-12-12,3400000,939007,193905,13,2,0,Normal
Loan3095908,Client72674,Nyamagabe,2023-12-12,3000000,201376,250645,13,3,0,Normal
Loan3095916,Client100183,Nyanza,2023-12-12,1920000,617822,123772,13,3,0,Normal
Loan3095922,Client187420,Rutsiro,2023-12-12,1700000,125931,114832,13,2,0,Normal
Loan3095934,Client62736,Nyamagabe,2023-12-12,2000000,155352,133199,13,2,0,Normal
Loan3095949,Client149751,Nyanza,2023-12-12,1700000,146635,100602,13,2,0,Normal
Loan3095955,Client120492,Gasabo,2023-12-12,3500000,605638,252070,13,3,0,Normal
Loan3095959,Client143244,Rutsiro,2023-12-12,1500000,140579,87388,13,3,0,Normal
Loan3095963,Client34460,Nyamagabe,2023-12-12,2900000,326540,213519,13,3,0,Normal
Loan3095966,Client702,Rutsiro,2023-12-12,2240000,230510,163996,13,2,0,Normal
Loan3095967,Client155950,Gasabo,2023-12-12,1720000,93294,101395,13,2,0,Normal
Loan3095981,Client151415,Nyanza,2023-12-12,1700000,58883,114513,13,3,0,Normal
Loan3095982,Client67060,Ngororero,2023-12-12,3500000,171627,232640,13,2,0,Normal
Loan3095983,Client5608,Nyamagabe,2023-12-12,3500000,494780,269481,13,3,0,Normal
Loan3095986,Client33527,Gasabo,2023-12-12,2500000,129776,173487,13,2,0,Normal
Loan3095987,Client150244,Nyanza,2023-12-12,2830000,96984,170297,13,2,0,Normal
Loan3095997,Client24222,Rubavu,2023-12-12,2150000,279006,143619,13,2,0,Normal
Loan3095998,Client71019,Gasabo,2023-12-12,1960000,655542,108898,13,2,0,Normal
Loan3096002,Client82840,Nyamagabe,2023-12-12,1750000,75796,133235,13,3,0,Normal
Loan3096005,Client52210,Nyanza,2023-12-12,2030000,167299,249265,13,1,0,Normal
Loan3096006,Client133909,Rubavu,2023-12-12,3500000,159111,271335,13,2,0,Normal
Loan3096025,Client146739,Nyamagabe,2023-12-12,1500000,20667,100515,13,3,0,Normal
Loan3096027,Client160385,Rubavu,2023-12-12,1720000,206816,100263,13,2,0,Normal
Loan3096035,Client132452,Rubavu,2023-12-12,995000,69260,107875,14,3,0,Normal
Loan3096037,Client144297,Nyarugenge,2023-12-12,1600000,55544,106886,13,2,0,Normal
Loan3096053,Client150588,Rusizi,2023-12-12,1720000,115953,102545,13,2,0,Normal
Loan3096064,Client158475,Rubavu,2023-12-12,1720000,976605,107377,13,2,1,Written off
Loan3096072,Client191243,Gasabo,2023-12-12,950000,23614,94100,14,3,0,Normal
Loan3096077,Client51137,Nyamagabe,2023-12-12,2050000,215189,134149,13,2,0,Normal
Loan3096078,Client11626,Nyagatare,2023-12-12,3350000,525862,238655,13,2,0,Normal
Loan3096081,Client16681,Nyarugenge,2023-12-12,2020000,271945,142922,13,2,0,Normal
Loan3096082,Client117167,Gasabo,2023-12-12,3500000,947132,298633,13,2,0,Normal
Loan3096088,Client161974,Nyamagabe,2023-12-12,1000000,204997,104984,13,3,0,Normal
Loan3096089,Client125433,Kicukiro,2023-12-12,3500000,380377,228865,14,2,0,Normal
Loan3096098,Client180781,Gasabo,2023-12-12,1720000,93873,107834,13,2,0,Normal
Loan3096099,Client72612,Nyagatare,2023-12-12,1650000,378338,120922,13,3,0,Normal
Loan3096101,Client40681,Nyamagabe,2023-12-12,2000000,119989,141558,13,3,0,Normal
Loan3096105,Client83050,Ngororero,2023-12-12,2400000,153823,162996,13,3,0,Normal
Loan3096106,Client108313,Rutsiro,2023-12-12,1900000,59157,129947,13,2,0,Normal
Loan3096108,Client4502,Rubavu,2023-12-12,3500000,626807,314414,13,2,0,Normal
Loan3096116,Client179381,Rutsiro,2023-12-12,1700000,73919,114832,13,3,0,Normal
Loan3096121,Client28033,Nyagatare,2023-12-12,2370000,114101,172467,13,2,0,Normal
Loan3096122,Client8416,Ngororero,2023-12-12,2300000,192096,155396,13,2,0,Normal
Loan3096124,Client183150,Rutsiro,2023-12-12,1400000,46556,106913,13,2,0,Normal
Loan3096136,Client68454,Nyanza,2023-12-12,2400000,199268,156385,13,3,0,Normal
Loan3096144,Client67449,Nyamagabe,2023-12-12,1000000,124406,108562,13,3,0,Normal
Loan3096195,Client170879,Nyagatare,2023-12-12,1590000,250590,249380,13,3,0,Normal
Loan3096197,Client179069,Gasabo,2023-12-12,1640000,23010,109763,13,3,0,Normal
Loan3096209,Client163347,Ngororero,2023-12-12,1600000,33436,89731,13,3,0,Normal
Loan3096215,Client150802,Rusizi,2023-12-12,1720000,35723,105863,13,3,0,Normal
Loan3096251,Client111412,Nyanza,2023-12-12,3500000,300064,266931,13,2,0,Normal
Loan3096281,Client160560,Gasabo,2023-12-12,1720000,38486,107288,13,2,0,Normal
Loan3096290,Client102158,Rutsiro,2023-12-12,1900000,74157,128522,13,2,0,Normal
Loan3096314,Client148241,Nyamagabe,2023-12-12,1610000,71178,124444,13,2,0,Normal
Loan3096328,Client125348,Rusizi,2023-12-12,2470000,128284,114832,13,3,0,Normal
Loan3096494,Client130812,Rusizi,2023-12-13,1720000,393253,101120,13,3,0,Normal
Loan3096505,Client146082,Rubavu,2023-12-13,1720000,37885,115021,13,2,0,Normal
Loan3096522,Client27415,Nyamagabe,2023-12-13,2460000,262914,161388,13,3,0,Normal
Loan3096532,Client76366,Ngororero,2023-12-13,2750000,276099,240355,13,1,0,Normal
Loan3096544,Client25774,Rutsiro,2023-12-13,3500000,727819,346321,14,3,0,Normal
Loan3096547,Client184891,Nyagatare,2023-12-13,1590000,28422,114832,13,3,0,Normal
Loan3096553,Client102023,Nyamagabe,2023-12-13,3500000,306896,286795,13,3,0,Normal
Loan3096566,Client144167,Nyamagabe,2023-12-13,600000,35585,95765,13,3,0,Normal
Loan3096568,Client137493,Rubavu,2023-12-13,3500000,362667,252000,13,3,0,Normal
Loan3096590,Client120945,Gasabo,2023-12-13,700000,35746,107288,13,3,0,Normal
Loan3096617,Client55652,Gasabo,2023-12-13,950000,379226,196769,14,3,0,Normal
Loan3096619,Client183539,Nyamagabe,2023-12-13,1500000,88522,207383,13,2,0,Normal
Loan3096641,Client86901,Nyarugenge,2023-12-13,3500000,920708,270626,13,3,0,Normal
Loan3096643,Client147380,Rusizi,2023-12-13,1720000,44956,102545,13,2,0,Normal
Loan3096654,Client141137,Nyamagabe,2023-12-13,1700000,99449,100515,13,3,0,Normal
Loan3096662,Client167317,Rubavu,2023-12-13,1200000,40544,108299,13,3,0,Normal
Loan3096669,Client166245,Kicukiro,2023-12-13,1690000,43797,105332,13,3,0,Normal
Loan3096675,Client34021,Kicukiro,2023-12-13,2100000,84104,142699,13,3,0,Normal
Loan3096677,Client2692,Rubavu,2023-12-13,2400000,782320,134307,13,2,0,Normal
Loan3096680,Client183846,Nyamagabe,2023-12-13,3100000,86647,206037,13,3,0,Normal
Loan3096688,Client180492,Nyanza,2023-12-13,1440000,90639,97542,13,2,0,Normal
Loan3096689,Client122426,Nyanza,2023-12-13,3500000,778290,163996,13,3,0,Normal
Loan3096701,Client158622,Kicukiro,2023-12-13,1690000,59243,114832,13,2,0,Normal
Loan3096708,Client49181,Nyamagabe,2023-12-13,1900000,693138,109037,13,2,0,Normal
Loan3096732,Client133459,Rusizi,2023-12-13,1565000,83583,102602,14,3,0,Normal
Loan3096739,Client175755,Nyanza,2023-12-13,3270000,77448,220365,13,3,0,Normal
Loan3096745,Client75314,Nyanza,2023-12-13,3500000,1821030,307577,13,3,0,Normal
Loan3096755,Client125325,Rusizi,2023-12-13,2840000,71707,190328,13,3,0,Normal
Loan3096756,Client180358,Rutsiro,2023-12-13,2820000,133751,181320,13,3,0,Normal
Loan3096757,Client142010,Ngororero,2023-12-13,1680000,180095,101120,13,2,0,Normal
Loan3096761,Client183728,Nyamagabe,2023-12-13,3500000,99669,232958,13,3,0,Normal
Loan3096770,Client23218,Nyagatare,2023-12-13,1970000,165385,146354,13,2,0,Normal
Loan3096773,Client23355,Rubavu,2023-12-13,2130000,366095,137907,13,3,0,Normal
Loan3096776,Client183848,Nyamagabe,2023-12-13,1400000,39619,95009,13,3,0,Normal
Loan3096778,Client125087,Nyagatare,2023-12-13,1590000,48664,96061,13,3,0,Normal
Loan3096779,Client149628,Nyanza,2023-12-13,1500000,85681,92441,13,3,0,Normal
Loan3096785,Client125295,Kicukiro,2023-12-13,1700000,168221,121966,13,3,0,Normal
Loan3096792,Client111547,Rusizi,2023-12-13,1925000,119261,113164,13,2,0,Normal
Loan3096798,Client162121,Nyamagabe,2023-12-13,1580000,31959,98000,13,2,0,Normal
Loan3096801,Client194263,Nyagatare,2023-12-13,2740000,33028,217600,14,3,0,Normal
Loan3096802,Client156071,Kicukiro,2023-12-13,1500000,61180,105863,13,2,0,Normal
Loan3096805,Client78285,Nyamagabe,2023-12-13,3500000,503495,280864,13,2,0,Normal
Loan3096822,Client59348,Rusizi,2023-12-13,2450000,792217,128981,14,3,0,Normal
Loan3096824,Client73937,Gasabo,2023-12-13,1000000,57377,115938,13,3,0,Normal
Loan3096827,Client49935,Nyamagabe,2023-12-13,3480000,420124,235180,13,3,0,Normal
Loan3096839,Client180706,Gasabo,2023-12-13,1540000,35504,107288,13,2,0,Normal
Loan3096846,Client155021,Rusizi,2023-12-13,1725000,130484,101638,13,3,0,Normal
Loan3096851,Client37237,Gasabo,2023-12-13,1700000,325635,160276,13,2,0,Normal
Loan3096862,Client168012,Gasabo,2023-12-13,2950000,217623,179895,13,2,0,Normal
Loan3096869,Client184672,Rusizi,2023-12-13,1720000,50347,106288,13,2,0,Normal
Loan3096885,Client47834,Nyarugenge,2023-12-13,3500000,172312,242145,13,2,0,Normal
Loan3096888,Client175142,Nyagatare,2023-12-13,1570000,58404,113088,13,3,0,Normal
Loan3096918,Client19830,Ngororero,2023-12-13,3500000,323595,249533,13,2,0,Normal
Loan3096934,Client100102,Nyarugenge,2023-12-13,1900000,99984,129085,13,2,0,Normal
Loan3096985,Client170778,Nyagatare,2023-12-13,3500000,573746,218940,13,3,0,Normal
Loan3096993,Client164751,Gasabo,2023-12-13,1720000,55529,116754,13,2,0,Normal
Loan3096997,Client8907,Nyamagabe,2023-12-13,3500000,410100,210769,13,2,0,Normal
Loan3097001,Client161530,Gasabo,2023-12-13,1600000,137711,108657,13,3,0,Normal
Loan3097010,Client11110,Nyarugenge,2023-12-13,2320000,218304,156401,13,2,0,Normal
Loan3097024,Client180566,Gasabo,2023-12-13,1720000,252970,160276,13,3,0,Normal
Loan3097026,Client23668,Rutsiro,2023-12-13,1185000,210824,137758,13,3,0,Normal
Loan3097030,Client17599,Nyamagabe,2023-12-13,2850000,261823,210461,13,3,0,Normal
Loan3097036,Client28506,Nyagatare,2023-12-13,2600000,340852,189719,13,3,0,Normal
Loan3097037,Client71662,Rusizi,2023-12-13,2140000,81037,155714,13,3,0,Normal
Loan3097042,Client86930,Nyarugenge,2023-12-13,3500000,1166669,228803,13,2,0,Normal
Loan3097087,Client160750,Rusizi,2023-12-13,1720000,55319,114737,13,3,0,Normal
Loan3097220,Client45265,Ngororero,2023-12-14,2080000,128959,141699,13,3,0,Normal
Loan3097268,Client187086,Gasabo,2023-12-14,1720000,109031,165421,13,2,0,Normal
Loan3097278,Client754,Nyamagabe,2023-12-14,2390000,182179,281761,13,3,0,Normal
Loan3097284,Client179157,Gasabo,2023-12-14,1720000,51051,115938,13,2,0,Normal
Loan3097297,Client144513,Rutsiro,2023-12-14,1550000,39827,101638,13,3,0,Normal
Loan3097304,Client1624,Rubavu,2023-12-14,2670000,1174477,152839,13,2,0,Normal
Loan3097313,Client113594,Gasabo,2023-12-14,1800000,152979,124444,13,2,0,Normal
Loan3097323,Client13178,Rutsiro,2023-12-14,3000000,733400,200962,13,3,0,Normal
Loan3097327,Client108348,Gasabo,2023-12-14,1840000,546585,104704,13,2,0,Normal
Loan3097333,Client171422,Rutsiro,2023-12-14,1700000,202681,114832,13,3,0,Normal
Loan3097338,Client16567,Ngororero,2023-12-14,2000000,253184,128818,13,3,0,Normal
Loan3097347,Client180636,Gasabo,2023-12-14,3500000,65442,245105,13,2,0,Normal
Loan3097355,Client171777,Rutsiro,2023-12-14,1670000,248348,167967,13,3,0,Normal
Loan3097360,Client70673,Rubavu,2023-12-14,3500000,549218,267470,13,2,0,Normal
Loan3097363,Client131916,Nyanza,2023-12-14,1720000,205459,114513,13,3,0,Normal
Loan3097371,Client30889,Gasabo,2023-12-14,2000000,638825,173892,13,2,0,Normal
Loan3097380,Client128107,Nyamagabe,2023-12-14,1800000,79585,121996,13,2,0,Normal
Loan3097397,Client68135,Rutsiro,2023-12-14,3500000,1982864,268726,13,2,0,Normal
Loan3097421,Client66360,Rubavu,2023-12-14,2020000,73925,143236,13,3,0,Normal
Loan3097443,Client161478,Nyagatare,2023-12-14,1570000,59334,98962,13,2,0,Normal
Loan3097446,Client121868,Nyarugenge,2023-12-14,3500000,1439913,236878,13,2,0,Normal
Loan3097451,Client165049,Nyarugenge,2023-12-14,1560000,58934,105924,13,2,0,Normal
Loan3097452,Client139159,Nyanza,2023-12-14,1700000,21826,112889,13,3,0,Normal
Loan3097499,Client59712,Nyanza,2023-12-14,2030000,181820,137030,13,3,0,Normal
Loan3097506,Client88970,Rutsiro,2023-12-14,3500000,119662,325900,14,3,0,Normal
Loan3097514,Client159874,Rubavu,2023-12-14,1700000,58721,115894,13,3,0,Normal
Loan3097521,Client161504,Nyagatare,2023-12-14,3450000,125322,232882,13,2,0,Normal
Loan3097527,Client129535,Gasabo,2023-12-14,3290000,587794,252070,13,3,0,Normal
Loan3097559,Client37554,Gasabo,2023-12-14,2760000,37578,228865,14,2,0,Normal
Loan3097709,Client61371,Gasabo,2023-12-15,3370000,244288,230713,14,2,0,Normal
Loan3097734,Client146058,Rubavu,2023-12-15,1720000,61661,113044,13,3,0,Normal
Loan3097761,Client8862,Rubavu,2023-12-15,2450000,348202,163976,13,2,0,Normal
Loan3097802,Client139446,Rubavu,2023-12-15,1630000,50705,117396,13,2,0,Normal
Loan3097813,Client54991,Rusizi,2023-12-15,2030000,140794,249380,13,2,0,Normal
Loan3097815,Client19510,Nyagatare,2023-12-15,2760000,158310,213469,13,3,0,Normal
Loan3097817,Client160335,Nyanza,2023-12-15,1700000,119147,98838,13,3,0,Normal
Loan3097819,Client15571,Rutsiro,2023-12-15,2200000,235089,149667,13,2,0,Normal
Loan3097832,Client101461,Ngororero,2023-12-15,1650000,264056,117650,13,3,0,Normal
Loan3097839,Client145642,Rutsiro,2023-12-15,1700000,162799,101638,13,2,0,Normal
Loan3097846,Client24835,Rusizi,2023-12-15,3000000,157712,204733,13,2,0,Normal
Loan3097869,Client176800,Gasabo,2023-12-15,1720000,100776,102968,13,2,0,Normal
Loan3097873,Client131249,Nyamagabe,2023-12-15,1000000,93278,115424,13,3,0,Normal
Loan3097875,Client185943,Kicukiro,2023-12-15,1800000,89570,228865,14,3,0,Normal
Loan3097878,Client123050,Rutsiro,2023-12-15,1670000,75450,115100,13,3,0,Normal
Loan3097880,Client157742,Ngororero,2023-12-15,2780000,105762,172517,13,2,0,Normal
Loan3097882,Client124871,Rutsiro,2023-12-15,1650000,73887,110350,13,3,0,Normal
Loan3097883,Client194364,Gasabo,2023-12-15,2070000,129540,228865,14,3,0,Normal
Loan3097899,Client8477,Nyagatare,2023-12-15,3500000,1103610,349912,13,3,0,Normal
Loan3097903,Client68187,Gasabo,2023-12-15,2110000,395381,307577,13,3,0,Normal
Loan3097904,Client119150,Nyagatare,2023-12-15,1680000,127926,105248,13,2,0,Normal
Loan3097905,Client49527,Nyanza,2023-12-15,1920000,263814,128480,13,2,0,Normal
Loan3097907,Client171913,Nyagatare,2023-12-15,1590000,119167,113882,13,2,0,Normal
Loan3097934,Client91021,Nyamagabe,2023-12-15,1990000,75380,130435,13,2,0,Normal
Loan3097937,Client44360,Gasabo,2023-12-15,2135000,151953,143933,13,2,0,Normal
Loan3097955,Client166431,Rusizi,2023-12-15,1720000,56108,107000,13,2,0,Normal
Loan3097956,Client99375,Nyamagabe,2023-12-15,3500000,459436,266110,13,3,0,Normal
Loan3097968,Client79661,Nyanza,2023-12-15,2120000,296414,160077,14,2,0,Normal
Loan3097973,Client59143,Nyanza,2023-12-15,2120000,117335,142699,13,3,0,Normal
Loan3097977,Client67381,Rusizi,2023-12-15,3500000,1532200,270778,13,2,0,Normal
Loan3097978,Client147218,Nyamagabe,2023-12-15,1700000,320997,100515,13,2,0,Normal
Loan3097981,Client191629,Kicukiro,2023-12-15,1730000,57834,228865,14,2,0,Normal
Loan3097984,Client179292,Rutsiro,2023-12-15,1640000,128621,102538,13,3,0,Normal
Loan3097985,Client154646,Rubavu,2023-12-15,1000000,50581,102609,13,3,0,Normal
Loan3097993,Client161228,Rubavu,2023-12-15,3500000,720566,250645,13,2,0,Normal
Loan3098002,Client14733,Rubavu,2023-12-15,3020000,364547,171431,13,2,0,Normal
Loan3098006,Client76879,Nyamagabe,2023-12-15,1950000,227179,109987,13,2,0,Normal
Loan3098012,Client103948,Ngororero,2023-12-15,1650000,284858,127981,13,2,0,Normal
Loan3098013,Client175706,Rutsiro,2023-12-15,1700000,232500,114513,13,3,0,Normal
Loan3098024,Client63531,Kicukiro,2023-12-15,1920000,107233,128452,13,2,0,Normal
Loan3098032,Client9842,Nyamagabe,2023-12-15,2000000,286079,140131,13,3,0,Normal
Loan3098056,Client160056,Rutsiro,2023-12-15,1700000,99736,107587,13,3,0,Normal
Loan3098072,Client172431,Ngororero,2023-12-15,1680000,261566,113513,13,3,0,Normal
Loan3098083,Client60789,Ngororero,2023-12-15,1500000,57357,115100,13,3,0,Normal
Loan3098113,Client118142,Nyamagabe,2023-12-15,1800000,173629,122389,13,3,0,Normal
Loan3098129,Client16644,Nyarugenge,2023-12-15,3500000,177165,227825,13,2,0,Normal
Loan3098135,Client126042,Nyarugenge,2023-12-15,2450000,335009,134433,14,2,0,Normal
Loan3098144,Client5057,Rutsiro,2023-12-15,1600000,904885,108898,13,2,0,Normal
Loan3098154,Client185059,Nyagatare,2023-12-15,1590000,47514,107288,13,3,0,Normal
Loan3098161,Client143977,Rutsiro,2023-12-15,1700000,57326,114513,13,3,0,Normal
Loan3098170,Client188306,Rusizi,2023-12-15,1735000,30919,105892,14,3,0,Normal
Loan3098186,Client151157,Rusizi,2023-12-15,1720000,218276,100645,13,2,0,Normal
Loan3098194,Client18735,Ngororero,2023-12-15,2400000,329767,162996,13,3,0,Normal
Loan3098208,Client70320,Ngororero,2023-12-15,2880000,804719,178188,13,3,0,Normal
Loan3098211,Client168039,Rusizi,2023-12-15,1680000,24236,113407,13,2,0,Normal
Loan3098212,Client162154,Nyamagabe,2023-12-15,1600000,83255,100400,13,2,0,Normal
Loan3098214,Client176108,Ngororero,2023-12-15,1690000,32700,112957,13,2,0,Normal
Loan3098217,Client134298,Gasabo,2023-12-15,2520000,60275,172522,14,3,0,Normal
Loan3098236,Client62446,Rusizi,2023-12-15,3500000,111931,228614,13,2,0,Normal
Loan3098240,Client63712,Gasabo,2023-12-15,3500000,130177,331600,14,2,0,Normal
Loan3098241,Client133247,Nyarugenge,2023-12-15,3500000,146878,272760,13,2,0,Normal
Loan3098255,Client119769,Nyamagabe,2023-12-15,1790000,95591,128031,13,2,0,Normal
Loan3098259,Client153979,Rusizi,2023-12-15,2960000,52426,188701,13,3,0,Normal
Loan3098264,Client181505,Gasabo,2023-12-15,1620000,72034,105863,13,2,0,Normal
Loan3098273,Client133530,Nyamagabe,2023-12-15,3200000,166343,198247,13,2,0,Normal
Loan3098300,Client167173,Nyarugenge,2023-12-15,1700000,29713,106409,13,3,0,Normal
Loan3098301,Client159481,Ngororero,2023-12-15,1620000,30723,117269,13,2,0,Normal
Loan3098628,Client145267,Nyamagabe,2023-12-16,1660000,141962,112250,13,3,0,Normal
Loan3098729,Client16616,Nyagatare,2023-12-16,2760000,138369,196787,13,3,0,Normal
Loan3099116,Client191102,Nyarugenge,2023-12-18,1330000,475644,281500,14,1,1,Written off
Loan3099150,Client78256,Nyamagabe,2023-12-18,1960000,108193,133705,13,3,0,Normal
Loan3099153,Client181396,Kicukiro,2023-12-18,2970000,439245,186992,13,3,0,Normal
Loan3099162,Client66808,Rubavu,2023-12-18,3500000,284103,234698,13,2,0,Normal
Loan3099170,Client180984,Rutsiro,2023-12-18,3500000,16008,219733,13,3,0,Normal
Loan3099189,Client184862,Ngororero,2023-12-18,1000000,231446,106425,13,2,0,Normal
Loan3099192,Client171540,Rubavu,2023-12-18,1650000,114365,110199,13,2,0,Normal
Loan3099198,Client104270,Nyanza,2023-12-18,1700000,96691,122081,13,2,0,Normal
Loan3099202,Client176673,Rutsiro,2023-12-18,1600000,257896,96888,13,3,0,Normal
Loan3099203,Client43764,Kicukiro,2023-12-18,2420000,351554,164339,13,2,0,Normal
Loan3099227,Client124093,Nyamagabe,2023-12-18,1800000,233434,121996,13,3,0,Normal
Loan3099236,Client117769,Gasabo,2023-12-18,3500000,1211717,475623,14,3,0,Normal
Loan3099247,Client159530,Kicukiro,2023-12-18,3500000,258703,271381,13,3,0,Normal
Loan3099250,Client127043,Rubavu,2023-12-18,1725000,69871,101543,13,3,0,Normal
Loan3099254,Client77739,Rubavu,2023-12-18,3500000,401872,300145,13,2,0,Normal
Loan3099255,Client186462,Rutsiro,2023-12-18,2950000,87689,199219,13,3,0,Normal
Loan3099277,Client125822,Nyanza,2023-12-18,3500000,518239,223919,13,3,0,Normal
Loan3099282,Client65798,Rutsiro,2023-12-18,2950000,448748,202976,14,2,0,Normal
Loan3099290,Client167945,Nyanza,2023-12-18,1100000,251203,114513,13,3,0,Normal
Loan3099299,Client70272,Ngororero,2023-12-18,1950000,281771,132199,13,3,0,Normal
Loan3099307,Client109267,Ngororero,2023-12-18,1790000,52243,124010,13,2,0,Normal
Loan3099319,Client186581,Rutsiro,2023-12-18,1700000,79980,107000,13,2,0,Normal
Loan3099330,Client4326,Nyarugenge,2023-12-18,2700000,241442,182478,13,2,0,Normal
Loan3099341,Client168425,Gasabo,2023-12-18,3500000,122087,233412,13,3,0,Normal
Loan3099349,Client14800,Nyagatare,2023-12-18,2100000,214380,153409,13,3,0,Normal
Loan3099355,Client185499,Nyagatare,2023-12-18,3500000,96236,249380,13,3,0,Normal
Loan3099367,Client44157,Nyagatare,2023-12-18,1780000,99527,131583,13,3,0,Normal
Loan3099377,Client72802,Nyagatare,2023-12-18,3500000,1177578,223700,13,2,0,Normal
Loan3099379,Client22895,Nyamagabe,2023-12-18,2090000,124347,141464,13,3,0,Normal
Loan3099385,Client40040,Nyagatare,2023-12-18,3500000,575115,216817,13,3,0,Normal
Loan3099391,Client121208,Nyagatare,2023-12-18,1590000,310703,115938,13,2,0,Normal
Loan3099393,Client81983,Gasabo,2023-12-18,2030000,105602,137030,13,3,0,Normal
Loan3099396,Client118495,Ngororero,2023-12-18,1690000,76555,121381,13,3,0,Normal
Loan3099400,Client167783,Rusizi,2023-12-18,1720000,70192,114832,13,3,0,Normal
Loan3099401,Client150113,Nyanza,2023-12-18,1000000,309363,100041,13,2,0,Normal
Loan3099406,Client130634,Nyamagabe,2023-12-18,1690000,219122,114513,13,2,0,Normal
Loan3099415,Client147186,Rubavu,2023-12-18,700000,53321,117794,13,3,0,Normal
Loan3099418,Client121684,Nyanza,2023-12-18,1820000,165205,121998,13,3,0,Normal
Loan3099428,Client4470,Rusizi,2023-12-18,2135000,335842,117639,13,2,0,Normal
Loan3099434,Client125621,Rubavu,2023-12-18,1360000,103725,182122,14,2,0,Normal
Loan3099442,Client188676,Kicukiro,2023-12-18,2120000,51359,145400,14,2,0,Normal
Loan3099447,Client149995,Nyanza,2023-12-18,1700000,42283,104887,13,2,0,Normal
Loan3099454,Client105315,Rubavu,2023-12-18,1850000,81588,159654,13,2,0,Normal
Loan3099473,Client75480,Rusizi,2023-12-18,2700000,418136,149287,13,3,0,Normal
Loan3099476,Client129876,Nyagatare,2023-12-18,1500000,107903,115821,13,3,0,Normal
Loan3099489,Client172514,Ngororero,2023-12-18,1480000,42444,100174,13,3,0,Normal
Loan3099492,Client110350,Nyagatare,2023-12-18,1680000,315449,121496,13,2,0,Normal
Loan3099505,Client64810,Rusizi,2023-12-18,1925000,138272,135605,13,3,0,Normal
Loan3099521,Client97574,Gasabo,2023-12-18,3500000,112085,272861,13,3,0,Normal
Loan3099526,Client140976,Rusizi,2023-12-18,1725000,88249,101638,13,3,0,Normal
Loan3099537,Client13962,Nyarugenge,2023-12-18,1730000,300748,164607,13,3,0,Normal
Loan3099549,Client178010,Ngororero,2023-12-18,3000000,105163,205663,13,3,0,Normal
Loan3099555,Client157279,Nyagatare,2023-12-18,1580000,77041,115938,13,3,0,Normal
Loan3099575,Client40384,Ngororero,2023-12-18,2000000,88457,135858,13,2,0,Normal
Loan3099584,Client5745,Rusizi,2023-12-18,3425000,271976,181770,13,1,0,Normal
Loan3099599,Client64062,Nyarugenge,2023-12-18,3000000,328299,309128,13,3,0,Normal
Loan3099620,Client41539,Nyarugenge,2023-12-18,1970000,127801,133362,13,2,0,Normal
Loan3099894,Client168480,Nyanza,2023-12-19,1700000,81625,114832,13,3,0,Normal
Loan3099923,Client14919,Gasabo,2023-12-19,2230000,528324,150712,13,2,0,Normal
Loan3099966,Client20946,Nyanza,2023-12-19,2230000,250417,150712,13,2,0,Normal
Loan3099972,Client131153,Nyamagabe,2023-12-19,1680000,44581,104150,13,2,0,Normal
Loan3099994,Client188792,Gasabo,2023-12-19,1185000,105883,94100,14,2,0,Normal
Loan3099997,Client143765,Kicukiro,2023-12-19,1690000,321828,103063,13,3,0,Normal
Loan3100001,Client120747,Nyamagabe,2023-12-19,1800000,42505,250533,13,3,0,Normal
Loan3100002,Client14283,Rutsiro,2023-12-19,2350000,53480,131949,13,3,0,Normal
Loan3100012,Client8736,Nyagatare,2023-12-19,2100000,442188,153387,13,2,0,Normal
Loan3100014,Client20120,Rubavu,2023-12-19,1800000,255905,148867,13,2,0,Normal
Loan3100026,Client128073,Nyamagabe,2023-12-19,1780000,50465,121439,13,2,0,Normal
Loan3100037,Client161963,Rusizi,2023-12-19,1500000,71069,115843,13,2,0,Normal
Loan3100044,Client128455,Nyagatare,2023-12-19,1520000,96950,117639,13,2,0,Normal
Loan3100052,Client176169,Ngororero,2023-12-19,1260000,41715,106409,13,2,0,Normal
Loan3100076,Client43730,Rusizi,2023-12-19,2700000,250935,191947,13,3,0,Normal
Loan3100078,Client144908,Nyarugenge,2023-12-19,1700000,35842,123019,13,2,0,Normal
Loan3100092,Client144304,Nyamagabe,2023-12-19,2910000,530520,180795,13,2,0,Normal
Loan3100112,Client140578,Nyamagabe,2023-12-19,3500000,345419,339217,13,2,0,Normal
Loan3100148,Client28904,Nyagatare,2023-12-19,2300000,230003,166588,13,3,0,Normal
Loan3100155,Client175843,Kicukiro,2023-12-19,3000000,438774,269619,14,3,0,Normal
Loan3100177,Client185492,Nyagatare,2023-12-19,3500000,127508,217515,13,3,0,Normal
Loan3100188,Client184870,Ngororero,2023-12-19,1690000,65670,115424,13,3,0,Normal
Loan3100189,Client186228,Nyagatare,2023-12-19,1590000,35109,114832,13,3,0,Normal
Loan3100199,Client1075,Nyamagabe,2023-12-19,3500000,204401,302865,13,2,0,Normal
Loan3100200,Client184698,Nyagatare,2023-12-19,1600000,59530,115100,13,3,0,Normal
Loan3100210,Client150760,Rusizi,2023-12-19,1720000,35390,100645,13,2,0,Normal
Loan3100211,Client105361,Nyamagabe,2023-12-19,1870000,351120,127287,13,2,0,Normal
Loan3100213,Client101469,Kicukiro,2023-12-19,2970000,625622,203417,13,3,0,Normal
Loan3100216,Client117632,Nyagatare,2023-12-19,3500000,823300,257131,13,2,0,Normal
Loan3100221,Client143506,Rubavu,2023-12-19,170000,3393,101163,14,3,0,Normal
Loan3100234,Client181297,Nyamagabe,2023-12-19,1700000,30937,107000,13,3,0,Normal
Loan3100242,Client5470,Ngororero,2023-12-19,800000,159651,149558,13,2,0,Normal
Loan3100247,Client186791,Nyanza,2023-12-19,1700000,79335,109763,13,3,0,Normal
Loan3100281,Client137920,Ngororero,2023-12-19,3200000,129599,195342,13,3,0,Normal
Loan3100284,Client99546,Rubavu,2023-12-19,2810000,597126,176900,13,3,0,Normal
Loan3100294,Client166635,Rusizi,2023-12-19,700000,66146,110082,13,3,0,Normal
Loan3100297,Client185649,Nyagatare,2023-12-19,1500000,48104,109163,13,3,0,Normal
Loan3100329,Client99513,Rusizi,2023-12-19,3500000,235167,272806,13,3,0,Normal
Loan3100337,Client178180,Rusizi,2023-12-19,3500000,559823,236207,13,3,0,Normal
Loan3100342,Client146332,Nyanza,2023-12-19,1100000,92987,100041,13,2,0,Normal
Loan3100356,Client169963,Nyagatare,2023-12-19,3380000,294421,217342,13,3,0,Normal
Loan3100380,Client26276,Nyanza,2023-12-19,1900000,143642,128953,13,3,0,Normal
Loan3100390,Client48986,Ngororero,2023-12-19,1870000,83858,134635,13,2,0,Normal
Loan3100422,Client128338,Nyamagabe,2023-12-19,1800000,38543,122389,13,2,0,Normal
Loan3100446,Client155454,Nyagatare,2023-12-19,1440000,54208,91362,13,2,0,Normal
Loan3100455,Client105495,Nyagatare,2023-12-19,1780000,88853,128481,13,3,0,Normal
Loan3100471,Client181010,Rusizi,2023-12-19,1650000,76789,109763,13,2,0,Normal
Loan3100474,Client59792,Ngororero,2023-12-19,1800000,392603,123292,13,2,0,Normal
Loan3100490,Client63991,Rusizi,2023-12-19,3470000,184859,238245,13,3,0,Normal
Loan3101066,Client42870,Rutsiro,2023-12-20,2720000,302641,182017,13,3,0,Normal
Loan3101112,Client128741,Gasabo,2023-12-20,1720000,398756,101543,13,2,0,Normal
Loan3101128,Client167894,Rubavu,2023-12-20,1720000,65005,105449,13,2,0,Normal
Loan3101136,Client161890,Rusizi,2023-12-20,1515000,123501,102180,13,2,0,Normal
Loan3101163,Client14501,Rubavu,2023-12-20,1200000,928630,131949,13,2,0,Normal
Loan3101165,Client72431,Rusizi,2023-12-20,3500000,552221,421811,14,2,0,Normal
Loan3101193,Client56103,Ngororero,2023-12-20,600000,720908,111571,13,3,0,Normal
Loan3101236,Client121375,Nyamagabe,2023-12-20,3290000,83582,232640,13,3,0,Normal
Loan3101241,Client75839,Rusizi,2023-12-20,1725000,34135,104978,13,3,0,Normal
Loan3101251,Client104227,Nyamagabe,2023-12-20,2800000,126624,288000,13,2,0,Normal
Loan3101259,Client148762,Nyanza,2023-12-20,3500000,673028,228890,13,2,0,Normal
Loan3101292,Client166179,Nyamagabe,2023-12-20,3500000,708642,238613,13,2,0,Normal
Loan3101333,Client182174,Nyamagabe,2023-12-20,3440000,46290,227422,13,3,0,Normal
Loan3101371,Client139234,Gasabo,2023-12-20,1600000,72967,93795,13,3,0,Normal
Loan3101377,Client38324,Rusizi,2023-12-20,3500000,252546,266156,13,3,0,Normal
Loan3101382,Client186808,Gasabo,2023-12-20,1500000,44712,110350,13,2,0,Normal
Loan3101391,Client185064,Ngororero,2023-12-20,1630000,141088,232640,13,2,0,Normal
Loan3101404,Client46264,Kicukiro,2023-12-20,3500000,189992,249380,13,3,0,Normal
Loan3101411,Client111357,Rubavu,2023-12-20,1920000,89291,128917,13,2,0,Normal
Loan3101418,Client157844,Ngororero,2023-12-20,1500000,35973,113832,13,3,0,Normal
Loan3101436,Client43495,Kicukiro,2023-12-20,3150000,249215,203465,14,2,0,Normal
Loan3101441,Client187544,Nyagatare,2023-12-20,1520000,40933,110350,13,3,0,Normal
Loan3101458,Client28128,Nyamagabe,2023-12-20,2200000,1074389,140139,13,3,0,Normal
Loan3101485,Client48977,Nyamagabe,2023-12-20,3500000,597786,264171,13,2,0,Normal
Loan3101501,Client171810,Rutsiro,2023-12-20,1500000,179416,110350,13,2,0,Normal
Loan3101506,Client557,Rusizi,2023-12-20,2335000,212460,163864,13,3,0,Normal
Loan3101520,Client109999,Nyamagabe,2023-12-20,2360000,623397,160177,13,2,0,Normal
Loan3101557,Client187596,Rusizi,2023-12-20,1648000,39118,111188,13,3,0,Normal
Loan3101596,Client95641,Nyanza,2023-12-20,3500000,510170,271381,13,2,0,Normal
Loan3101597,Client16846,Ngororero,2023-12-20,2150000,905100,121876,13,3,0,Normal
Loan3101630,Client12025,Rubavu,2023-12-20,2000000,588591,131474,13,2,0,Normal
Loan3101653,Client97427,Rusizi,2023-12-20,1885000,122231,131385,13,2,0,Normal
Loan3101657,Client75313,Nyanza,2023-12-20,3130000,1129083,235655,13,2,0,Normal
Loan3101682,Client123892,Gasabo,2023-12-20,1830000,438952,101543,13,2,0,Normal
Loan3101699,Client5220,Nyarugenge,2023-12-20,1930000,709391,109434,13,2,0,Normal
Loan3101709,Client155850,Rusizi,2023-12-20,3290000,97988,221897,13,3,0,Normal
Loan3101737,Client32904,Ngororero,2023-12-20,1920000,172475,239592,13,3,0,Normal
Loan3101793,Client185645,Nyagatare,2023-12-20,1450000,105524,171104,13,3,0,Normal
Loan3101801,Client76178,Gasabo,2023-12-20,1700000,44725,111507,13,3,0,Normal
Loan3101850,Client143800,Nyamagabe,2023-12-20,1600000,36778,100515,13,2,0,Normal
Loan3101903,Client149303,Rusizi,2023-12-20,1500000,289958,93520,13,3,0,Normal
Loan3102289,Client80598,Gasabo,2023-12-21,2530000,175470,172684,14,2,0,Normal
Loan3102296,Client104084,Nyagatare,2023-12-21,1710000,70923,123081,13,2,0,Normal
Loan3102342,Client133338,Nyanza,2023-12-21,2770000,249156,250438,13,3,0,Normal
Loan3102348,Client183277,Rutsiro,2023-12-21,1600000,153073,106913,13,2,0,Normal
Loan3102355,Client99152,Gasabo,2023-12-21,3500000,55700,307615,13,3,0,Normal
Loan3102393,Client150930,Nyanza,2023-12-21,1600000,315025,100041,13,2,0,Normal
Loan3102394,Client76639,Ngororero,2023-12-21,3500000,280462,306152,13,2,0,Normal
Loan3102402,Client188101,Nyamagabe,2023-12-21,3300000,85412,223322,13,3,0,Normal
Loan3102408,Client56288,Nyanza,2023-12-21,2120000,87081,142511,13,2,0,Normal
Loan3102412,Client181895,Kicukiro,2023-12-21,1690000,119487,105863,13,2,0,Normal
Loan3102414,Client162588,Nyamagabe,2023-12-21,1000000,41045,99090,13,3,0,Normal
Loan3102433,Client54642,Nyamagabe,2023-12-21,3500000,182524,264171,13,2,0,Normal
Loan3102448,Client142208,Kicukiro,2023-12-21,3500000,828385,117431,13,3,0,Normal
Loan3102454,Client154598,Rusizi,2023-12-21,1725000,43877,123719,13,3,0,Normal
Loan3102471,Client176934,Rusizi,2023-12-21,1500000,126509,111680,13,2,0,Normal
Loan3102491,Client7591,Rusizi,2023-12-21,1250000,1031632,138260,13,2,0,Normal
Loan3102496,Client27874,Nyagatare,2023-12-21,304000,424007,210681,13,2,0,Normal
Loan3102498,Client187933,Gasabo,2023-12-21,1150000,61180,84600,14,3,0,Normal
Loan3102533,Client45717,Rusizi,2023-12-21,2030000,235876,143933,13,2,0,Normal
Loan3102542,Client79788,Nyagatare,2023-12-21,2650000,141941,194469,13,3,0,Normal
Loan3102545,Client111461,Kicukiro,2023-12-21,1520000,82629,128981,13,2,0,Normal
Loan3102549,Client64728,Nyagatare,2023-12-21,1770000,152284,124231,13,2,0,Normal
Loan3102551,Client121303,Rusizi,2023-12-21,1830000,159443,123421,13,2,0,Normal
Loan3102568,Client157620,Kicukiro,2023-12-21,1690000,359499,140208,14,3,0,Normal
Loan3102577,Client167833,Nyanza,2023-12-21,1640000,46299,95852,13,2,0,Normal
Loan3102599,Client44189,Nyagatare,2023-12-21,1940000,322699,198800,13,3,0,Normal
Loan3102616,Client168495,Rubavu,2023-12-21,1600000,48504,107975,13,3,0,Normal
Loan3102627,Client124848,Nyanza,2023-12-21,1820000,41367,121998,13,2,0,Normal
Loan3102655,Client182454,Nyanza,2023-12-21,1700000,30188,105388,13,3,0,Normal
Loan3102656,Client140283,Rubavu,2023-12-21,1720000,98859,101163,13,2,0,Normal
Loan3102695,Client118167,Nyarugenge,2023-12-21,1830000,107662,113722,13,3,0,Normal
Loan3102708,Client59802,Ngororero,2023-12-21,1690000,357934,114665,13,2,0,Normal
Loan3102713,Client6162,Gasabo,2023-12-21,3430000,37504,234240,14,2,0,Normal
Loan3102719,Client147433,Rubavu,2023-12-21,1650000,60983,113044,13,2,0,Normal
Loan3102745,Client47123,Ngororero,2023-12-21,3100000,1081510,173913,13,3,0,Normal
Loan3102752,Client109628,Nyarugenge,2023-12-21,1700000,334687,101638,13,2,0,Normal
Loan3102760,Client175637,Nyanza,2023-12-21,1500000,133966,97788,13,2,0,Normal
Loan3102800,Client25397,Nyamagabe,2023-12-21,2000000,111941,136333,13,2,0,Normal
Loan3102826,Client98108,Nyamagabe,2023-12-21,1790000,127738,121397,13,3,0,Normal
Loan3102834,Client164420,Gasabo,2023-12-21,3040000,92239,208100,14,2,0,Normal
Loan3102841,Client64762,Rusizi,2023-12-21,3500000,601639,230989,13,3,0,Normal
Loan3102862,Client79156,Nyamagabe,2023-12-21,1880000,178000,109037,13,3,0,Normal
Loan3102868,Client91672,Nyarugenge,2023-12-21,690000,118855,48002,14,3,0,Normal
Loan3102886,Client109873,Nyanza,2023-12-21,1920000,89004,129947,13,3,0,Normal
Loan3102899,Client164797,Kicukiro,2023-12-21,1600000,77865,114513,13,2,0,Normal
Loan3102935,Client34779,Rusizi,2023-12-21,2030000,721613,142508,13,2,0,Normal
Loan3102937,Client69117,Nyanza,2023-12-21,2000000,171596,135605,13,2,0,Normal
Loan3102957,Client184537,Ngororero,2023-12-21,1540000,56154,115849,13,3,0,Normal
Loan3102982,Client4841,Nyarugenge,2023-12-21,2780000,425213,187703,13,2,0,Normal
Loan3102983,Client133068,Rusizi,2023-12-21,1649000,239006,97795,13,2,0,Normal
Loan3102996,Client141830,Ngororero,2023-12-21,3500000,86074,223389,13,3,0,Normal
Loan3103018,Client152358,Gasabo,2023-12-21,2480000,43960,163239,14,3,0,Normal
Loan3103033,Client58681,Nyarugenge,2023-12-21,3500000,451837,298093,14,2,0,Normal
Loan3103040,Client120831,Nyagatare,2023-12-21,1590000,149677,123421,13,3,0,Normal
Loan3103059,Client79406,Rusizi,2023-12-21,1800000,103758,134710,13,2,0,Normal
Loan3103081,Client158980,Nyarugenge,2023-12-21,1720000,52574,110194,13,2,0,Normal
Loan3103083,Client88932,Rutsiro,2023-12-21,2950000,88149,180046,13,2,0,Normal
Loan3103094,Client41225,Nyanza,2023-12-21,2120000,128789,142699,13,3,0,Normal
Loan3103102,Client45830,Rusizi,2023-12-21,1930000,501856,112601,13,2,0,Normal
Loan3103464,Client144324,Nyamagabe,2023-12-22,1660000,54506,97665,13,3,0,Normal
Loan3103478,Client193939,Kicukiro,2023-12-22,1890000,178370,228865,14,3,0,Normal
Loan3103516,Client82625,Kicukiro,2023-12-22,3500000,491324,209791,13,3,0,Normal
Loan3103530,Client184818,Ngororero,2023-12-22,3250000,372271,163938,13,2,0,Normal
Loan3103541,Client137476,Rutsiro,2023-12-22,1550000,1055470,138871,13,2,1,Written off
Loan3103552,Client134846,Nyanza,2023-12-22,2060000,240964,193591,14,2,0,Normal
Loan3103558,Client138472,Rutsiro,2023-12-22,2630000,97201,179845,13,2,0,Normal
Loan3103603,Client190869,Gasabo,2023-12-22,1280000,11733,228865,14,3,0,Normal
Loan3103620,Client172739,Ngororero,2023-12-22,1500000,41372,101559,13,3,0,Normal
Loan3103631,Client59615,Rutsiro,2023-12-22,1720000,174725,106679,13,3,0,Normal
Loan3103643,Client171679,Ngororero,2023-12-22,800000,251521,175793,13,2,0,Normal
Loan3103688,Client96193,Nyanza,2023-12-22,1990000,136988,89883,14,2,0,Normal
Loan3103695,Client176702,Gasabo,2023-12-22,285000,53649,189100,14,3,0,Normal
Loan3103702,Client132692,Rutsiro,2023-12-22,1630000,338293,96793,13,3,0,Normal
Loan3103723,Client108828,Rubavu,2023-12-22,3500000,337854,261183,13,2,0,Normal
Loan3103742,Client23274,Nyarugenge,2023-12-22,2400000,264770,252070,13,2,0,Normal
Loan3103744,Client123150,Nyanza,2023-12-22,1820000,80774,122392,13,3,0,Normal
Loan3103753,Client49616,Ngororero,2023-12-22,3500000,227703,244840,13,2,0,Normal
Loan3103773,Client175421,Rusizi,2023-12-22,2630000,451683,220290,13,3,0,Normal
Loan3103784,Client42916,Rubavu,2023-12-22,3500000,210152,271036,13,3,0,Normal
Loan3103799,Client18446,Ngororero,2023-12-22,2070000,148415,113239,13,2,0,Normal
Loan3103822,Client191021,Gasabo,2023-12-22,2870000,225638,196908,14,3,0,Normal
Loan3103828,Client31078,Rubavu,2023-12-22,1110000,162204,163976,13,3,0,Normal
Loan3103834,Client39584,Nyanza,2023-12-22,2950000,679246,214469,13,3,0,Normal
Loan3103882,Client175805,Nyanza,2023-12-22,1700000,50996,114513,13,3,0,Normal
Loan3103884,Client146869,Nyamagabe,2023-12-22,1690000,322260,99565,13,2,0,Normal
Loan3103897,Client63622,Rusizi,2023-12-22,3500000,213223,250805,13,3,0,Normal
Loan3103966,Client125976,Rubavu,2023-12-22,2380000,157311,493850,14,2,0,Normal
Loan3104002,Client10863,Rubavu,2023-12-22,2330000,170755,157568,13,2,0,Normal
Loan3104022,Client162012,Rutsiro,2023-12-22,2830000,61344,179845,13,3,0,Normal
Loan3104036,Client124072,Gasabo,2023-12-22,1640000,435947,101638,13,2,0,Normal
Loan3104047,Client106599,Nyamagabe,2023-12-22,3100000,457903,215352,13,2,0,Normal
Loan3104094,Client113217,Kicukiro,2023-12-22,3500000,761713,145299,14,2,1,Written off
Loan3104098,Client195020,Nyanza,2023-12-22,2820000,142556,228865,14,3,0,Normal
Loan3104149,Client131924,Nyanza,2023-12-22,1700000,62698,123814,13,2,0,Normal
Loan3104178,Client194549,Kicukiro,2023-12-22,1570000,100792,139000,14,3,0,Normal
Loan3104228,Client185608,Nyagatare,2023-12-22,1450000,380399,270795,13,3,0,Normal
Loan3104240,Client166393,Rusizi,2023-12-22,1645000,42658,102538,13,2,0,Normal
Loan3104242,Client175151,Nyagatare,2023-12-22,1590000,268732,113885,13,4,0,Normal
Loan3104244,Client56240,Rubavu,2023-12-22,3500000,946538,295308,13,2,0,Normal
Loan3104247,Client109870,Nyanza,2023-12-22,1900000,181632,129947,13,2,0,Normal
Loan3104256,Client179965,Gasabo,2023-12-22,1720000,25374,116525,13,3,0,Normal
Loan3104277,Client159068,Rutsiro,2023-12-22,1640000,54394,103084,13,2,0,Normal
Loan3104296,Client157457,Gasabo,2023-12-22,1700000,59743,107288,13,3,0,Normal
Loan3104299,Client181725,Rusizi,2023-12-22,1605000,38579,106913,13,2,0,Normal
Loan3104325,Client193729,Gasabo,2023-12-22,1670000,193250,228865,14,2,0,Normal
Loan3104344,Client157914,Nyagatare,2023-12-22,1700000,184792,98962,13,2,0,Normal
Loan3104349,Client180720,Gasabo,2023-12-22,1620000,39009,109763,13,2,0,Normal
Loan3104366,Client126964,Nyanza,2023-12-22,1450000,122636,95291,13,3,0,Normal
Loan3104374,Client175202,Nyagatare,2023-12-22,1590000,71901,105670,13,3,0,Normal
Loan3104382,Client188214,Kicukiro,2023-12-22,2340000,-35456,237580,14,2,0,Normal
Loan3104383,Client147059,Rubavu,2023-12-22,1720000,100175,101163,13,4,0,Normal
Loan3104386,Client12651,Nyagatare,2023-12-22,3500000,325485,300850,13,3,0,Normal
Loan3104411,Client121757,Gasabo,2023-12-22,2500000,231390,295903,14,3,0,Normal
Loan3104419,Client151193,Rubavu,2023-12-22,1660000,34110,120094,13,3,0,Normal
Loan3104431,Client149086,Nyarugenge,2023-12-22,1720000,322936,102113,13,2,0,Normal
Loan3104950,Client158663,Rubavu,2023-12-23,2830000,138892,244450,14,2,0,Normal
Loan3105121,Client10063,Nyamagabe,2023-12-23,3500000,192199,246530,13,3,0,Normal
Loan3106050,Client149100,Nyanza,2023-12-26,1700000,62010,107288,13,3,0,Normal
Loan3106456,Client15329,Rutsiro,2023-12-27,2100000,91087,143112,13,3,0,Normal
Loan3106547,Client185385,Nyagatare,2023-12-27,1640000,219427,108882,13,3,0,Normal
Loan3106549,Client190842,Rutsiro,2023-12-27,3500000,101498,290805,14,2,0,Normal
Loan3106551,Client183836,Nyamagabe,2023-12-27,1700000,232448,160276,13,3,0,Normal
Loan3106587,Client180207,Nyanza,2023-12-27,1700000,49318,107288,13,3,0,Normal
Loan3106653,Client117313,Rubavu,2023-12-27,1800000,76483,128506,13,3,0,Normal
Loan3106659,Client124764,Gasabo,2023-12-27,1800000,66661,122110,13,2,0,Normal
Loan3106680,Client65664,Rubavu,2023-12-27,3500000,386967,305428,13,2,0,Normal
Loan3106689,Client28462,Nyamagabe,2023-12-27,2630000,601196,147969,13,3,0,Normal
Loan3106698,Client141414,Nyagatare,2023-12-27,3500000,130421,218940,13,3,0,Normal
Loan3106759,Client6276,Gasabo,2023-12-27,1200000,146485,202267,14,2,0,Normal
Loan3106782,Client169123,Nyamagabe,2023-12-27,1700000,268743,116525,13,3,0,Normal
Loan3106819,Client153696,Gasabo,2023-12-27,3300000,668592,200364,13,3,0,Normal
Loan3106836,Client165810,Kicukiro,2023-12-27,1690000,32390,105866,13,3,0,Normal
Loan3106906,Client142681,Nyagatare,2023-12-27,1700000,60352,225777,13,3,0,Normal
Loan3106912,Client49347,Nyamagabe,2023-12-27,1800000,207974,129010,13,3,0,Normal
Loan3106948,Client170431,Nyagatare,2023-12-27,1690000,171657,114513,13,3,0,Normal
Loan3106951,Client128066,Kicukiro,2023-12-27,2500000,195519,184239,14,3,0,Normal
Loan3106957,Client101799,Nyagatare,2023-12-27,800000,776625,105248,13,3,0,Normal
Loan3106972,Client17437,Nyagatare,2023-12-27,3500000,786353,226317,13,2,0,Normal
Loan3106974,Client102162,Rutsiro,2023-12-27,1900000,94148,129456,13,2,0,Normal
Loan3106991,Client171221,Nyagatare,2023-12-27,1700000,117877,113885,13,3,0,Normal
Loan3106999,Client139083,Nyanza,2023-12-27,3290000,126598,239410,13,3,0,Normal
Loan3107003,Client104379,Nyanza,2023-12-27,2195000,1339158,206770,14,3,0,Normal
Loan3107007,Client121686,Nyanza,2023-12-27,1830000,56381,121523,13,2,0,Normal
Loan3107010,Client143571,Nyamagabe,2023-12-27,1500000,324434,100515,13,3,0,Normal
Loan3107020,Client182658,Nyanza,2023-12-27,3290000,290717,210865,13,3,0,Normal
Loan3107030,Client75704,Gasabo,2023-12-27,3130000,135787,221281,14,2,0,Normal
Loan3107038,Client190659,Rubavu,2023-12-27,2450000,325632,167495,14,3,0,Normal
Loan3107044,Client184613,Ngororero,2023-12-27,1700000,42362,106334,13,3,0,Normal
Loan3107069,Client130999,Nyanza,2023-12-27,1700000,404080,116257,13,3,0,Normal
Loan3107130,Client139002,Gasabo,2023-12-27,1640000,83058,96793,13,3,0,Normal
Loan3107137,Client82582,Ngororero,2023-12-27,2900000,86577,179712,13,2,0,Normal
Loan3107144,Client158263,Ngororero,2023-12-27,1600000,141273,97795,13,3,0,Normal
Loan3107157,Client194347,Gasabo,2023-12-27,1200000,26426,106991,14,3,0,Normal
Loan3107159,Client157947,Ngororero,2023-12-27,700000,31157,121389,13,2,0,Normal
Loan3107199,Client123147,Gasabo,2023-12-27,3500000,208816,314538,14,3,0,Normal
Loan3107208,Client29242,Nyanza,2023-12-27,2180000,123739,147734,13,2,0,Normal
Loan3107228,Client68517,Gasabo,2023-12-27,1570000,39428,96793,13,2,0,Normal
Loan3107242,Client187719,Nyagatare,2023-12-27,1500000,258671,175915,13,3,0,Normal
Loan3107263,Client117029,Nyagatare,2023-12-27,1760000,239954,124231,13,3,0,Normal
Loan3107280,Client157252,Nyagatare,2023-12-27,1500000,27720,98962,13,3,0,Normal
Loan3107318,Client188749,Gasabo,2023-12-27,760000,43666,56100,14,3,0,Normal
Loan3107406,Client101394,Rusizi,2023-12-27,3500000,299464,240602,13,3,0,Normal
Loan3107522,Client5922,Rusizi,2023-12-28,3500000,1253672,261366,13,2,0,Normal
Loan3107589,Client54701,Nyamagabe,2023-12-28,3500000,634418,265121,13,3,0,Normal
Loan3107614,Client129382,Kicukiro,2023-12-28,1600000,140530,114513,13,3,0,Normal
Loan3107652,Client18251,Nyamagabe,2023-12-28,1850000,299590,144153,13,3,0,Normal
Loan3107680,Client183092,Rutsiro,2023-12-28,1690000,28056,107291,13,3,0,Normal
Loan3107732,Client149759,Nyanza,2023-12-28,1000000,63145,92441,13,3,0,Normal
Loan3107767,Client20121,Rubavu,2023-12-28,2290000,146588,161096,13,2,0,Normal
Loan3107768,Client128100,Nyamagabe,2023-12-28,500000,42583,97147,13,3,0,Normal
Loan3107805,Client11225,Rutsiro,2023-12-28,2280000,180879,152464,13,3,0,Normal
Loan3107818,Client129660,Gasabo,2023-12-28,3450000,640353,228865,14,3,0,Normal
Loan3107822,Client143672,Nyamagabe,2023-12-28,1630000,62608,113519,13,3,0,Normal
Loan3107823,Client180846,Kicukiro,2023-12-28,1500000,59667,114513,13,3,0,Normal
Loan3107854,Client18932,Rusizi,2023-12-28,2100000,431358,109035,13,2,0,Normal
Loan3107895,Client185665,Nyagatare,2023-12-28,1570000,49569,105013,13,3,0,Normal
Loan3107910,Client109571,Nyamagabe,2023-12-28,3210000,215164,237035,13,3,0,Normal
Loan3107931,Client18306,Nyagatare,2023-12-28,3460000,295997,233280,13,3,0,Normal
Loan3107968,Client179232,Kicukiro,2023-12-28,1690000,35599,105863,13,2,0,Normal
Loan3107970,Client82684,Gasabo,2023-12-28,2000000,172353,137030,13,2,0,Normal
Loan3107979,Client8711,Nyagatare,2023-12-28,2000000,113489,149050,13,2,0,Normal
Loan3107994,Client150525,Rusizi,2023-12-28,1500000,312715,116214,13,3,0,Normal
Loan3108018,Client146936,Rubavu,2023-12-28,1500000,39794,98334,13,3,0,Normal
Loan3108032,Client8822,Rubavu,2023-12-28,3000000,217287,378400,14,2,0,Normal
Loan3108126,Client185625,Nyagatare,2023-12-28,1570000,231297,105013,13,3,0,Normal
Loan3108188,Client141230,Nyamagabe,2023-12-28,2940000,97298,189888,13,3,0,Normal
Loan3108203,Client22621,Nyagatare,2023-12-28,2100000,139185,138683,13,2,0,Normal
Loan3108229,Client172768,Gasabo,2023-12-28,3290000,110244,208884,13,3,0,Normal
Loan3108231,Client21776,Nyamagabe,2023-12-28,2100000,451895,117420,13,3,0,Normal
Loan3108239,Client191807,Rusizi,2023-12-28,3500000,116549,249265,13,2,0,Normal
Loan3108251,Client158241,Ngororero,2023-12-28,1600000,112472,113332,13,2,0,Normal
Loan3108336,Client64696,Rusizi,2023-12-28,3500000,198156,263306,13,3,0,Normal
Loan3108342,Client25229,Nyagatare,2023-12-28,2030000,234270,137030,13,2,0,Normal
Loan3108345,Client48184,Nyagatare,2023-12-28,1800000,113047,126989,13,2,0,Normal
Loan3108356,Client150920,Rusizi,2023-12-28,1720000,120607,199974,13,3,0,Normal
Loan3108360,Client30493,Nyanza,2023-12-28,3500000,452951,107291,13,3,0,Normal
Loan3108365,Client151154,Rusizi,2023-12-28,1720000,31722,123421,13,2,0,Normal
Loan3108379,Client125586,Nyagatare,2023-12-28,1720000,118269,123421,13,3,0,Normal
Loan3108388,Client94139,Nyanza,2023-12-28,1640000,117917,117167,13,3,0,Normal
Loan3108391,Client25470,Rusizi,2023-12-28,1830000,188606,120183,13,3,0,Normal
Loan3108416,Client135047,Gasabo,2023-12-28,1600000,290739,133521,14,3,0,Normal
Loan3108423,Client13908,Rusizi,2023-12-28,3395000,270612,132249,13,3,0,Normal
Loan3108439,Client81190,Rusizi,2023-12-28,1855000,45360,112689,13,2,0,Normal
Loan3108468,Client129757,Rusizi,2023-12-28,1720000,78331,122389,13,2,0,Normal
Loan3108705,Client105353,Nyanza,2023-12-29,3320000,129623,224382,13,3,0,Normal
Loan3108707,Client28047,Nyamagabe,2023-12-29,1700000,242821,228865,14,1,0,Normal
Loan3108736,Client133540,Nyamagabe,2023-12-29,2600000,73082,155772,13,3,0,Normal
Loan3108748,Client156206,Gasabo,2023-12-29,1720000,323629,107288,13,2,0,Normal
Loan3108770,Client168384,Rutsiro,2023-12-29,1570000,48325,103084,13,3,0,Normal
Loan3108775,Client167542,Rubavu,2023-12-29,1650000,111293,109875,13,3,0,Normal
Loan3108821,Client81324,Nyarugenge,2023-12-29,2000000,271662,254712,13,2,0,Normal
Loan3108826,Client108576,Rubavu,2023-12-29,1900000,53583,128452,13,3,0,Normal
Loan3108859,Client171375,Nyamagabe,2023-12-29,3500000,102231,250645,13,3,0,Normal
Loan3108874,Client76693,Nyanza,2023-12-29,1920000,133354,128005,13,3,0,Normal
Loan3108876,Client128087,Ngororero,2023-12-29,1550000,63816,96484,13,3,0,Normal
Loan3108877,Client81959,Nyarugenge,2023-12-29,3499000,539786,257940,13,2,0,Normal
Loan3108889,Client123374,Gasabo,2023-12-29,3500000,584489,244406,14,2,0,Normal
Loan3108900,Client76290,Ngororero,2023-12-29,3500000,347357,303191,13,3,0,Normal
Loan3108901,Client179154,Kicukiro,2023-12-29,1690000,250371,113164,13,2,0,Normal
Loan3108938,Client151918,Nyamagabe,2023-12-29,1500000,51499,100645,13,2,0,Normal
Loan3108952,Client69005,Nyamagabe,2023-12-29,1990000,101613,127585,13,2,0,Normal
Loan3108964,Client40490,Ngororero,2023-12-29,1950000,351657,117514,13,2,0,Normal
Loan3108990,Client40308,Ngororero,2023-12-29,1900000,160797,100575,13,2,0,Normal
Loan3109017,Client130234,Nyagatare,2023-12-29,1670000,39405,119039,13,3,0,Normal
Loan3109027,Client61500,Ngororero,2023-12-29,1900000,80897,130855,13,3,0,Normal
Loan3109037,Client37038,Gasabo,2023-12-29,2200000,68952,150328,13,2,0,Normal
Loan3109064,Client166619,Gasabo,2023-12-29,1250000,155128,198348,14,2,0,Normal
Loan3109072,Client125655,Nyagatare,2023-12-29,2950000,119922,175915,13,2,0,Normal
Loan3109112,Client72642,Nyagatare,2023-12-29,3000000,617127,200391,13,2,0,Normal
Loan3109130,Client78629,Nyagatare,2023-12-29,3500000,210324,241942,13,3,0,Normal
Loan3109176,Client64074,Rusizi,2023-12-29,2760000,114560,248905,13,3,0,Normal
Loan3109213,Client100706,Nyamagabe,2023-12-29,980000,166654,67231,13,2,0,Normal
Loan3109217,Client52520,Rubavu,2023-12-29,1900000,363450,112993,13,2,0,Normal
Loan3109225,Client68856,Nyamagabe,2023-12-29,3285000,686003,221463,13,3,0,Normal
Loan3109241,Client183800,Nyamagabe,2023-12-29,3000000,46327,219356,13,3,0,Normal
Loan3109254,Client108481,Nyagatare,2023-12-29,1720000,82556,122389,13,2,0,Normal
Loan3109263,Client59454,Nyamagabe,2023-12-29,3500000,366962,250058,13,2,0,Normal
Loan3109281,Client23867,Ngororero,2023-12-29,3500000,272037,247694,14,3,0,Normal
Loan3109285,Client161360,Nyamagabe,2023-12-29,1630000,146921,106409,13,2,0,Normal
Loan3109286,Client22902,Gasabo,2023-12-29,3500000,309027,237692,13,2,0,Normal
Loan3109320,Client40465,Ngororero,2023-12-29,3500000,2035285,248810,13,2,0,Normal
Loan3109347,Client41318,Nyanza,2023-12-29,2000000,553633,317039,13,2,0,Normal
Loan3109420,Client52312,Nyamagabe,2023-12-29,2000000,133229,135605,13,3,0,Normal
Loan3109427,Client172582,Nyagatare,2023-12-29,1690000,49532,113885,13,2,0,Normal
Loan3109442,Client58075,Nyarugenge,2023-12-29,2800000,115543,180700,13,2,0,Normal
Loan3109495,Client18299,Nyarugenge,2023-12-29,1600000,29891,203371,13,2,0,Normal
Loan3109553,Client10027,Nyarugenge,2023-12-29,2250000,103041,151762,13,2,0,Normal
Loan3109848,Client155488,Nyagatare,2023-12-30,1600000,56920,109763,13,3,0,Normal
Loan3109863,Client185238,Nyagatare,2023-12-30,1440000,206771,105013,13,3,0,Normal
